-- 1. PoblarOK: Insertar datos validos


--Equipos
INSERT INTO Equipos VALUES ('Millonarios', 'Azul', 'Bogota', 1, 1, 500000, 'Ganar la liga'); 
INSERT INTO Equipos VALUES ('Atletico Nacional', 'Verde', 'Medellin', 20, 1, 500000, 'Reconstruir el equipo y evitar el descenso'); 
INSERT INTO Equipos VALUES ('Deportivo Cali', 'Verde', 'Cali', 4, 1, 4500000, 'Clasificar a torneos internacionales'); 
INSERT INTO Equipos VALUES ('America de Cali', 'Rojo', 'Cali', 2, 1, 4300000, 'Pelear por el campeonato'); 
INSERT INTO Equipos VALUES ('Junior', 'Rojo y Blanco', 'Barranquilla', 5, 1, 4200000, 'Clasificar a los 8 primeros'); 
INSERT INTO Equipos VALUES ('Santa Fe', 'Rojo', 'Bogota', 6, 1, 4100000, 'Mantenerse en zona de clasificación'); 
INSERT INTO Equipos VALUES ('Once Caldas', 'Blanco', 'Manizales', 7, 1, 4000000, 'Volver a ser protagonista'); 
INSERT INTO Equipos VALUES ('Ind Medellin', 'Rojo y Azul', 'Medellin', 8, 1, 3900000, 'Clasificar a los cuadrangulares'); 
INSERT INTO Equipos VALUES ('Tolima', 'Vinotinto y Oro', 'Ibague', 9, 1, 3800000, 'Consolidar un equipo competitivo'); 
INSERT INTO Equipos VALUES ('La Equidad', 'Verde', 'Bogota', 10, 1, 3700000, 'Asegurar la permanencia y soñar con clasificar'); 
INSERT INTO Equipos VALUES ('Pereira', 'Amarillo y Rojo', 'Pereira', 11, 1, 3600000, 'Superar la fase regular'); 
INSERT INTO Equipos VALUES ('Bucaramanga', 'Amarillo', 'Bucaramanga', 12, 1, 3500000, 'Mantener una campaña estable'); 
INSERT INTO Equipos VALUES('Pasto', 'Rojo y Azul', 'Pasto', 13, 1, 3400000, 'No descender'); 
INSERT INTO Equipos VALUES('Envigado', 'Naranja', 'Envigado', 14, 1, 3300000, 'Promover talentos jóvenes'); 
INSERT INTO Equipos VALUES('Union magdalena', 'Azul y Rojo', 'Santa Marta', 15, 1, 3200000, 'Luchar por la permanencia'); 
INSERT INTO Equipos VALUES('Chico', 'Azul y Blanco', 'Tunja', 16, 1, 3100000, 'Evitar el descenso directo'); 
INSERT INTO Equipos VALUES('Alianza FC', 'Celeste y Blanco', 'Valledupar', 17, 1, 3000000, 'Ajustarse a la categoría y competir'); 
INSERT INTO Equipos VALUES('Fortaleza', 'Azul', 'Bogota', 18, 1, 2900000, 'Dar la sorpresa y clasificar'); 
INSERT INTO Equipos VALUES('Llaneros', 'Negro y Blanco', 'Villavicencio', 19, 1, 2800000, 'Formar una base sólida'); 
INSERT INTO Equipos VALUES('Aguilas Doradas', 'Dorado y Negro', 'Rio Negro', 3, 1, 2700000, 'Ser revelación del campeonato'); 

COMMIT;



--Hinchas
INSERT INTO Hinchas VALUES (1000000001, 'Carlos Rodríguez', 0, 'Millonarios');
INSERT INTO Hinchas VALUES (1000000002, 'Laura Gómez', 1, 'Atletico Nacional');
INSERT INTO Hinchas VALUES (1000000003, 'Andrés Martínez', 0, 'Deportivo Cali');
INSERT INTO Hinchas VALUES (1000000004, 'Sofía Ramírez', 1, 'America de Cali');
INSERT INTO Hinchas VALUES (1000000005, 'Juan Torres', 0, 'Junior');
INSERT INTO Hinchas VALUES (1000000006, 'Ana Morales', 1, 'Santa Fe');
INSERT INTO Hinchas VALUES (1000000007, 'David Herrera', 0, 'Once Caldas');
INSERT INTO Hinchas VALUES (1000000008, 'Camila Vargas', 1, 'Ind Medellin');
INSERT INTO Hinchas VALUES (1000000009, 'Jorge Díaz', 0, 'Tolima');
INSERT INTO Hinchas VALUES (1000000010, 'Mariana Lozano', 1, 'La Equidad');
INSERT INTO Hinchas VALUES (1000000011, 'Felipe Rojas', 0, 'Pereira');
INSERT INTO Hinchas VALUES (1000000012, 'Valentina Ruiz', 1, 'Bucaramanga');
INSERT INTO Hinchas VALUES (1000000013, 'Esteban Silva', 0, 'Pasto');
INSERT INTO Hinchas VALUES (1000000014, 'Lucía Castro', 1, 'Envigado');
INSERT INTO Hinchas VALUES (1000000015, 'Samuel Peña', 0, 'Union magdalena');
INSERT INTO Hinchas VALUES (1000000016, 'Isabella Cárdenas', 1, 'Chico');
INSERT INTO Hinchas VALUES (1000000017, 'Tomás Salazar', 0, 'Alianza FC');
INSERT INTO Hinchas VALUES (1000000018, 'Daniela Muñoz', 1, 'Fortaleza');
INSERT INTO Hinchas VALUES (1000000019, 'Martín González', 0, 'Llaneros');
INSERT INTO Hinchas VALUES (1000000020, 'Gabriela Pineda', 1, 'Aguilas Doradas');
INSERT INTO Hinchas VALUES (1000000021, 'Juan Pablo Vélez', 0, 'Millonarios');
INSERT INTO Hinchas VALUES (1000000022, 'Natalia Pardo', 1, 'Atletico Nacional');
INSERT INTO Hinchas VALUES (1000000023, 'Mario Castaño', 0, 'Deportivo Cali');
INSERT INTO Hinchas VALUES (1000000024, 'Paula Mendoza', 1, 'America de Cali');
INSERT INTO Hinchas VALUES (1000000025, 'Brayan Gutiérrez', 0, 'Junior');
INSERT INTO Hinchas VALUES (1000000026, 'Karen Ospina', 1, 'Santa Fe');
INSERT INTO Hinchas VALUES (1000000027, 'Kevin Montoya', 0, 'Once Caldas');
INSERT INTO Hinchas VALUES (1000000028, 'Melissa Ayala', 1, 'Ind Medellin');
INSERT INTO Hinchas VALUES (1000000029, 'Luis Cuellar', 0, 'Tolima');
INSERT INTO Hinchas VALUES (1000000030, 'Laura Niño', 1, 'La Equidad');
INSERT INTO Hinchas VALUES (1000000031, 'David Patiño', 0, 'Pereira');
INSERT INTO Hinchas VALUES (1000000032, 'Juliana Díaz', 1, 'Bucaramanga');
INSERT INTO Hinchas VALUES (1000000033, 'Mateo Ortiz', 0, 'Pasto');
INSERT INTO Hinchas VALUES (1000000034, 'Diana García', 1, 'Envigado');
INSERT INTO Hinchas VALUES (1000000035, 'Nicolás Becerra', 0, 'Union magdalena');
INSERT INTO Hinchas VALUES (1000000036, 'Andrea Luna', 1, 'Chico');
INSERT INTO Hinchas VALUES (1000000037, 'Sebastián Pulido', 0, 'Alianza FC');
INSERT INTO Hinchas VALUES (1000000038, 'Camila Rincón', 1, 'Fortaleza');
INSERT INTO Hinchas VALUES (1000000039, 'Carlos Ramírez', 0, 'Llaneros');
INSERT INTO Hinchas VALUES (1000000040, 'Vanessa Quintero', 1, 'Aguilas Doradas');
INSERT INTO Hinchas VALUES (1000000041, 'Santiago Bravo', 0, 'Millonarios');
INSERT INTO Hinchas VALUES (1000000042, 'Adriana Méndez', 1, 'Atletico Nacional');
INSERT INTO Hinchas VALUES (1000000043, 'Iván Salas', 0, 'Deportivo Cali');
INSERT INTO Hinchas VALUES (1000000044, 'Sara Mejía', 1, 'America de Cali');
INSERT INTO Hinchas VALUES (1000000045, 'Pablo Londoño', 0, 'Junior');
INSERT INTO Hinchas VALUES (1000000046, 'Ángela Gil', 1, 'Santa Fe');
INSERT INTO Hinchas VALUES (1000000047, 'Simón Ríos', 0, 'Once Caldas');
INSERT INTO Hinchas VALUES (1000000048, 'Tatiana Beltrán', 1, 'Ind Medellin');
INSERT INTO Hinchas VALUES (1000000049, 'Oscar Fuentes', 0, 'Tolima');
INSERT INTO Hinchas VALUES (1000000050, 'Elena Peralta', 1, 'La Equidad');
INSERT INTO Hinchas VALUES (1000000051, 'Manuel Duarte', 0, 'Pereira');
INSERT INTO Hinchas VALUES (1000000052, 'María Fernanda Suárez', 1, 'Bucaramanga');
INSERT INTO Hinchas VALUES (1000000053, 'Cristian León', 0, 'Pasto');
INSERT INTO Hinchas VALUES (1000000054, 'Yuliana Beltrán', 1, 'Envigado');
INSERT INTO Hinchas VALUES (1000000055, 'Julián Bernal', 0, 'Union magdalena');
INSERT INTO Hinchas VALUES (1000000056, 'Yesica Figueroa', 1, 'Chico');
INSERT INTO Hinchas VALUES (1000000057, 'Camilo Guevara', 0, 'Alianza FC');
INSERT INTO Hinchas VALUES (1000000058, 'Liliana Ríos', 1, 'Fortaleza');
INSERT INTO Hinchas VALUES (1000000059, 'Emilio Bonilla', 0, 'Llaneros');
INSERT INTO Hinchas VALUES (1000000060, 'Rosa Calderón', 1, 'Aguilas Doradas');
INSERT INTO Hinchas VALUES (1000000061, 'Alexis Martínez', 0, 'Millonarios');
INSERT INTO Hinchas VALUES (1000000062, 'Cecilia Vélez', 1, 'Atletico Nacional');
INSERT INTO Hinchas VALUES (1000000063, 'Edgar Cortés', 0, 'Deportivo Cali');
INSERT INTO Hinchas VALUES (1000000064, 'Teresa Guzmán', 1, 'America de Cali');
INSERT INTO Hinchas VALUES (1000000065, 'Jonathan Pérez', 0, 'Junior');
INSERT INTO Hinchas VALUES (1000000066, 'Verónica Hoyos', 1, 'Santa Fe');
INSERT INTO Hinchas VALUES (1000000067, 'Alexander Ramírez', 0, 'Once Caldas');
INSERT INTO Hinchas VALUES (1000000068, 'Mónica Delgado', 1, 'Ind Medellin');
INSERT INTO Hinchas VALUES (1000000069, 'Fabián Castañeda', 0, 'Tolima');
INSERT INTO Hinchas VALUES (1000000070, 'Angélica Camargo', 1, 'La Equidad');
INSERT INTO Hinchas VALUES (1000000071, 'Raúl Romero', 0, 'Pereira');
INSERT INTO Hinchas VALUES (1000000072, 'Lorena Murcia', 1, 'Bucaramanga');
INSERT INTO Hinchas VALUES (1000000073, 'Benjamín Cruz', 0, 'Pasto');
INSERT INTO Hinchas VALUES (1000000074, 'Catalina Esquivel', 1, 'Envigado');
INSERT INTO Hinchas VALUES (1000000075, 'Axel Lozano', 0, 'Union magdalena');
INSERT INTO Hinchas VALUES (1000000076, 'Nuria Salcedo', 1, 'Chico');
INSERT INTO Hinchas VALUES (1000000077, 'Marco Pineda', 0, 'Alianza FC');
INSERT INTO Hinchas VALUES (1000000078, 'Ingrid Caicedo', 1, 'Fortaleza');
INSERT INTO Hinchas VALUES (1000000079, 'Darío Bustos', 0, 'Llaneros');
INSERT INTO Hinchas VALUES (1000000080, 'Daniela Méndez', 1, 'Aguilas Doradas');
INSERT INTO Hinchas VALUES (1000000081, 'Lucas Méndez', 0, 'Millonarios');
INSERT INTO Hinchas VALUES (1000000082, 'Karen Villalba', 1, 'Atletico Nacional');
INSERT INTO Hinchas VALUES (1000000083, 'René Lozano', 0, 'Deportivo Cali');
INSERT INTO Hinchas VALUES (1000000084, 'Tania Herrera', 1, 'America de Cali');
INSERT INTO Hinchas VALUES (1000000085, 'Esteban Romero', 0, 'Junior');
INSERT INTO Hinchas VALUES (1000000086, 'Viviana Calderón', 1, 'Santa Fe');
INSERT INTO Hinchas VALUES (1000000087, 'Ernesto Jaramillo', 0, 'Once Caldas');
INSERT INTO Hinchas VALUES (1000000088, 'Patricia Ocampo', 1, 'Ind Medellin');
INSERT INTO Hinchas VALUES (1000000089, 'Mauricio Suárez', 0, 'Tolima');
INSERT INTO Hinchas VALUES (1000000090, 'Florencia Páez', 1, 'La Equidad');
INSERT INTO Hinchas VALUES (1000000091, 'Diego Tovar', 0, 'Pereira');
INSERT INTO Hinchas VALUES (1000000092, 'Silvia Nieto', 1, 'Bucaramanga');
INSERT INTO Hinchas VALUES (1000000093, 'Jhonatan Acosta', 0, 'Pasto');
INSERT INTO Hinchas VALUES (1000000094, 'Alejandra León', 1, 'Envigado');
INSERT INTO Hinchas VALUES (1000000095, 'Jairo Barragán', 0, 'Union magdalena');
INSERT INTO Hinchas VALUES (1000000096, 'Vanessa Moreno', 1, 'Chico');
INSERT INTO Hinchas VALUES (1000000097, 'Andrés Naranjo', 0, 'Alianza FC');
INSERT INTO Hinchas VALUES (1000000098, 'Luisa Salazar', 1, 'Fortaleza');
INSERT INTO Hinchas VALUES (1000000099, 'Sebastián Quintero', 0, 'Llaneros');
INSERT INTO Hinchas VALUES (1000000100, 'Marina Gaitán', 1, 'Aguilas Doradas');

COMMIT;

--Partidos
INSERT INTO Partidos VALUES (1, TIMESTAMP '2025-07-03 20:00:00', 'Santa Marta');
INSERT INTO Partidos VALUES (2, TIMESTAMP '2025-07-05 18:30:00', 'Cali');
INSERT INTO Partidos VALUES (3, TIMESTAMP '2025-07-07 20:30:00', 'Pasto');
INSERT INTO Partidos VALUES (4, TIMESTAMP '2025-07-09 20:30:00', 'Barranquilla');
INSERT INTO Partidos VALUES (5, TIMESTAMP '2025-07-11 18:30:00', 'Ibague');
INSERT INTO Partidos VALUES (6, TIMESTAMP '2025-07-13 18:30:00', 'Cali');
INSERT INTO Partidos VALUES (7, TIMESTAMP '2025-07-15 16:00:00', 'Ibague');
INSERT INTO Partidos VALUES (8, TIMESTAMP '2025-07-17 20:00:00', 'Bucaramanga');
INSERT INTO Partidos VALUES (9, TIMESTAMP '2025-07-19 15:30:00', 'Manizales');
INSERT INTO Partidos VALUES (10, TIMESTAMP '2025-07-21 18:30:00', 'Medellin');
INSERT INTO Partidos VALUES (11, TIMESTAMP '2025-07-23 18:30:00', 'Medellin');
INSERT INTO Partidos VALUES (12, TIMESTAMP '2025-07-25 17:00:00', 'Cali');
INSERT INTO Partidos VALUES (13, TIMESTAMP '2025-07-27 19:00:00', 'Bogota');
INSERT INTO Partidos VALUES (14, TIMESTAMP '2025-07-29 16:00:00', 'Bogota');
INSERT INTO Partidos VALUES (15, TIMESTAMP '2025-07-31 16:00:00', 'Ibague');
INSERT INTO Partidos VALUES (16, TIMESTAMP '2025-08-02 20:30:00', 'Barranquilla');
INSERT INTO Partidos VALUES (17, TIMESTAMP '2025-08-04 17:00:00', 'Manizales');
INSERT INTO Partidos VALUES (18, TIMESTAMP '2025-08-06 16:00:00', 'Medellin');
INSERT INTO Partidos VALUES (19, TIMESTAMP '2025-08-08 15:30:00', 'Pasto');
INSERT INTO Partidos VALUES (20, TIMESTAMP '2025-08-10 20:30:00', 'Bogota');
INSERT INTO Partidos VALUES (21, TIMESTAMP '2025-08-12 18:00:00', 'Cali');
INSERT INTO Partidos VALUES (22, TIMESTAMP '2025-08-14 20:00:00', 'Bucaramanga');
INSERT INTO Partidos VALUES (23, TIMESTAMP '2025-08-16 16:30:00', 'Bogota');
INSERT INTO Partidos VALUES (24, TIMESTAMP '2025-08-18 19:00:00', 'Santa Marta');
INSERT INTO Partidos VALUES (25, TIMESTAMP '2025-08-20 18:30:00', 'Pasto');
INSERT INTO Partidos VALUES (26, TIMESTAMP '2025-08-22 17:00:00', 'Manizales');
INSERT INTO Partidos VALUES (27, TIMESTAMP '2025-08-24 20:30:00', 'Medellin');
INSERT INTO Partidos VALUES (28, TIMESTAMP '2025-08-26 16:00:00', 'Ibague');
INSERT INTO Partidos VALUES (29, TIMESTAMP '2025-08-28 19:30:00', 'Barranquilla');
INSERT INTO Partidos VALUES (30, TIMESTAMP '2025-08-30 18:00:00', 'Bogota');

COMMIT;


--Estadios 
INSERT INTO Estadios VALUES ('Nemesio Camacho El Campín', 36000, 'Millonarios');
INSERT INTO Estadios VALUES ('Atanasio Girardot', 40000, 'Atletico Nacional');
INSERT INTO Estadios VALUES ('Palmaseca', 40000, 'Deportivo Cali');
INSERT INTO Estadios VALUES ('Pascual Guerrero', 35000, 'America de Cali');
INSERT INTO Estadios VALUES ('Estadio Metropolitano Roberto Meléndez', 46000, 'Junior');
INSERT INTO Estadios VALUES ('Nemesio Camacho El Campín 2', 36000, 'Santa Fe');
INSERT INTO Estadios VALUES ('Palogrande', 28000, 'Once Caldas');
INSERT INTO Estadios VALUES ('Atanasio Girardot 2', 30000, 'Ind Medellin');
INSERT INTO Estadios VALUES ('Manuel Murillo Toro', 28000, 'Tolima');
INSERT INTO Estadios VALUES ('Metropolitano Techo', 12000, 'La Equidad');
INSERT INTO Estadios VALUES ('Hernán Ramírez Villegas', 30000, 'Pereira');
INSERT INTO Estadios VALUES ('Alfonso López', 25000, 'Bucaramanga');
INSERT INTO Estadios VALUES ('La Libertad', 20000, 'Pasto');
INSERT INTO Estadios VALUES ('Parque Estadio Envigado', 15000, 'Envigado');
INSERT INTO Estadios VALUES ('Sierra Nevada', 16000, 'Union magdalena');
INSERT INTO Estadios VALUES ('La Independencia', 20000, 'Chico');
INSERT INTO Estadios VALUES ('Armando Maestre', 15000, 'Alianza FC');
INSERT INTO Estadios VALUES ('Metropolitano Techo 2', 10000, 'Fortaleza');
INSERT INTO Estadios VALUES ('Estadio Bello Horizonte - Rey Pelé ', 20000, 'Llaneros');
INSERT INTO Estadios VALUES ('Alberto Grisales', 14000, 'Aguilas Doradas');

COMMIT;

--TieneResultadosDe
INSERT INTO TieneResultadosDe VALUES ('Junior', 15, 2, 2, 1);
INSERT INTO TieneResultadosDe VALUES ('Pereira', 6, 3, 1, 3);
INSERT INTO TieneResultadosDe VALUES ('La Equidad', 14, 0, 3, 0);
INSERT INTO TieneResultadosDe VALUES ('Santa Fe', 11, 1, 2, 0);
INSERT INTO TieneResultadosDe VALUES ('Once Caldas', 1, 4, 2, 3);
INSERT INTO TieneResultadosDe VALUES ('America de Cali', 9, 2, 2, 1);
INSERT INTO TieneResultadosDe VALUES ('Fortaleza', 3, 0, 2, 0);
INSERT INTO TieneResultadosDe VALUES ('Union magdalena', 12, 1, 0, 3);
INSERT INTO TieneResultadosDe VALUES ('Bucaramanga', 10, 1, 1, 1);
INSERT INTO TieneResultadosDe VALUES ('Aguilas Doradas', 4, 5, 1, 3);
INSERT INTO TieneResultadosDe VALUES ('Deportivo Cali', 13, 0, 2, 0);
INSERT INTO TieneResultadosDe VALUES ('Tolima', 8, 3, 0, 3);
INSERT INTO TieneResultadosDe VALUES ('Chico', 16, 2, 2, 1);
INSERT INTO TieneResultadosDe VALUES ('Alianza FC', 7, 1, 1, 1);
INSERT INTO TieneResultadosDe VALUES ('Millonarios', 18, 4, 1, 3);
INSERT INTO TieneResultadosDe VALUES ('Envigado', 17, 0, 0, 1);
INSERT INTO TieneResultadosDe VALUES ('Pasto', 19, 2, 3, 0);
INSERT INTO TieneResultadosDe VALUES ('Llaneros', 5, 2, 1, 3);
INSERT INTO TieneResultadosDe VALUES ('Ind Medellin', 20, 3, 3, 1);
INSERT INTO TieneResultadosDe VALUES ('Atletico Nacional', 2, 1, 0, 3);

COMMIT;

--SELECT * FROM Equipos ORDER BY Posicion ASC;

--Jugadores
INSERT INTO Jugadores VALUES (2000000000, 'Marcos Torres', 'DEL', 1, 632646, 'Millonarios');
INSERT INTO Jugadores VALUES (2000000002, 'Carlos Jiménez', 'DEF', 0, 3190730, 'Millonarios');
INSERT INTO Jugadores VALUES (2000000003, 'Carlos Medina', 'DEF', 1, 2370652, 'Millonarios');
INSERT INTO Jugadores VALUES (2000000004, 'José Castro', 'MED', 0, 3956630, 'Millonarios');
INSERT INTO Jugadores VALUES (2000000005, 'Carlos Martínez', 'DEL', 0, 202586, 'Millonarios');
INSERT INTO Jugadores VALUES (2000000006, 'Carlos Sánchez', 'MED', 1, 1344531, 'Millonarios');
INSERT INTO Jugadores VALUES (2000000007, 'Eduardo Torres', 'DEL', 1, 4242602, 'Millonarios');
INSERT INTO Jugadores VALUES (2000000008, 'Manuel Ramírez', 'DEL', 1, 2423895, 'Millonarios');
INSERT INTO Jugadores VALUES (2000000009, 'Eduardo Torres', 'DEF', 1, 904271, 'Millonarios');
INSERT INTO Jugadores VALUES (2000000010, 'Alejandro Rodríguez', 'POR', 0, 2899524, 'Millonarios');
INSERT INTO Jugadores VALUES (2000000011, 'José López', 'DEL', 1, 1925063, 'Millonarios');
INSERT INTO Jugadores VALUES (2000000012, 'Gabriel Castro', 'POR', 0, 672751, 'Millonarios');
INSERT INTO Jugadores VALUES (2000000013, 'Jorge Rivera', 'POR', 0, 4498191, 'Millonarios');
INSERT INTO Jugadores VALUES (2000000014, 'Eduardo Torres', 'POR', 0, 3071688, 'Millonarios');
INSERT INTO Jugadores VALUES (2000000015, 'Diego Torres', 'DEF', 0, 1285502, 'Millonarios');
INSERT INTO Jugadores VALUES (2000000016, 'Gabriel González', 'MED', 1, 3800306, 'Millonarios');
INSERT INTO Jugadores VALUES (2000000017, 'Roberto Rojas', 'MED', 0, 758861, 'Millonarios');
INSERT INTO Jugadores VALUES (2000000018, 'Daniel Rodríguez', 'DEF', 1, 2584351, 'Millonarios');
INSERT INTO Jugadores VALUES (2000000019, 'Fernando Torres', 'POR', 1, 905616, 'Millonarios');
INSERT INTO Jugadores VALUES (2000000020, 'Francisco Morales', 'DEL', 1, 4839033, 'Atletico Nacional');
INSERT INTO Jugadores VALUES (2000000021, 'Fernando Castro', 'DEL', 0, 2505121, 'Atletico Nacional');
INSERT INTO Jugadores VALUES (2000000022, 'Eduardo Rodríguez', 'MED', 1, 790650, 'Atletico Nacional');
INSERT INTO Jugadores VALUES (2000000023, 'Pedro Morales', 'DEF', 0, 189828, 'Atletico Nacional');
INSERT INTO Jugadores VALUES (2000000024, 'Luis Rivera', 'DEL', 1, 417877, 'Atletico Nacional');
INSERT INTO Jugadores VALUES (2000000025, 'Luis Torres', 'MED', 0, 4052160, 'Atletico Nacional');
INSERT INTO Jugadores VALUES (2000000026, 'Juan Rojas', 'DEL', 0, 2230958, 'Atletico Nacional');
INSERT INTO Jugadores VALUES (2000000027, 'Ricardo Pérez', 'DEL', 1, 2119168, 'Atletico Nacional');
INSERT INTO Jugadores VALUES (2000000028, 'Roberto Ramírez', 'MED', 1, 4233170, 'Atletico Nacional');
INSERT INTO Jugadores VALUES (2000000029, 'Luis Morales', 'POR', 1, 854036, 'Atletico Nacional');
INSERT INTO Jugadores VALUES (2000000030, 'Alejandro Jiménez', 'DEL', 0, 1438614, 'Atletico Nacional');
INSERT INTO Jugadores VALUES (2000000031, 'Francisco Pérez', 'DEL', 1, 1640863, 'Atletico Nacional');
INSERT INTO Jugadores VALUES (2000000032, 'Marcos Vargas', 'MED', 1, 2935362, 'Atletico Nacional');
INSERT INTO Jugadores VALUES (2000000033, 'Manuel Pérez', 'POR', 1, 4297028, 'Atletico Nacional');
INSERT INTO Jugadores VALUES (2000000034, 'Fernando Flores', 'MED', 1, 1165155, 'Atletico Nacional');
INSERT INTO Jugadores VALUES (2000000035, 'Marcos Flores', 'POR', 0, 3649027, 'Atletico Nacional');
INSERT INTO Jugadores VALUES (2000000036, 'Juan Sánchez', 'DEF', 0, 4733407, 'Atletico Nacional');
INSERT INTO Jugadores VALUES (2000000037, 'Carlos García', 'MED', 0, 4664857, 'Atletico Nacional');
INSERT INTO Jugadores VALUES (2000000038, 'Manuel Rivera', 'MED', 1, 2127072, 'Atletico Nacional');
INSERT INTO Jugadores VALUES (2000000039, 'José Ortiz', 'DEL', 0, 2724174, 'Atletico Nacional');
INSERT INTO Jugadores VALUES (2000000040, 'Luis Rodríguez', 'DEF', 1, 2519726, 'Deportivo Cali');
INSERT INTO Jugadores VALUES (2000000041, 'Manuel Jiménez', 'DEL', 1, 4051371, 'Deportivo Cali');
INSERT INTO Jugadores VALUES (2000000042, 'Marcos Castro', 'POR', 1, 1744848, 'Deportivo Cali');
INSERT INTO Jugadores VALUES (2000000043, 'Eduardo López', 'POR', 0, 4326856, 'Deportivo Cali');
INSERT INTO Jugadores VALUES (2000000044, 'Miguel Suárez', 'POR', 1, 3697616, 'Deportivo Cali');
INSERT INTO Jugadores VALUES (2000000045, 'Juan Ramírez', 'DEF', 1, 1424030, 'Deportivo Cali');
INSERT INTO Jugadores VALUES (2000000046, 'Pedro Vargas', 'MED', 1, 2201973, 'Deportivo Cali');
INSERT INTO Jugadores VALUES (2000000047, 'Juan Morales', 'DEF', 0, 2900355, 'Deportivo Cali');
INSERT INTO Jugadores VALUES (2000000048, 'Fernando Martínez', 'POR', 0, 2146133, 'Deportivo Cali');
INSERT INTO Jugadores VALUES (2000000049, 'Ricardo Rivera', 'MED', 1, 925954, 'Deportivo Cali');
INSERT INTO Jugadores VALUES (2000000050, 'Carlos Torres', 'MED', 0, 2308298, 'Deportivo Cali');
INSERT INTO Jugadores VALUES (2000000051, 'Andrés López', 'DEF', 0, 1800752, 'Deportivo Cali');
INSERT INTO Jugadores VALUES (2000000052, 'Ricardo Rodríguez', 'DEL', 1, 1319017, 'Deportivo Cali');
INSERT INTO Jugadores VALUES (2000000053, 'Marcos Jiménez', 'POR', 1, 4204674, 'Deportivo Cali');
INSERT INTO Jugadores VALUES (2000000054, 'Daniel Morales', 'POR', 1, 1852368, 'Deportivo Cali');
INSERT INTO Jugadores VALUES (2000000055, 'Luis Rojas', 'POR', 1, 3520716, 'Deportivo Cali');
INSERT INTO Jugadores VALUES (2000000056, 'Eduardo López', 'DEF', 0, 115068, 'Deportivo Cali');
INSERT INTO Jugadores VALUES (2000000057, 'Carlos Vargas', 'DEF', 1, 624002, 'Deportivo Cali');
INSERT INTO Jugadores VALUES (2000000058, 'Santiago Pérez', 'POR', 1, 491132, 'Deportivo Cali');
INSERT INTO Jugadores VALUES (2000000059, 'Fernando Flores', 'DEL', 1, 3186592, 'Deportivo Cali');
INSERT INTO Jugadores VALUES (2000000060, 'Fernando Ortiz', 'DEF', 1, 1137448, 'America de Cali');
INSERT INTO Jugadores VALUES (2000000061, 'Fernando Rivera', 'POR', 1, 2118273, 'America de Cali');
INSERT INTO Jugadores VALUES (2000000062, 'Francisco Morales', 'MED', 1, 4724853, 'America de Cali');
INSERT INTO Jugadores VALUES (2000000063, 'Pedro Sánchez', 'MED', 0, 3576604, 'America de Cali');
INSERT INTO Jugadores VALUES (2000000064, 'Jorge Suárez', 'DEL', 1, 3094536, 'America de Cali');
INSERT INTO Jugadores VALUES (2000000065, 'Pedro Medina', 'POR', 0, 2310417, 'America de Cali');
INSERT INTO Jugadores VALUES (2000000066, 'Ricardo Ortiz', 'DEF', 0, 4859444, 'America de Cali');
INSERT INTO Jugadores VALUES (2000000067, 'Pedro Rodríguez', 'DEF', 0, 502669, 'America de Cali');
INSERT INTO Jugadores VALUES (2000000068, 'Roberto Rojas', 'DEF', 0, 3624899, 'America de Cali');
INSERT INTO Jugadores VALUES (2000000069, 'Fernando Rojas', 'DEF', 1, 630538, 'America de Cali');
INSERT INTO Jugadores VALUES (2000000070, 'Juan Ortiz', 'DEL', 1, 1891726, 'America de Cali');
INSERT INTO Jugadores VALUES (2000000071, 'Juan García', 'DEF', 1, 503896, 'America de Cali');
INSERT INTO Jugadores VALUES (2000000072, 'Manuel Castillo', 'MED', 0, 1546298, 'America de Cali');
INSERT INTO Jugadores VALUES (2000000073, 'Carlos Morales', 'MED', 1, 2075679, 'America de Cali');
INSERT INTO Jugadores VALUES (2000000074, 'Diego Jiménez', 'POR', 0, 4274194, 'America de Cali');
INSERT INTO Jugadores VALUES (2000000075, 'Roberto Morales', 'DEL', 1, 2565855, 'America de Cali');
INSERT INTO Jugadores VALUES (2000000076, 'Alejandro González', 'DEL', 1, 4140588, 'America de Cali');
INSERT INTO Jugadores VALUES (2000000077, 'Jorge Pérez', 'DEF', 0, 3645773, 'America de Cali');
INSERT INTO Jugadores VALUES (2000000078, 'Diego Torres', 'DEF', 1, 3407861, 'America de Cali');
INSERT INTO Jugadores VALUES (2000000079, 'Luis Ramírez', 'POR', 1, 1235051, 'America de Cali');
INSERT INTO Jugadores VALUES (2000000080, 'Juan López', 'DEL', 0, 930635, 'Junior');
INSERT INTO Jugadores VALUES (2000000081, 'Marcos Rodríguez', 'POR', 1, 1692706, 'Junior');
INSERT INTO Jugadores VALUES (2000000082, 'Alejandro Rivera', 'MED', 0, 2193947, 'Junior');
INSERT INTO Jugadores VALUES (2000000083, 'Fernando Castillo', 'DEF', 1, 764569, 'Junior');
INSERT INTO Jugadores VALUES (2000000084, 'Marcos Rodríguez', 'DEF', 1, 3065587, 'Junior');
INSERT INTO Jugadores VALUES (2000000085, 'Jorge Flores', 'MED', 1, 4384996, 'Junior');
INSERT INTO Jugadores VALUES (2000000086, 'Diego Sánchez', 'MED', 0, 3115433, 'Junior');
INSERT INTO Jugadores VALUES (2000000087, 'Ricardo Rodríguez', 'MED', 0, 2485413, 'Junior');
INSERT INTO Jugadores VALUES (2000000088, 'Juan Rivera', 'DEL', 0, 1078500, 'Junior');
INSERT INTO Jugadores VALUES (2000000089, 'Marcos González', 'DEF', 1, 2789717, 'Junior');
INSERT INTO Jugadores VALUES (2000000090, 'Gabriel Suárez', 'DEF', 0, 245832, 'Junior');
INSERT INTO Jugadores VALUES (2000000091, 'Manuel Medina', 'POR', 0, 4645477, 'Junior');
INSERT INTO Jugadores VALUES (2000000092, 'Fernando Morales', 'MED', 1, 669441, 'Junior');
INSERT INTO Jugadores VALUES (2000000093, 'Alejandro Rivera', 'MED', 0, 3571612, 'Junior');
INSERT INTO Jugadores VALUES (2000000094, 'Manuel Suárez', 'DEL', 0, 1482355, 'Junior');
INSERT INTO Jugadores VALUES (2000000095, 'Francisco Pérez', 'DEF', 1, 651478, 'Junior');
INSERT INTO Jugadores VALUES (2000000096, 'Pedro Morales', 'DEF', 1, 1167475, 'Junior');
INSERT INTO Jugadores VALUES (2000000097, 'Manuel Rojas', 'DEF', 1, 4839655, 'Junior');
INSERT INTO Jugadores VALUES (2000000098, 'Andrés Vargas', 'MED', 0, 4783168, 'Junior');
INSERT INTO Jugadores VALUES (2000000099, 'Gabriel González', 'DEF', 1, 3182597, 'Junior');
INSERT INTO Jugadores VALUES (2000000100, 'Andrés Jiménez', 'POR', 1, 3013519, 'Santa Fe');
INSERT INTO Jugadores VALUES (2000000101, 'Pedro Torres', 'DEL', 1, 457597, 'Santa Fe');
INSERT INTO Jugadores VALUES (2000000102, 'Daniel Pérez', 'POR', 1, 682077, 'Santa Fe');
INSERT INTO Jugadores VALUES (2000000103, 'Andrés Ramírez', 'DEF', 0, 4060983, 'Santa Fe');
INSERT INTO Jugadores VALUES (2000000104, 'Miguel Ramírez', 'DEF', 0, 1879569, 'Santa Fe');
INSERT INTO Jugadores VALUES (2000000105, 'Jorge Sánchez', 'DEL', 0, 170554, 'Santa Fe');
INSERT INTO Jugadores VALUES (2000000106, 'Eduardo Torres', 'DEL', 1, 4557441, 'Santa Fe');
INSERT INTO Jugadores VALUES (2000000107, 'Carlos Ortiz', 'MED', 1, 3050625, 'Santa Fe');
INSERT INTO Jugadores VALUES (2000000108, 'Alejandro Rivera', 'POR', 0, 4730777, 'Santa Fe');
INSERT INTO Jugadores VALUES (2000000109, 'Miguel Ortiz', 'POR', 0, 1929809, 'Santa Fe');
INSERT INTO Jugadores VALUES (2000000110, 'Pedro Pérez', 'DEL', 0, 3563830, 'Santa Fe');
INSERT INTO Jugadores VALUES (2000000111, 'Fernando Vargas', 'POR', 0, 3271070, 'Santa Fe');
INSERT INTO Jugadores VALUES (2000000112, 'Eduardo Martínez', 'DEL', 0, 1652836, 'Santa Fe');
INSERT INTO Jugadores VALUES (2000000113, 'Luis Morales', 'DEF', 1, 1461900, 'Santa Fe');
INSERT INTO Jugadores VALUES (2000000114, 'Diego López', 'POR', 0, 4819884, 'Santa Fe');
INSERT INTO Jugadores VALUES (2000000115, 'Miguel Vargas', 'DEF', 1, 2627123, 'Santa Fe');
INSERT INTO Jugadores VALUES (2000000116, 'Manuel Flores', 'DEF', 0, 2302115, 'Santa Fe');
INSERT INTO Jugadores VALUES (2000000117, 'Alejandro Vargas', 'DEL', 1, 417449, 'Santa Fe');
INSERT INTO Jugadores VALUES (2000000118, 'Eduardo López', 'POR', 0, 1713059, 'Santa Fe');
INSERT INTO Jugadores VALUES (2000000119, 'Carlos Martínez', 'POR', 0, 2158423, 'Santa Fe');
INSERT INTO Jugadores VALUES (2000000120, 'Andrés Martínez', 'MED', 1, 2601881, 'Once Caldas');
INSERT INTO Jugadores VALUES (2000000121, 'Roberto Ramírez', 'POR', 0, 4698085, 'Once Caldas');
INSERT INTO Jugadores VALUES (2000000122, 'Miguel Castillo', 'DEL', 1, 2195134, 'Once Caldas');
INSERT INTO Jugadores VALUES (2000000123, 'Daniel Sánchez', 'MED', 0, 2100965, 'Once Caldas');
INSERT INTO Jugadores VALUES (2000000124, 'Eduardo Medina', 'POR', 0, 667055, 'Once Caldas');
INSERT INTO Jugadores VALUES (2000000125, 'Francisco Rivera', 'DEF', 0, 437903, 'Once Caldas');
INSERT INTO Jugadores VALUES (2000000126, 'Santiago Pérez', 'POR', 1, 4943282, 'Once Caldas');
INSERT INTO Jugadores VALUES (2000000127, 'José Castillo', 'MED', 0, 2409357, 'Once Caldas');
INSERT INTO Jugadores VALUES (2000000128, 'Gabriel Ortiz', 'DEL', 1, 4463224, 'Once Caldas');
INSERT INTO Jugadores VALUES (2000000129, 'Andrés Castillo', 'DEL', 0, 2070029, 'Once Caldas');
INSERT INTO Jugadores VALUES (2000000130, 'Santiago Flores', 'MED', 0, 4644794, 'Once Caldas');
INSERT INTO Jugadores VALUES (2000000131, 'Marcos Pérez', 'DEL', 1, 4784568, 'Once Caldas');
INSERT INTO Jugadores VALUES (2000000132, 'Miguel García', 'DEL', 1, 4392441, 'Once Caldas');
INSERT INTO Jugadores VALUES (2000000133, 'Daniel González', 'MED', 1, 180666, 'Once Caldas');
INSERT INTO Jugadores VALUES (2000000134, 'Fernando Rodríguez', 'MED', 0, 2582483, 'Once Caldas');
INSERT INTO Jugadores VALUES (2000000135, 'Juan Flores', 'POR', 1, 271684, 'Once Caldas');
INSERT INTO Jugadores VALUES (2000000136, 'Manuel Castillo', 'MED', 0, 1133409, 'Once Caldas');
INSERT INTO Jugadores VALUES (2000000137, 'Andrés Castro', 'DEL', 1, 3513610, 'Once Caldas');
INSERT INTO Jugadores VALUES (2000000138, 'Francisco Martínez', 'DEF', 0, 857572, 'Once Caldas');
INSERT INTO Jugadores VALUES (2000000139, 'José Flores', 'DEF', 1, 3876853, 'Once Caldas');
INSERT INTO Jugadores VALUES (2000000140, 'Santiago Rodríguez', 'MED', 1, 2532807, 'Ind Medellin');
INSERT INTO Jugadores VALUES (2000000141, 'Santiago García', 'MED', 0, 811595, 'Ind Medellin');
INSERT INTO Jugadores VALUES (2000000142, 'Roberto Castillo', 'POR', 1, 646244, 'Ind Medellin');
INSERT INTO Jugadores VALUES (2000000143, 'Pedro Flores', 'DEL', 0, 4344256, 'Ind Medellin');
INSERT INTO Jugadores VALUES (2000000144, 'José García', 'DEF', 0, 379034, 'Ind Medellin');
INSERT INTO Jugadores VALUES (2000000145, 'José Martínez', 'DEF', 1, 757193, 'Ind Medellin');
INSERT INTO Jugadores VALUES (2000000146, 'Jorge Torres', 'DEL', 1, 3739863, 'Ind Medellin');
INSERT INTO Jugadores VALUES (2000000147, 'Pedro Vargas', 'MED', 0, 3663040, 'Ind Medellin');
INSERT INTO Jugadores VALUES (2000000148, 'Andrés Morales', 'DEF', 1, 3198778, 'Ind Medellin');
INSERT INTO Jugadores VALUES (2000000149, 'Alejandro Rivera', 'MED', 1, 2367828, 'Ind Medellin');
INSERT INTO Jugadores VALUES (2000000150, 'José Castillo', 'DEL', 0, 2437081, 'Ind Medellin');
INSERT INTO Jugadores VALUES (2000000151, 'Fernando López', 'POR', 1, 4403743, 'Ind Medellin');
INSERT INTO Jugadores VALUES (2000000152, 'Ricardo González', 'DEF', 0, 1040550, 'Ind Medellin');
INSERT INTO Jugadores VALUES (2000000153, 'Jorge Rodríguez', 'DEL', 0, 3906036, 'Ind Medellin');
INSERT INTO Jugadores VALUES (2000000154, 'Santiago Ortiz', 'MED', 0, 971179, 'Ind Medellin');
INSERT INTO Jugadores VALUES (2000000155, 'Ricardo Castro', 'MED', 1, 3134526, 'Ind Medellin');
INSERT INTO Jugadores VALUES (2000000156, 'Daniel Pérez', 'POR', 1, 973100, 'Ind Medellin');
INSERT INTO Jugadores VALUES (2000000157, 'Francisco Jiménez', 'DEL', 0, 4641997, 'Ind Medellin');
INSERT INTO Jugadores VALUES (2000000158, 'Gabriel Medina', 'DEF', 0, 4433122, 'Ind Medellin');
INSERT INTO Jugadores VALUES (2000000159, 'Gabriel García', 'DEF', 0, 1687054, 'Ind Medellin');
INSERT INTO Jugadores VALUES (2000000160, 'Eduardo Ortiz', 'DEL', 1, 1402997, 'Tolima');
INSERT INTO Jugadores VALUES (2000000161, 'Jorge Suárez', 'MED', 1, 4129180, 'Tolima');
INSERT INTO Jugadores VALUES (2000000162, 'Alejandro Castro', 'DEL', 1, 2465973, 'Tolima');
INSERT INTO Jugadores VALUES (2000000163, 'Gabriel Torres', 'DEF', 0, 936896, 'Tolima');
INSERT INTO Jugadores VALUES (2000000164, 'Francisco Rivera', 'DEF', 0, 2808508, 'Tolima');
INSERT INTO Jugadores VALUES (2000000165, 'Andrés Flores', 'POR', 1, 2275709, 'Tolima');
INSERT INTO Jugadores VALUES (2000000166, 'Alejandro Martínez', 'DEL', 1, 3860645, 'Tolima');
INSERT INTO Jugadores VALUES (2000000167, 'Juan Flores', 'POR', 1, 3951781, 'Tolima');
INSERT INTO Jugadores VALUES (2000000168, 'Fernando Castro', 'DEF', 0, 2051429, 'Tolima');
INSERT INTO Jugadores VALUES (2000000169, 'Gabriel Ortiz', 'DEF', 1, 2926651, 'Tolima');
INSERT INTO Jugadores VALUES (2000000170, 'Santiago Pérez', 'DEL', 0, 1357178, 'Tolima');
INSERT INTO Jugadores VALUES (2000000171, 'Luis Suárez', 'DEF', 1, 4474037, 'Tolima');
INSERT INTO Jugadores VALUES (2000000172, 'Andrés Castillo', 'DEL', 1, 437851, 'Tolima');
INSERT INTO Jugadores VALUES (2000000173, 'José Torres', 'POR', 1, 3993413, 'Tolima');
INSERT INTO Jugadores VALUES (2000000174, 'Eduardo Vargas', 'DEL', 0, 3295777, 'Tolima');
INSERT INTO Jugadores VALUES (2000000175, 'Ricardo Martínez', 'MED', 0, 118624, 'Tolima');
INSERT INTO Jugadores VALUES (2000000176, 'Daniel Vargas', 'DEL', 0, 752087, 'Tolima');
INSERT INTO Jugadores VALUES (2000000177, 'Eduardo Medina', 'DEL', 1, 1888598, 'Tolima');
INSERT INTO Jugadores VALUES (2000000178, 'Juan Martínez', 'DEL', 0, 1317492, 'Tolima');
INSERT INTO Jugadores VALUES (2000000179, 'Alejandro López', 'POR', 0, 2764985, 'Tolima');
INSERT INTO Jugadores VALUES (2000000180, 'Andrés Castro', 'DEL', 1, 2359499, 'La Equidad');
INSERT INTO Jugadores VALUES (2000000181, 'Francisco Martínez', 'DEL', 0, 574184, 'La Equidad');
INSERT INTO Jugadores VALUES (2000000182, 'Andrés López', 'DEF', 1, 2643163, 'La Equidad');
INSERT INTO Jugadores VALUES (2000000183, 'Alejandro Medina', 'MED', 1, 1128011, 'La Equidad');
INSERT INTO Jugadores VALUES (2000000184, 'Luis González', 'DEL', 1, 1485174, 'La Equidad');
INSERT INTO Jugadores VALUES (2000000185, 'José García', 'MED', 1, 3173565, 'La Equidad');
INSERT INTO Jugadores VALUES (2000000186, 'Luis Jiménez', 'POR', 1, 3066592, 'La Equidad');
INSERT INTO Jugadores VALUES (2000000187, 'Jorge Martínez', 'MED', 1, 758775, 'La Equidad');
INSERT INTO Jugadores VALUES (2000000188, 'Pedro Vargas', 'DEL', 0, 2729480, 'La Equidad');
INSERT INTO Jugadores VALUES (2000000189, 'Juan Ortiz', 'POR', 0, 1202670, 'La Equidad');
INSERT INTO Jugadores VALUES (2000000190, 'Carlos Torres', 'DEF', 1, 2830441, 'La Equidad');
INSERT INTO Jugadores VALUES (2000000191, 'Daniel Ortiz', 'MED', 0, 4718958, 'La Equidad');
INSERT INTO Jugadores VALUES (2000000192, 'Daniel Ortiz', 'MED', 1, 3462134, 'La Equidad');
INSERT INTO Jugadores VALUES (2000000193, 'José Sánchez', 'MED', 0, 3796998, 'La Equidad');
INSERT INTO Jugadores VALUES (2000000194, 'Daniel Ortiz', 'MED', 0, 1904970, 'La Equidad');
INSERT INTO Jugadores VALUES (2000000195, 'Juan Morales', 'POR', 0, 4381202, 'La Equidad');
INSERT INTO Jugadores VALUES (2000000196, 'Fernando Morales', 'DEL', 0, 317781, 'La Equidad');
INSERT INTO Jugadores VALUES (2000000197, 'Fernando Rivera', 'POR', 1, 4287396, 'La Equidad');
INSERT INTO Jugadores VALUES (2000000198, 'Fernando Martínez', 'DEF', 1, 2315832, 'La Equidad');
INSERT INTO Jugadores VALUES (2000000199, 'Manuel Suárez', 'POR', 1, 3668127, 'La Equidad');
INSERT INTO Jugadores VALUES (2000000200, 'Carlos Martínez', 'DEL', 1, 2492604, 'Pereira');
INSERT INTO Jugadores VALUES (2000000201, 'Gabriel García', 'DEF', 1, 3114224, 'Pereira');
INSERT INTO Jugadores VALUES (2000000202, 'Francisco Suárez', 'DEF', 0, 492700, 'Pereira');
INSERT INTO Jugadores VALUES (2000000203, 'Andrés Rojas', 'POR', 0, 4791003, 'Pereira');
INSERT INTO Jugadores VALUES (2000000204, 'Carlos López', 'MED', 0, 2846590, 'Pereira');
INSERT INTO Jugadores VALUES (2000000205, 'Miguel Morales', 'POR', 1, 1556065, 'Pereira');
INSERT INTO Jugadores VALUES (2000000206, 'Andrés Ramírez', 'POR', 0, 3657857, 'Pereira');
INSERT INTO Jugadores VALUES (2000000207, 'Francisco Sánchez', 'DEL', 0, 261663, 'Pereira');
INSERT INTO Jugadores VALUES (2000000208, 'Luis Ramírez', 'POR', 1, 3162752, 'Pereira');
INSERT INTO Jugadores VALUES (2000000209, 'Luis Medina', 'POR', 1, 2996723, 'Pereira');
INSERT INTO Jugadores VALUES (2000000210, 'Juan González', 'MED', 1, 1523814, 'Pereira');
INSERT INTO Jugadores VALUES (2000000211, 'Fernando Pérez', 'DEL', 1, 748596, 'Pereira');
INSERT INTO Jugadores VALUES (2000000212, 'Francisco Castillo', 'POR', 0, 4597814, 'Pereira');
INSERT INTO Jugadores VALUES (2000000213, 'Manuel Rivera', 'DEL', 0, 4424412, 'Pereira');
INSERT INTO Jugadores VALUES (2000000214, 'Gabriel González', 'DEF', 1, 2227037, 'Pereira');
INSERT INTO Jugadores VALUES (2000000215, 'Eduardo Jiménez', 'MED', 0, 1854509, 'Pereira');
INSERT INTO Jugadores VALUES (2000000216, 'Ricardo López', 'DEF', 1, 2052843, 'Pereira');
INSERT INTO Jugadores VALUES (2000000217, 'Eduardo Martínez', 'DEF', 0, 3998739, 'Pereira');
INSERT INTO Jugadores VALUES (2000000218, 'Ricardo Vargas', 'POR', 0, 3444987, 'Pereira');
INSERT INTO Jugadores VALUES (2000000219, 'Marcos Vargas', 'POR', 0, 4354329, 'Pereira');
INSERT INTO Jugadores VALUES (2000000220, 'Jorge González', 'DEF', 1, 386705, 'Bucaramanga');
INSERT INTO Jugadores VALUES (2000000221, 'Miguel Ortiz', 'MED', 0, 2114589, 'Bucaramanga');
INSERT INTO Jugadores VALUES (2000000222, 'Miguel Vargas', 'POR', 1, 471533, 'Bucaramanga');
INSERT INTO Jugadores VALUES (2000000223, 'Fernando Suárez', 'DEL', 0, 4714236, 'Bucaramanga');
INSERT INTO Jugadores VALUES (2000000224, 'Roberto González', 'MED', 0, 4551860, 'Bucaramanga');
INSERT INTO Jugadores VALUES (2000000225, 'Ricardo Torres', 'DEF', 0, 2264269, 'Bucaramanga');
INSERT INTO Jugadores VALUES (2000000226, 'Roberto Vargas', 'DEF', 0, 2728813, 'Bucaramanga');
INSERT INTO Jugadores VALUES (2000000227, 'Manuel Jiménez', 'MED', 1, 3394595, 'Bucaramanga');
INSERT INTO Jugadores VALUES (2000000228, 'Juan Castro', 'DEL', 1, 987309, 'Bucaramanga');
INSERT INTO Jugadores VALUES (2000000229, 'Miguel Sánchez', 'DEF', 0, 3852064, 'Bucaramanga');
INSERT INTO Jugadores VALUES (2000000230, 'Jorge Jiménez', 'MED', 1, 4298541, 'Bucaramanga');
INSERT INTO Jugadores VALUES (2000000231, 'Francisco López', 'MED', 1, 3036688, 'Bucaramanga');
INSERT INTO Jugadores VALUES (2000000232, 'Fernando Jiménez', 'DEF', 0, 1400265, 'Bucaramanga');
INSERT INTO Jugadores VALUES (2000000233, 'Manuel Morales', 'MED', 0, 4120117, 'Bucaramanga');
INSERT INTO Jugadores VALUES (2000000234, 'Roberto Suárez', 'DEL', 0, 543887, 'Bucaramanga');
INSERT INTO Jugadores VALUES (2000000235, 'Manuel Suárez', 'MED', 1, 4779973, 'Bucaramanga');
INSERT INTO Jugadores VALUES (2000000236, 'Francisco Morales', 'MED', 0, 409544, 'Bucaramanga');
INSERT INTO Jugadores VALUES (2000000237, 'José Castillo', 'MED', 1, 2806849, 'Bucaramanga');
INSERT INTO Jugadores VALUES (2000000238, 'Jorge Rodríguez', 'DEL', 1, 3535167, 'Bucaramanga');
INSERT INTO Jugadores VALUES (2000000239, 'Diego González', 'MED', 1, 2954560, 'Bucaramanga');
INSERT INTO Jugadores VALUES (2000000240, 'Diego Ortiz', 'POR', 0, 4083408, 'Pasto');
INSERT INTO Jugadores VALUES (2000000241, 'Jorge Sánchez', 'MED', 1, 1944641, 'Pasto');
INSERT INTO Jugadores VALUES (2000000242, 'Diego Rodríguez', 'DEL', 0, 1189713, 'Pasto');
INSERT INTO Jugadores VALUES (2000000243, 'Carlos Ortiz', 'DEF', 1, 4843589, 'Pasto');
INSERT INTO Jugadores VALUES (2000000244, 'Santiago Medina', 'POR', 0, 1287941, 'Pasto');
INSERT INTO Jugadores VALUES (2000000245, 'Juan Rodríguez', 'POR', 1, 4628976, 'Pasto');
INSERT INTO Jugadores VALUES (2000000246, 'Ricardo Sánchez', 'DEF', 1, 1445729, 'Pasto');
INSERT INTO Jugadores VALUES (2000000247, 'Carlos Martínez', 'DEF', 0, 730027, 'Pasto');
INSERT INTO Jugadores VALUES (2000000248, 'Juan Rivera', 'MED', 0, 3683826, 'Pasto');
INSERT INTO Jugadores VALUES (2000000249, 'Francisco González', 'POR', 0, 1673293, 'Pasto');
INSERT INTO Jugadores VALUES (2000000250, 'Manuel García', 'DEL', 0, 3158637, 'Pasto');
INSERT INTO Jugadores VALUES (2000000251, 'Pedro Castro', 'POR', 0, 501995, 'Pasto');
INSERT INTO Jugadores VALUES (2000000252, 'Santiago Rivera', 'DEL', 1, 1134345, 'Pasto');
INSERT INTO Jugadores VALUES (2000000253, 'Francisco Flores', 'DEF', 0, 1028923, 'Pasto');
INSERT INTO Jugadores VALUES (2000000254, 'José Vargas', 'DEF', 0, 2501427, 'Pasto');
INSERT INTO Jugadores VALUES (2000000255, 'Juan Castillo', 'DEF', 1, 4659662, 'Pasto');
INSERT INTO Jugadores VALUES (2000000256, 'Miguel Flores', 'DEF', 1, 3453202, 'Pasto');
INSERT INTO Jugadores VALUES (2000000257, 'Miguel Pérez', 'POR', 0, 4437959, 'Pasto');
INSERT INTO Jugadores VALUES (2000000258, 'Luis Flores', 'POR', 1, 2258206, 'Pasto');
INSERT INTO Jugadores VALUES (2000000259, 'Carlos Castro', 'MED', 1, 399535, 'Pasto');
INSERT INTO Jugadores VALUES (2000000260, 'José Suárez', 'DEL', 0, 2202053, 'Envigado');
INSERT INTO Jugadores VALUES (2000000261, 'Francisco Suárez', 'DEF', 0, 1453652, 'Envigado');
INSERT INTO Jugadores VALUES (2000000262, 'Marcos González', 'POR', 1, 770087, 'Envigado');
INSERT INTO Jugadores VALUES (2000000263, 'Eduardo García', 'DEF', 0, 3806564, 'Envigado');
INSERT INTO Jugadores VALUES (2000000264, 'Fernando Rivera', 'MED', 0, 2795692, 'Envigado');
INSERT INTO Jugadores VALUES (2000000265, 'Andrés González', 'MED', 0, 1290530, 'Envigado');
INSERT INTO Jugadores VALUES (2000000266, 'Gabriel Ortiz', 'MED', 0, 631203, 'Envigado');
INSERT INTO Jugadores VALUES (2000000267, 'Gabriel Morales', 'DEF', 1, 1081687, 'Envigado');
INSERT INTO Jugadores VALUES (2000000268, 'Marcos Castillo', 'DEL', 0, 4435312, 'Envigado');
INSERT INTO Jugadores VALUES (2000000269, 'Fernando Jiménez', 'DEL', 1, 4455220, 'Envigado');
INSERT INTO Jugadores VALUES (2000000270, 'Diego Rivera', 'DEF', 1, 4616099, 'Envigado');
INSERT INTO Jugadores VALUES (2000000271, 'Jorge Suárez', 'MED', 0, 2679479, 'Envigado');
INSERT INTO Jugadores VALUES (2000000272, 'Gabriel Rojas', 'DEL', 0, 1646322, 'Envigado');
INSERT INTO Jugadores VALUES (2000000273, 'Daniel López', 'DEL', 1, 4277873, 'Envigado');
INSERT INTO Jugadores VALUES (2000000274, 'Eduardo Rivera', 'POR', 0, 2863777, 'Envigado');
INSERT INTO Jugadores VALUES (2000000275, 'Santiago Flores', 'POR', 1, 4559845, 'Envigado');
INSERT INTO Jugadores VALUES (2000000276, 'Santiago Ortiz', 'POR', 0, 1638943, 'Envigado');
INSERT INTO Jugadores VALUES (2000000277, 'Luis Sánchez', 'DEL', 1, 2406584, 'Envigado');
INSERT INTO Jugadores VALUES (2000000278, 'Daniel Castillo', 'DEL', 0, 1072321, 'Envigado');
INSERT INTO Jugadores VALUES (2000000279, 'Santiago López', 'POR', 0, 1848830, 'Envigado');
INSERT INTO Jugadores VALUES (2000000280, 'Jorge Sánchez', 'DEF', 0, 1463993, 'Union magdalena');
INSERT INTO Jugadores VALUES (2000000281, 'Marcos Rivera', 'DEF', 0, 4267193, 'Union magdalena');
INSERT INTO Jugadores VALUES (2000000282, 'Carlos García', 'DEF', 0, 4725090, 'Union magdalena');
INSERT INTO Jugadores VALUES (2000000283, 'Pedro Pérez', 'MED', 1, 2595035, 'Union magdalena');
INSERT INTO Jugadores VALUES (2000000284, 'Ricardo Rodríguez', 'MED', 1, 255564, 'Union magdalena');
INSERT INTO Jugadores VALUES (2000000285, 'Roberto Castro', 'DEF', 1, 1918983, 'Union magdalena');
INSERT INTO Jugadores VALUES (2000000286, 'Manuel Ramírez', 'POR', 0, 4750964, 'Union magdalena');
INSERT INTO Jugadores VALUES (2000000287, 'Luis Pérez', 'DEF', 1, 2080785, 'Union magdalena');
INSERT INTO Jugadores VALUES (2000000288, 'Ricardo Castillo', 'MED', 1, 2205182, 'Union magdalena');
INSERT INTO Jugadores VALUES (2000000289, 'Alejandro Castro', 'DEF', 0, 2783278, 'Union magdalena');
INSERT INTO Jugadores VALUES (2000000290, 'Fernando Ortiz', 'DEL', 0, 4420481, 'Union magdalena');
INSERT INTO Jugadores VALUES (2000000291, 'Pedro Ortiz', 'DEF', 1, 4123076, 'Union magdalena');
INSERT INTO Jugadores VALUES (2000000292, 'Fernando Ramírez', 'MED', 0, 4259279, 'Union magdalena');
INSERT INTO Jugadores VALUES (2000000293, 'Diego Morales', 'MED', 0, 2583736, 'Union magdalena');
INSERT INTO Jugadores VALUES (2000000294, 'Alejandro Rojas', 'POR', 1, 2924185, 'Union magdalena');
INSERT INTO Jugadores VALUES (2000000295, 'José Jiménez', 'POR', 1, 2306539, 'Union magdalena');
INSERT INTO Jugadores VALUES (2000000296, 'José García', 'MED', 1, 1879649, 'Union magdalena');
INSERT INTO Jugadores VALUES (2000000297, 'Santiago Castro', 'POR', 0, 103641, 'Union magdalena');
INSERT INTO Jugadores VALUES (2000000298, 'Santiago Flores', 'DEL', 0, 4408891, 'Union magdalena');
INSERT INTO Jugadores VALUES (2000000299, 'Gabriel Castillo', 'MED', 0, 2500077, 'Union magdalena');
INSERT INTO Jugadores VALUES (2000000300, 'Ricardo Pérez', 'DEL', 1, 2219313, 'Chico');
INSERT INTO Jugadores VALUES (2000000301, 'Daniel Sánchez', 'DEF', 1, 262287, 'Chico');
INSERT INTO Jugadores VALUES (2000000302, 'Carlos García', 'DEF', 1, 511565, 'Chico');
INSERT INTO Jugadores VALUES (2000000303, 'Gabriel Rojas', 'DEL', 0, 2034469, 'Chico');
INSERT INTO Jugadores VALUES (2000000304, 'Fernando Vargas', 'DEL', 0, 1755239, 'Chico');
INSERT INTO Jugadores VALUES (2000000305, 'Diego García', 'DEF', 0, 965179, 'Chico');
INSERT INTO Jugadores VALUES (2000000306, 'Alejandro Rojas', 'DEL', 0, 2097840, 'Chico');
INSERT INTO Jugadores VALUES (2000000307, 'Ricardo Rivera', 'MED', 1, 2506019, 'Chico');
INSERT INTO Jugadores VALUES (2000000308, 'Jorge Martínez', 'DEL', 0, 2958893, 'Chico');
INSERT INTO Jugadores VALUES (2000000309, 'Daniel García', 'DEL', 0, 857592, 'Chico');
INSERT INTO Jugadores VALUES (2000000310, 'Francisco Medina', 'POR', 1, 2023916, 'Chico');
INSERT INTO Jugadores VALUES (2000000311, 'Roberto Jiménez', 'DEL', 0, 4122145, 'Chico');
INSERT INTO Jugadores VALUES (2000000312, 'Miguel López', 'DEL', 1, 4043108, 'Chico');
INSERT INTO Jugadores VALUES (2000000313, 'Ricardo Torres', 'DEL', 0, 1118442, 'Chico');
INSERT INTO Jugadores VALUES (2000000314, 'José González', 'DEF', 1, 1823443, 'Chico');
INSERT INTO Jugadores VALUES (2000000315, 'Francisco Ramírez', 'DEL', 0, 2913501, 'Chico');
INSERT INTO Jugadores VALUES (2000000316, 'Marcos Castillo', 'POR', 0, 4786178, 'Chico');
INSERT INTO Jugadores VALUES (2000000317, 'Alejandro Pérez', 'MED', 1, 4248320, 'Chico');
INSERT INTO Jugadores VALUES (2000000318, 'Gabriel López', 'POR', 1, 4239961, 'Chico');
INSERT INTO Jugadores VALUES (2000000319, 'Roberto Medina', 'MED', 0, 358892, 'Chico');
INSERT INTO Jugadores VALUES (2000000320, 'Carlos Rodríguez', 'DEL', 1, 2517394, 'Alianza FC');
INSERT INTO Jugadores VALUES (2000000321, 'Manuel Morales', 'DEL', 0, 1250817, 'Alianza FC');
INSERT INTO Jugadores VALUES (2000000322, 'Juan Castillo', 'DEL', 1, 3314224, 'Alianza FC');
INSERT INTO Jugadores VALUES (2000000323, 'José Castro', 'DEF', 0, 2479086, 'Alianza FC');
INSERT INTO Jugadores VALUES (2000000324, 'Diego Rodríguez', 'DEL', 1, 624056, 'Alianza FC');
INSERT INTO Jugadores VALUES (2000000325, 'Roberto Jiménez', 'MED', 1, 1004347, 'Alianza FC');
INSERT INTO Jugadores VALUES (2000000326, 'Carlos Torres', 'DEF', 1, 1728339, 'Alianza FC');
INSERT INTO Jugadores VALUES (2000000327, 'Manuel Medina', 'DEF', 0, 1268778, 'Alianza FC');
INSERT INTO Jugadores VALUES (2000000328, 'Fernando Sánchez', 'DEF', 0, 4400388, 'Alianza FC');
INSERT INTO Jugadores VALUES (2000000329, 'Marcos López', 'DEL', 1, 4993101, 'Alianza FC');
INSERT INTO Jugadores VALUES (2000000330, 'Santiago Jiménez', 'MED', 1, 1720447, 'Alianza FC');
INSERT INTO Jugadores VALUES (2000000331, 'Santiago Castro', 'MED', 1, 1192429, 'Alianza FC');
INSERT INTO Jugadores VALUES (2000000332, 'Santiago Rodríguez', 'POR', 1, 4986712, 'Alianza FC');
INSERT INTO Jugadores VALUES (2000000333, 'Jorge Vargas', 'MED', 1, 3404185, 'Alianza FC');
INSERT INTO Jugadores VALUES (2000000334, 'Diego Sánchez', 'DEL', 1, 4268048, 'Alianza FC');
INSERT INTO Jugadores VALUES (2000000335, 'Marcos Suárez', 'DEF', 0, 4000670, 'Alianza FC');
INSERT INTO Jugadores VALUES (2000000336, 'Gabriel Morales', 'MED', 1, 3213078, 'Alianza FC');
INSERT INTO Jugadores VALUES (2000000337, 'Marcos Sánchez', 'DEF', 0, 364521, 'Alianza FC');
INSERT INTO Jugadores VALUES (2000000338, 'Carlos Medina', 'DEF', 0, 4357883, 'Alianza FC');
INSERT INTO Jugadores VALUES (2000000339, 'Roberto Ortiz', 'DEF', 0, 1459430, 'Alianza FC');
INSERT INTO Jugadores VALUES (2000000340, 'Francisco Rivera', 'POR', 0, 2184184, 'Fortaleza');
INSERT INTO Jugadores VALUES (2000000341, 'Fernando Flores', 'DEF', 0, 1321578, 'Fortaleza');
INSERT INTO Jugadores VALUES (2000000342, 'José Flores', 'DEL', 1, 2071597, 'Fortaleza');
INSERT INTO Jugadores VALUES (2000000343, 'Roberto López', 'DEL', 0, 1979126, 'Fortaleza');
INSERT INTO Jugadores VALUES (2000000344, 'Carlos Torres', 'DEL', 0, 3122059, 'Fortaleza');
INSERT INTO Jugadores VALUES (2000000345, 'Luis Ortiz', 'DEF', 1, 1701499, 'Fortaleza');
INSERT INTO Jugadores VALUES (2000000346, 'Manuel Pérez', 'DEL', 0, 2670560, 'Fortaleza');
INSERT INTO Jugadores VALUES (2000000347, 'José Flores', 'DEF', 1, 1238545, 'Fortaleza');
INSERT INTO Jugadores VALUES (2000000348, 'Santiago Jiménez', 'DEL', 1, 3618684, 'Fortaleza');
INSERT INTO Jugadores VALUES (2000000349, 'Fernando Flores', 'DEL', 1, 4134796, 'Fortaleza');
INSERT INTO Jugadores VALUES (2000000350, 'Ricardo Castro', 'DEL', 1, 4536045, 'Fortaleza');
INSERT INTO Jugadores VALUES (2000000351, 'Juan Flores', 'MED', 0, 2592186, 'Fortaleza');
INSERT INTO Jugadores VALUES (2000000352, 'Eduardo García', 'DEL', 1, 188177, 'Fortaleza');
INSERT INTO Jugadores VALUES (2000000353, 'Carlos Medina', 'MED', 0, 939019, 'Fortaleza');
INSERT INTO Jugadores VALUES (2000000354, 'Eduardo Pérez', 'DEF', 0, 984852, 'Fortaleza');
INSERT INTO Jugadores VALUES (2000000355, 'Juan Rojas', 'DEF', 1, 3706119, 'Fortaleza');
INSERT INTO Jugadores VALUES (2000000356, 'Marcos López', 'POR', 0, 779053, 'Fortaleza');
INSERT INTO Jugadores VALUES (2000000357, 'Daniel Vargas', 'DEL', 1, 4520190, 'Fortaleza');
INSERT INTO Jugadores VALUES (2000000358, 'Daniel Rojas', 'DEF', 1, 4719020, 'Fortaleza');
INSERT INTO Jugadores VALUES (2000000359, 'Daniel Castro', 'MED', 1, 1475156, 'Fortaleza');
INSERT INTO Jugadores VALUES (2000000360, 'Fernando Suárez', 'DEF', 0, 1376192, 'Llaneros');
INSERT INTO Jugadores VALUES (2000000361, 'José Rivera', 'MED', 1, 4378578, 'Llaneros');
INSERT INTO Jugadores VALUES (2000000362, 'Jorge López', 'MED', 0, 4387823, 'Llaneros');
INSERT INTO Jugadores VALUES (2000000363, 'Manuel Ortiz', 'POR', 1, 2564350, 'Llaneros');
INSERT INTO Jugadores VALUES (2000000364, 'Fernando Martínez', 'DEF', 0, 4608483, 'Llaneros');
INSERT INTO Jugadores VALUES (2000000365, 'Luis Martínez', 'DEF', 1, 3336569, 'Llaneros');
INSERT INTO Jugadores VALUES (2000000366, 'Roberto Castillo', 'POR', 1, 2302875, 'Llaneros');
INSERT INTO Jugadores VALUES (2000000367, 'Fernando Vargas', 'POR', 0, 4133028, 'Llaneros');
INSERT INTO Jugadores VALUES (2000000368, 'Roberto Pérez', 'POR', 0, 2741924, 'Llaneros');
INSERT INTO Jugadores VALUES (2000000369, 'Carlos Medina', 'DEL', 0, 2699038, 'Llaneros');
INSERT INTO Jugadores VALUES (2000000370, 'Manuel Sánchez', 'DEF', 0, 4448391, 'Llaneros');
INSERT INTO Jugadores VALUES (2000000371, 'Carlos Medina', 'MED', 0, 1148067, 'Llaneros');
INSERT INTO Jugadores VALUES (2000000372, 'Jorge Morales', 'DEF', 1, 4917432, 'Llaneros');
INSERT INTO Jugadores VALUES (2000000373, 'Manuel Suárez', 'DEF', 1, 4962574, 'Llaneros');
INSERT INTO Jugadores VALUES (2000000374, 'Carlos Torres', 'MED', 1, 1767384, 'Llaneros');
INSERT INTO Jugadores VALUES (2000000375, 'Juan Martínez', 'DEF', 0, 2008830, 'Llaneros');
INSERT INTO Jugadores VALUES (2000000376, 'Francisco Suárez', 'DEL', 1, 3505595, 'Llaneros');
INSERT INTO Jugadores VALUES (2000000377, 'Francisco Sánchez', 'DEL', 0, 3628939, 'Llaneros');
INSERT INTO Jugadores VALUES (2000000378, 'Fernando López', 'DEF', 1, 2743892, 'Llaneros');
INSERT INTO Jugadores VALUES (2000000379, 'Roberto Castillo', 'DEL', 1, 516854, 'Llaneros');
INSERT INTO Jugadores VALUES (2000000380, 'Miguel López', 'DEF', 0, 1364227, 'Aguilas Doradas');
INSERT INTO Jugadores VALUES (2000000381, 'Diego Rivera', 'DEF', 1, 3071024, 'Aguilas Doradas');
INSERT INTO Jugadores VALUES (2000000382, 'Andrés Torres', 'POR', 1, 1266690, 'Aguilas Doradas');
INSERT INTO Jugadores VALUES (2000000383, 'Roberto Castro', 'MED', 1, 3492915, 'Aguilas Doradas');
INSERT INTO Jugadores VALUES (2000000384, 'Juan Suárez', 'MED', 0, 1742385, 'Aguilas Doradas');
INSERT INTO Jugadores VALUES (2000000385, 'Diego López', 'DEL', 0, 1103546, 'Aguilas Doradas');
INSERT INTO Jugadores VALUES (2000000386, 'Pedro García', 'POR', 1, 443773, 'Aguilas Doradas');
INSERT INTO Jugadores VALUES (2000000387, 'Carlos Flores', 'POR', 0, 2922765, 'Aguilas Doradas');
INSERT INTO Jugadores VALUES (2000000388, 'Diego Morales', 'POR', 0, 2149875, 'Aguilas Doradas');
INSERT INTO Jugadores VALUES (2000000389, 'Jorge Jiménez', 'DEF', 0, 590209, 'Aguilas Doradas');
INSERT INTO Jugadores VALUES (2000000390, 'Fernando Pérez', 'DEF', 0, 1195073, 'Aguilas Doradas');
INSERT INTO Jugadores VALUES (2000000391, 'Jorge Castillo', 'DEL', 0, 1810796, 'Aguilas Doradas');
INSERT INTO Jugadores VALUES (2000000392, 'Jorge Flores', 'MED', 1, 2740920, 'Aguilas Doradas');
INSERT INTO Jugadores VALUES (2000000393, 'Ricardo Castro', 'MED', 0, 4006341, 'Aguilas Doradas');
INSERT INTO Jugadores VALUES (2000000394, 'Miguel Rojas', 'POR', 0, 3798345, 'Aguilas Doradas');
INSERT INTO Jugadores VALUES (2000000395, 'Manuel Castillo', 'DEL', 1, 2910015, 'Aguilas Doradas');
INSERT INTO Jugadores VALUES (2000000396, 'Diego Ramírez', 'DEF', 0, 2946646, 'Aguilas Doradas');
INSERT INTO Jugadores VALUES (2000000397, 'Juan Castillo', 'DEL', 0, 1175351, 'Aguilas Doradas');
INSERT INTO Jugadores VALUES (2000000398, 'Carlos González', 'DEL', 0, 1717797, 'Aguilas Doradas');
INSERT INTO Jugadores VALUES (2000000399, 'Gabriel Morales', 'DEL', 0, 3963204, 'Aguilas Doradas');

COMMIT;

--Canteranos
INSERT INTO Canteranos VALUES (2000000000, 2, 'Sub-16', TO_DATE('2018-04-24','YYYY-MM-DD'));
INSERT INTO Canteranos VALUES (2000000002, 5, 'Sub-20', TO_DATE('2018-06-26','YYYY-MM-DD'));
INSERT INTO Canteranos VALUES (2000000003, 3, 'Sub-18', TO_DATE('2022-01-28','YYYY-MM-DD'));
INSERT INTO Canteranos VALUES (2000000004, 4, 'Sub-16', TO_DATE('2016-09-12','YYYY-MM-DD'));
INSERT INTO Canteranos VALUES (2000000005, 2, 'Sub-20', TO_DATE('2024-05-25','YYYY-MM-DD'));
INSERT INTO Canteranos VALUES (2000000006, 5, 'Sub-18', TO_DATE('2020-08-01','YYYY-MM-DD'));
INSERT INTO Canteranos VALUES (2000000007, 5, 'Sub-20', TO_DATE('2016-07-25','YYYY-MM-DD'));
INSERT INTO Canteranos VALUES (2000000008, 4, 'Sub-20', TO_DATE('2019-03-29','YYYY-MM-DD'));
INSERT INTO Canteranos VALUES (2000000009, 2, 'Sub-16', TO_DATE('2020-10-07','YYYY-MM-DD'));
INSERT INTO Canteranos VALUES (2000000010, 1, 'Sub-20', TO_DATE('2016-05-24','YYYY-MM-DD'));
INSERT INTO Canteranos VALUES (2000000011, 2, 'Sub-20', TO_DATE('2021-05-30','YYYY-MM-DD'));
INSERT INTO Canteranos VALUES (2000000012, 3, 'Juvenil', TO_DATE('2021-12-23','YYYY-MM-DD'));
INSERT INTO Canteranos VALUES (2000000013, 4, 'Juvenil', TO_DATE('2018-11-26','YYYY-MM-DD'));
INSERT INTO Canteranos VALUES (2000000014, 4, 'Juvenil', TO_DATE('2023-08-17','YYYY-MM-DD'));
INSERT INTO Canteranos VALUES (2000000015, 3, 'Sub-16', TO_DATE('2023-07-21','YYYY-MM-DD'));
INSERT INTO Canteranos VALUES (2000000016, 4, 'Sub-18', TO_DATE('2015-11-16','YYYY-MM-DD'));
INSERT INTO Canteranos VALUES (2000000017, 5, 'Sub-20', TO_DATE('2016-02-03','YYYY-MM-DD'));
INSERT INTO Canteranos VALUES (2000000018, 1, 'Sub-20', TO_DATE('2016-07-13','YYYY-MM-DD'));
INSERT INTO Canteranos VALUES (2000000019, 1, 'Sub-20', TO_DATE('2024-11-27','YYYY-MM-DD'));
INSERT INTO Canteranos VALUES (2000000020, 1, 'Sub-16', TO_DATE('2021-10-10','YYYY-MM-DD'));
INSERT INTO Canteranos VALUES (2000000021, 4, 'Sub-20', TO_DATE('2018-12-24','YYYY-MM-DD'));
INSERT INTO Canteranos VALUES (2000000022, 2, 'Sub-20', TO_DATE('2017-01-03','YYYY-MM-DD'));
INSERT INTO Canteranos VALUES (2000000023, 3, 'Juvenil', TO_DATE('2021-11-17','YYYY-MM-DD'));
INSERT INTO Canteranos VALUES (2000000024, 3, 'Juvenil', TO_DATE('2021-08-04','YYYY-MM-DD'));
INSERT INTO Canteranos VALUES (2000000025, 5, 'Sub-16', TO_DATE('2018-08-27','YYYY-MM-DD'));
INSERT INTO Canteranos VALUES (2000000026, 2, 'Sub-20', TO_DATE('2021-04-26','YYYY-MM-DD'));
INSERT INTO Canteranos VALUES (2000000027, 5, 'Sub-16', TO_DATE('2020-12-17','YYYY-MM-DD'));
INSERT INTO Canteranos VALUES (2000000028, 3, 'Sub-18', TO_DATE('2016-01-18','YYYY-MM-DD'));
INSERT INTO Canteranos VALUES (2000000029, 2, 'Sub-20', TO_DATE('2016-01-01','YYYY-MM-DD'));
INSERT INTO Canteranos VALUES (2000000030, 2, 'Sub-20', TO_DATE('2017-03-29','YYYY-MM-DD'));
INSERT INTO Canteranos VALUES (2000000031, 4, 'Sub-16', TO_DATE('2020-05-13','YYYY-MM-DD'));
INSERT INTO Canteranos VALUES (2000000032, 4, 'Sub-16', TO_DATE('2019-12-25','YYYY-MM-DD'));
INSERT INTO Canteranos VALUES (2000000033, 2, 'Sub-20', TO_DATE('2020-07-11','YYYY-MM-DD'));
INSERT INTO Canteranos VALUES (2000000034, 4, 'Sub-20', TO_DATE('2021-08-21','YYYY-MM-DD'));
INSERT INTO Canteranos VALUES (2000000035, 4, 'Sub-20', TO_DATE('2021-05-04','YYYY-MM-DD'));
INSERT INTO Canteranos VALUES (2000000036, 2, 'Sub-16', TO_DATE('2024-07-21','YYYY-MM-DD'));
INSERT INTO Canteranos VALUES (2000000037, 5, 'Sub-18', TO_DATE('2023-03-16','YYYY-MM-DD'));
INSERT INTO Canteranos VALUES (2000000038, 2, 'Sub-16', TO_DATE('2016-05-09','YYYY-MM-DD'));
INSERT INTO Canteranos VALUES (2000000039, 2, 'Sub-18', TO_DATE('2015-05-12','YYYY-MM-DD'));
INSERT INTO Canteranos VALUES (2000000040, 2, 'Sub-16', TO_DATE('2017-07-19','YYYY-MM-DD'));
INSERT INTO Canteranos VALUES (2000000041, 5, 'Juvenil', TO_DATE('2017-03-15','YYYY-MM-DD'));
INSERT INTO Canteranos VALUES (2000000042, 5, 'Juvenil', TO_DATE('2018-06-30','YYYY-MM-DD'));
INSERT INTO Canteranos VALUES (2000000043, 3, 'Sub-20', TO_DATE('2017-09-13','YYYY-MM-DD'));
INSERT INTO Canteranos VALUES (2000000044, 2, 'Sub-18', TO_DATE('2015-02-17','YYYY-MM-DD'));
INSERT INTO Canteranos VALUES (2000000045, 5, 'Sub-18', TO_DATE('2023-02-19','YYYY-MM-DD'));
INSERT INTO Canteranos VALUES (2000000046, 4, 'Sub-18', TO_DATE('2016-09-13','YYYY-MM-DD'));
INSERT INTO Canteranos VALUES (2000000047, 4, 'Sub-20', TO_DATE('2018-09-10','YYYY-MM-DD'));
INSERT INTO Canteranos VALUES (2000000048, 3, 'Sub-20', TO_DATE('2024-08-28','YYYY-MM-DD'));
INSERT INTO Canteranos VALUES (2000000049, 4, 'Sub-18', TO_DATE('2022-08-17','YYYY-MM-DD'));
INSERT INTO Canteranos VALUES (2000000050, 3, 'Juvenil', TO_DATE('2017-03-03','YYYY-MM-DD'));
INSERT INTO Canteranos VALUES (2000000051, 2, 'Sub-18', TO_DATE('2019-03-25','YYYY-MM-DD'));
INSERT INTO Canteranos VALUES (2000000052, 2, 'Sub-16', TO_DATE('2018-08-30','YYYY-MM-DD'));
INSERT INTO Canteranos VALUES (2000000053, 1, 'Sub-16', TO_DATE('2023-04-23','YYYY-MM-DD'));
INSERT INTO Canteranos VALUES (2000000054, 4, 'Sub-20', TO_DATE('2022-03-21','YYYY-MM-DD'));
INSERT INTO Canteranos VALUES (2000000055, 1, 'Sub-20', TO_DATE('2022-07-19','YYYY-MM-DD'));
INSERT INTO Canteranos VALUES (2000000056, 2, 'Sub-16', TO_DATE('2018-12-02','YYYY-MM-DD'));
INSERT INTO Canteranos VALUES (2000000057, 2, 'Sub-16', TO_DATE('2023-11-09','YYYY-MM-DD'));
INSERT INTO Canteranos VALUES (2000000058, 3, 'Sub-20', TO_DATE('2018-04-17','YYYY-MM-DD'));
INSERT INTO Canteranos VALUES (2000000059, 4, 'Juvenil', TO_DATE('2023-11-16','YYYY-MM-DD'));
INSERT INTO Canteranos VALUES (2000000060, 5, 'Sub-18', TO_DATE('2017-10-27','YYYY-MM-DD'));
INSERT INTO Canteranos VALUES (2000000061, 1, 'Sub-16', TO_DATE('2018-06-26','YYYY-MM-DD'));
INSERT INTO Canteranos VALUES (2000000062, 3, 'Juvenil', TO_DATE('2023-06-15','YYYY-MM-DD'));
INSERT INTO Canteranos VALUES (2000000063, 1, 'Sub-16', TO_DATE('2016-12-17','YYYY-MM-DD'));
INSERT INTO Canteranos VALUES (2000000064, 4, 'Sub-20', TO_DATE('2024-02-15','YYYY-MM-DD'));
INSERT INTO Canteranos VALUES (2000000065, 2, 'Juvenil', TO_DATE('2016-02-24','YYYY-MM-DD'));
INSERT INTO Canteranos VALUES (2000000066, 3, 'Sub-20', TO_DATE('2016-03-08','YYYY-MM-DD'));
INSERT INTO Canteranos VALUES (2000000067, 3, 'Juvenil', TO_DATE('2017-11-13','YYYY-MM-DD'));
INSERT INTO Canteranos VALUES (2000000068, 2, 'Juvenil', TO_DATE('2016-08-21','YYYY-MM-DD'));
INSERT INTO Canteranos VALUES (2000000069, 3, 'Sub-18', TO_DATE('2020-10-24','YYYY-MM-DD'));
INSERT INTO Canteranos VALUES (2000000070, 2, 'Juvenil', TO_DATE('2018-12-29','YYYY-MM-DD'));
INSERT INTO Canteranos VALUES (2000000071, 5, 'Sub-18', TO_DATE('2025-01-01','YYYY-MM-DD'));
INSERT INTO Canteranos VALUES (2000000072, 4, 'Sub-16', TO_DATE('2019-04-28','YYYY-MM-DD'));
INSERT INTO Canteranos VALUES (2000000073, 2, 'Sub-20', TO_DATE('2023-10-18','YYYY-MM-DD'));
INSERT INTO Canteranos VALUES (2000000074, 2, 'Sub-16', TO_DATE('2017-08-18','YYYY-MM-DD'));
INSERT INTO Canteranos VALUES (2000000075, 4, 'Sub-16', TO_DATE('2018-12-04','YYYY-MM-DD'));
INSERT INTO Canteranos VALUES (2000000076, 2, 'Sub-20', TO_DATE('2021-01-01','YYYY-MM-DD'));
INSERT INTO Canteranos VALUES (2000000077, 2, 'Juvenil', TO_DATE('2016-11-05','YYYY-MM-DD'));
INSERT INTO Canteranos VALUES (2000000078, 3, 'Sub-16', TO_DATE('2015-08-09','YYYY-MM-DD'));
INSERT INTO Canteranos VALUES (2000000079, 1, 'Sub-20', TO_DATE('2019-01-17','YYYY-MM-DD'));
INSERT INTO Canteranos VALUES (2000000080, 4, 'Sub-20', TO_DATE('2018-12-28','YYYY-MM-DD'));
INSERT INTO Canteranos VALUES (2000000081, 1, 'Sub-20', TO_DATE('2024-03-10','YYYY-MM-DD'));
INSERT INTO Canteranos VALUES (2000000082, 1, 'Juvenil', TO_DATE('2020-12-29','YYYY-MM-DD'));
INSERT INTO Canteranos VALUES (2000000083, 2, 'Sub-18', TO_DATE('2016-06-26','YYYY-MM-DD'));
INSERT INTO Canteranos VALUES (2000000084, 1, 'Sub-18', TO_DATE('2016-09-20','YYYY-MM-DD'));
INSERT INTO Canteranos VALUES (2000000085, 4, 'Sub-16', TO_DATE('2018-06-19','YYYY-MM-DD'));
INSERT INTO Canteranos VALUES (2000000086, 4, 'Sub-18', TO_DATE('2019-07-26','YYYY-MM-DD'));
INSERT INTO Canteranos VALUES (2000000087, 4, 'Sub-20', TO_DATE('2021-01-01','YYYY-MM-DD'));
INSERT INTO Canteranos VALUES (2000000088, 4, 'Sub-20', TO_DATE('2019-04-18','YYYY-MM-DD'));
INSERT INTO Canteranos VALUES (2000000089, 1, 'Juvenil', TO_DATE('2020-02-07','YYYY-MM-DD'));
INSERT INTO Canteranos VALUES (2000000090, 3, 'Sub-18', TO_DATE('2019-02-07','YYYY-MM-DD'));
INSERT INTO Canteranos VALUES (2000000091, 2, 'Juvenil', TO_DATE('2020-07-18','YYYY-MM-DD'));
INSERT INTO Canteranos VALUES (2000000092, 4, 'Sub-16', TO_DATE('2018-05-14','YYYY-MM-DD'));
INSERT INTO Canteranos VALUES (2000000093, 2, 'Sub-18', TO_DATE('2020-09-15','YYYY-MM-DD'));
INSERT INTO Canteranos VALUES (2000000094, 2, 'Juvenil', TO_DATE('2024-02-10','YYYY-MM-DD'));
INSERT INTO Canteranos VALUES (2000000095, 3, 'Sub-20', TO_DATE('2018-08-16','YYYY-MM-DD'));
INSERT INTO Canteranos VALUES (2000000096, 2, 'Sub-20', TO_DATE('2024-06-30','YYYY-MM-DD'));
INSERT INTO Canteranos VALUES (2000000097, 3, 'Sub-16', TO_DATE('2015-02-25','YYYY-MM-DD'));
INSERT INTO Canteranos VALUES (2000000098, 4, 'Sub-20', TO_DATE('2021-11-11','YYYY-MM-DD'));
INSERT INTO Canteranos VALUES (2000000099, 3, 'Sub-16', TO_DATE('2016-11-11','YYYY-MM-DD'));

COMMIT;

--Extranjeros
INSERT INTO Extranjeros VALUES (2000000100, 'Uruguay', 1, TO_DATE('2024-05-13','YYYY-MM-DD'));
INSERT INTO Extranjeros VALUES (2000000101, 'Uruguay', 0, TO_DATE('2019-05-17','YYYY-MM-DD'));
INSERT INTO Extranjeros VALUES (2000000103, 'Chile', 0, TO_DATE('2021-09-11','YYYY-MM-DD'));
INSERT INTO Extranjeros VALUES (2000000104, 'Brasil', 0, TO_DATE('2024-04-19','YYYY-MM-DD'));
INSERT INTO Extranjeros VALUES (2000000105, 'Uruguay', 0, TO_DATE('2024-10-09','YYYY-MM-DD'));
INSERT INTO Extranjeros VALUES (2000000107, 'Uruguay', 0, TO_DATE('2024-02-26','YYYY-MM-DD'));
INSERT INTO Extranjeros VALUES (2000000109, 'Uruguay', 0, TO_DATE('2022-11-26','YYYY-MM-DD'));
INSERT INTO Extranjeros VALUES (2000000110, 'Brasil', 1, TO_DATE('2018-05-10','YYYY-MM-DD'));
INSERT INTO Extranjeros VALUES (2000000111, 'Argentina', 1, TO_DATE('2019-02-27','YYYY-MM-DD'));
INSERT INTO Extranjeros VALUES (2000000112, 'Brasil', 0, TO_DATE('2020-06-03','YYYY-MM-DD'));
INSERT INTO Extranjeros VALUES (2000000113, 'Paraguay', 1, TO_DATE('2021-05-06','YYYY-MM-DD'));
INSERT INTO Extranjeros VALUES (2000000114, 'Chile', 1, TO_DATE('2023-04-25','YYYY-MM-DD'));
INSERT INTO Extranjeros VALUES (2000000115, 'Argentina', 0, TO_DATE('2024-07-23','YYYY-MM-DD'));
INSERT INTO Extranjeros VALUES (2000000116, 'Brasil', 1, TO_DATE('2019-01-02','YYYY-MM-DD'));
INSERT INTO Extranjeros VALUES (2000000117, 'Paraguay', 1, TO_DATE('2018-06-05','YYYY-MM-DD'));
INSERT INTO Extranjeros VALUES (2000000118, 'Uruguay', 0, TO_DATE('2024-02-23','YYYY-MM-DD'));
INSERT INTO Extranjeros VALUES (2000000119, 'Argentina', 0, TO_DATE('2024-12-20','YYYY-MM-DD'));
INSERT INTO Extranjeros VALUES (2000000120, 'Uruguay', 0, TO_DATE('2018-02-05','YYYY-MM-DD'));
INSERT INTO Extranjeros VALUES (2000000121, 'Brasil', 0, TO_DATE('2020-11-17','YYYY-MM-DD'));
INSERT INTO Extranjeros VALUES (2000000122, 'Paraguay', 1, TO_DATE('2024-11-21','YYYY-MM-DD'));
INSERT INTO Extranjeros VALUES (2000000123, 'Brasil', 1, TO_DATE('2020-07-14','YYYY-MM-DD'));
INSERT INTO Extranjeros VALUES (2000000124, 'Brasil', 0, TO_DATE('2019-07-25','YYYY-MM-DD'));
INSERT INTO Extranjeros VALUES (2000000125, 'Argentina', 1, TO_DATE('2022-06-28','YYYY-MM-DD'));
INSERT INTO Extranjeros VALUES (2000000126, 'Paraguay', 0, TO_DATE('2022-08-29','YYYY-MM-DD'));
INSERT INTO Extranjeros VALUES (2000000127, 'Argentina', 0, TO_DATE('2020-02-23','YYYY-MM-DD'));
INSERT INTO Extranjeros VALUES (2000000128, 'Uruguay', 1, TO_DATE('2021-02-13','YYYY-MM-DD'));
INSERT INTO Extranjeros VALUES (2000000129, 'Brasil', 0, TO_DATE('2021-01-31','YYYY-MM-DD'));
INSERT INTO Extranjeros VALUES (2000000130, 'Uruguay', 1, TO_DATE('2021-10-27','YYYY-MM-DD'));
INSERT INTO Extranjeros VALUES (2000000131, 'Uruguay', 0, TO_DATE('2021-10-08','YYYY-MM-DD'));
INSERT INTO Extranjeros VALUES (2000000132, 'Brasil', 0, TO_DATE('2022-02-11','YYYY-MM-DD'));
INSERT INTO Extranjeros VALUES (2000000133, 'Argentina', 0, TO_DATE('2023-02-28','YYYY-MM-DD'));
INSERT INTO Extranjeros VALUES (2000000134, 'Paraguay', 1, TO_DATE('2024-02-10','YYYY-MM-DD'));
INSERT INTO Extranjeros VALUES (2000000138, 'Uruguay', 0, TO_DATE('2020-12-31','YYYY-MM-DD'));
INSERT INTO Extranjeros VALUES (2000000139, 'Paraguay', 1, TO_DATE('2019-11-11','YYYY-MM-DD'));
INSERT INTO Extranjeros VALUES (2000000140, 'Argentina', 1, TO_DATE('2019-10-11','YYYY-MM-DD'));
INSERT INTO Extranjeros VALUES (2000000141, 'Uruguay', 1, TO_DATE('2023-11-11','YYYY-MM-DD'));
INSERT INTO Extranjeros VALUES (2000000142, 'Argentina', 0, TO_DATE('2020-11-04','YYYY-MM-DD'));
INSERT INTO Extranjeros VALUES (2000000143, 'Uruguay', 1, TO_DATE('2024-07-30','YYYY-MM-DD'));
INSERT INTO Extranjeros VALUES (2000000144, 'Brasil', 1, TO_DATE('2024-04-23','YYYY-MM-DD'));
INSERT INTO Extranjeros VALUES (2000000146, 'Paraguay', 0, TO_DATE('2021-03-27','YYYY-MM-DD'));
INSERT INTO Extranjeros VALUES (2000000147, 'Brasil', 0, TO_DATE('2019-05-16','YYYY-MM-DD'));
INSERT INTO Extranjeros VALUES (2000000148, 'Argentina', 0, TO_DATE('2022-11-06','YYYY-MM-DD'));
INSERT INTO Extranjeros VALUES (2000000149, 'Chile', 0, TO_DATE('2018-05-21','YYYY-MM-DD'));
INSERT INTO Extranjeros VALUES (2000000150, 'Argentina', 0, TO_DATE('2021-05-07','YYYY-MM-DD'));
INSERT INTO Extranjeros VALUES (2000000152, 'Paraguay', 0, TO_DATE('2024-10-10','YYYY-MM-DD'));
INSERT INTO Extranjeros VALUES (2000000153, 'Brasil', 0, TO_DATE('2024-09-28','YYYY-MM-DD'));
INSERT INTO Extranjeros VALUES (2000000155, 'Paraguay', 1, TO_DATE('2018-09-14','YYYY-MM-DD'));
INSERT INTO Extranjeros VALUES (2000000156, 'Argentina', 0, TO_DATE('2022-08-01','YYYY-MM-DD'));
INSERT INTO Extranjeros VALUES (2000000157, 'Paraguay', 0, TO_DATE('2022-08-16','YYYY-MM-DD'));
INSERT INTO Extranjeros VALUES (2000000158, 'Paraguay', 1, TO_DATE('2018-07-20','YYYY-MM-DD'));
INSERT INTO Extranjeros VALUES (2000000161, 'Chile', 1, TO_DATE('2023-09-05','YYYY-MM-DD'));
INSERT INTO Extranjeros VALUES (2000000162, 'Uruguay', 0, TO_DATE('2022-03-08','YYYY-MM-DD'));
INSERT INTO Extranjeros VALUES (2000000163, 'Uruguay', 1, TO_DATE('2024-06-19','YYYY-MM-DD'));
INSERT INTO Extranjeros VALUES (2000000164, 'Paraguay', 0, TO_DATE('2019-12-21','YYYY-MM-DD'));
INSERT INTO Extranjeros VALUES (2000000169, 'Argentina', 0, TO_DATE('2022-09-07','YYYY-MM-DD'));
INSERT INTO Extranjeros VALUES (2000000170, 'Paraguay', 0, TO_DATE('2018-08-16','YYYY-MM-DD'));
INSERT INTO Extranjeros VALUES (2000000171, 'Brasil', 1, TO_DATE('2024-11-24','YYYY-MM-DD'));
INSERT INTO Extranjeros VALUES (2000000172, 'Uruguay', 0, TO_DATE('2019-03-17','YYYY-MM-DD'));
INSERT INTO Extranjeros VALUES (2000000197, 'Argentina', 1, TO_DATE('2020-12-07','YYYY-MM-DD'));
INSERT INTO Extranjeros VALUES (2000000198, 'Argentina', 0, TO_DATE('2024-03-03','YYYY-MM-DD'));
INSERT INTO Extranjeros VALUES (2000000199, 'Chile', 1, TO_DATE('2019-04-03','YYYY-MM-DD'));

COMMIT;


--Representantes
INSERT INTO Representantes VALUES (2000010000, 'María Hernández', 3908362211, 9, 2000000000);
INSERT INTO Representantes VALUES (2000010002, 'Carmen Bautista', 3539116095, 12, 2000000002);
INSERT INTO Representantes VALUES (2000010003, 'Marta Ruiz', 3859827936, 14, 2000000003);
INSERT INTO Representantes VALUES (2000010004, 'Beatriz Muñoz', 3394896504, 10, 2000000004);
INSERT INTO Representantes VALUES (2000010005, 'Beatriz Hernández', 3154538740, 6, 2000000005);
INSERT INTO Representantes VALUES (2000010006, 'Isabel Jiménez', 3086052288, 6, 2000000006);
INSERT INTO Representantes VALUES (2000010007, 'Lucía Hernández', 3418822445, 16, 2000000007);
INSERT INTO Representantes VALUES (2000010008, 'Isabel Soto', 3408384822, 18, 2000000008);
INSERT INTO Representantes VALUES (2000010009, 'Pilar De la Cruz', 3017155433, 17, 2000000009);
INSERT INTO Representantes VALUES (2000010010, 'Raquel Campos', 3072354513, 7, 2000000010);
INSERT INTO Representantes VALUES (2000010011, 'Sofía Muñoz', 3476453753, 2, 2000000011);
INSERT INTO Representantes VALUES (2000010012, 'María De la Cruz', 3075490577, 9, 2000000012);
INSERT INTO Representantes VALUES (2000010013, 'Paula Hernández', 3346704786, 14, 2000000013);
INSERT INTO Representantes VALUES (2000010014, 'Antonia Guerra', 3865350422, 16, 2000000014);
INSERT INTO Representantes VALUES (2000010015, 'Sandra Ramos', 3652366641, 17, 2000000015);
INSERT INTO Representantes VALUES (2000010016, 'María Navarro', 3191753705, 1, 2000000016);
INSERT INTO Representantes VALUES (2000010017, 'Elena Bautista', 3440711709, 10, 2000000017);
INSERT INTO Representantes VALUES (2000010018, 'Marisol Soto', 3007540513, 1, 2000000018);
INSERT INTO Representantes VALUES (2000010019, 'Silvia Soto', 3660068536, 10, 2000000019);
INSERT INTO Representantes VALUES (2000010020, 'Sandra Campos', 3727779497, 17, 2000000020);
INSERT INTO Representantes VALUES (2000010021, 'Laura Reyes', 3856368611, 17, 2000000021);
INSERT INTO Representantes VALUES (2000010022, 'Beatriz Vega', 3696224625, 18, 2000000022);
INSERT INTO Representantes VALUES (2000010023, 'Beatriz Campos', 3271927546, 3, 2000000023);
INSERT INTO Representantes VALUES (2000010024, 'Paula Vega', 3406046165, 14, 2000000024);
INSERT INTO Representantes VALUES (2000010025, 'Carmen Lara', 3883561497, 9, 2000000025);
INSERT INTO Representantes VALUES (2000010026, 'Laura Ruiz', 3448508518, 2, 2000000026);
INSERT INTO Representantes VALUES (2000010027, 'Antonia Díaz', 3107617901, 3, 2000000027);
INSERT INTO Representantes VALUES (2000010028, 'Pilar Herrera', 3356334138, 8, 2000000028);
INSERT INTO Representantes VALUES (2000010029, 'Montserrat Navarro', 3125402547, 3, 2000000029);
INSERT INTO Representantes VALUES (2000010030, 'Silvia Guerra', 3230582207, 7, 2000000030);
INSERT INTO Representantes VALUES (2000010031, 'Pilar Díaz', 3342459769, 16, 2000000031);
INSERT INTO Representantes VALUES (2000010032, 'María Guerra', 3574529607, 3, 2000000032);
INSERT INTO Representantes VALUES (2000010033, 'Patricia Castro', 3952201840, 14, 2000000033);
INSERT INTO Representantes VALUES (2000010034, 'Silvia De la Cruz', 3908747247, 10, 2000000034);
INSERT INTO Representantes VALUES (2000010035, 'Marta Jiménez', 3234617015, 9, 2000000035);
INSERT INTO Representantes VALUES (2000010036, 'María Herrero', 3764354588, 9, 2000000036);
INSERT INTO Representantes VALUES (2000010037, 'Sandra Maldonado', 3515095999, 10, 2000000037);
INSERT INTO Representantes VALUES (2000010038, 'Ana Guerra', 3082375132, 12, 2000000038);
INSERT INTO Representantes VALUES (2000010039, 'Isabel Guerra', 3372773089, 9, 2000000039);
INSERT INTO Representantes VALUES (2000010040, 'Patricia Vega', 3933480616, 5, 2000000040);
INSERT INTO Representantes VALUES (2000010041, 'Raquel Campos', 3311072059, 12, 2000000041);
INSERT INTO Representantes VALUES (2000010042, 'Marta Gómez', 3471569368, 3, 2000000042);
INSERT INTO Representantes VALUES (2000010043, 'Sandra Díaz', 3715682147, 18, 2000000043);
INSERT INTO Representantes VALUES (2000010044, 'Isabel Jiménez', 3807497226, 5, 2000000044);
INSERT INTO Representantes VALUES (2000010045, 'Sandra Campos', 3200384948, 20, 2000000045);
INSERT INTO Representantes VALUES (2000010046, 'Rocío Guerra', 3838573300, 13, 2000000046);
INSERT INTO Representantes VALUES (2000010047, 'Pilar Navarro', 3343962228, 12, 2000000047);
INSERT INTO Representantes VALUES (2000010048, 'Sofía Maldonado', 3306002272, 16, 2000000048);
INSERT INTO Representantes VALUES (2000010049, 'Pilar Soto', 3301551562, 3, 2000000049);
INSERT INTO Representantes VALUES (2000010050, 'Pilar Gómez', 3520322341, 8, 2000000050);
INSERT INTO Representantes VALUES (2000010051, 'Paula Reyes', 3633907466, 6, 2000000051);
INSERT INTO Representantes VALUES (2000010052, 'Patricia Hernández', 3835877307, 18, 2000000052);
INSERT INTO Representantes VALUES (2000010053, 'Laura Ruiz', 3458300644, 10, 2000000053);
INSERT INTO Representantes VALUES (2000010054, 'Carmen Campos', 3697939239, 11, 2000000054);
INSERT INTO Representantes VALUES (2000010055, 'Marisol Lara', 3763879864, 6, 2000000055);
INSERT INTO Representantes VALUES (2000010056, 'Montserrat De la Cruz', 3655845526, 12, 2000000056);
INSERT INTO Representantes VALUES (2000010057, 'Montserrat Maldonado', 3260683441, 14, 2000000057);
INSERT INTO Representantes VALUES (2000010058, 'Lucía Campos', 3219489881, 8, 2000000058);
INSERT INTO Representantes VALUES (2000010059, 'Ana Castro', 3489174946, 4, 2000000059);
INSERT INTO Representantes VALUES (2000010060, 'Marta Bautista', 3005898831, 1, 2000000060);
INSERT INTO Representantes VALUES (2000010061, 'María Gómez', 3433219667, 18, 2000000061);
INSERT INTO Representantes VALUES (2000010062, 'Raquel Vega', 3221576414, 3, 2000000062);
INSERT INTO Representantes VALUES (2000010063, 'Silvia Vega', 3957454684, 5, 2000000063);
INSERT INTO Representantes VALUES (2000010064, 'Raquel Herrero', 3633076196, 8, 2000000064);
INSERT INTO Representantes VALUES (2000010065, 'Raquel Lara', 3843855262, 14, 2000000065);
INSERT INTO Representantes VALUES (2000010066, 'Isabel De la Cruz', 3273782184, 1, 2000000066);
INSERT INTO Representantes VALUES (2000010067, 'Montserrat Bautista', 3887354868, 6, 2000000067);
INSERT INTO Representantes VALUES (2000010068, 'Silvia Lara', 3884433677, 13, 2000000068);
INSERT INTO Representantes VALUES (2000010069, 'Sofía Castro', 3142919162, 18, 2000000069);
INSERT INTO Representantes VALUES (2000010070, 'Laura Herrera', 3288711993, 20, 2000000070);
INSERT INTO Representantes VALUES (2000010071, 'Montserrat Herrera', 3447664963, 3, 2000000071);
INSERT INTO Representantes VALUES (2000010072, 'María Hernández', 3182326083, 1, 2000000072);
INSERT INTO Representantes VALUES (2000010073, 'Rocío Reyes', 3845070144, 4, 2000000073);
INSERT INTO Representantes VALUES (2000010074, 'María Herrero', 3655638886, 7, 2000000074);
INSERT INTO Representantes VALUES (2000010075, 'Marta Guerra', 3392618547, 9, 2000000075);
INSERT INTO Representantes VALUES (2000010076, 'Rocío Navarro', 3556093033, 12, 2000000076);
INSERT INTO Representantes VALUES (2000010077, 'María Herrero', 3293151772, 12, 2000000077);
INSERT INTO Representantes VALUES (2000010078, 'Ana Díaz', 3070290021, 14, 2000000078);
INSERT INTO Representantes VALUES (2000010079, 'Isabel Hernández', 3318812928, 8, 2000000079);
INSERT INTO Representantes VALUES (2000010080, 'Elena Maldonado', 3074958695, 3, 2000000080);
INSERT INTO Representantes VALUES (2000010081, 'Lucía Gómez', 3395564355, 7, 2000000081);
INSERT INTO Representantes VALUES (2000010082, 'Laura Navarro', 3967969725, 3, 2000000082);
INSERT INTO Representantes VALUES (2000010083, 'Patricia Herrero', 3650645654, 20, 2000000083);
INSERT INTO Representantes VALUES (2000010084, 'Carmen Campos', 3275031885, 3, 2000000084);
INSERT INTO Representantes VALUES (2000010085, 'Silvia Guerra', 3814245763, 20, 2000000085);
INSERT INTO Representantes VALUES (2000010086, 'Montserrat Ramos', 3951660022, 20, 2000000086);
INSERT INTO Representantes VALUES (2000010087, 'Sofía Vega', 3857538116, 11, 2000000087);
INSERT INTO Representantes VALUES (2000010088, 'Paula Guerra', 3028256010, 17, 2000000088);
INSERT INTO Representantes VALUES (2000010089, 'Patricia Jiménez', 3987515244, 3, 2000000089);
INSERT INTO Representantes VALUES (2000010090, 'Elena Castro', 3177422477, 3, 2000000090);
INSERT INTO Representantes VALUES (2000010091, 'Lucía Campos', 3316267300, 13, 2000000091);
INSERT INTO Representantes VALUES (2000010092, 'Paula Díaz', 3098840704, 20, 2000000092);
INSERT INTO Representantes VALUES (2000010093, 'Ana Muñoz', 3695718100, 2, 2000000093);
INSERT INTO Representantes VALUES (2000010094, 'Beatriz Navarro', 3433935617, 4, 2000000094);
INSERT INTO Representantes VALUES (2000010095, 'Antonia Bautista', 3326398543, 11, 2000000095);
INSERT INTO Representantes VALUES (2000010096, 'Antonia Soto', 3889414332, 4, 2000000096);
INSERT INTO Representantes VALUES (2000010097, 'Rocío Reyes', 3439944408, 6, 2000000097);
INSERT INTO Representantes VALUES (2000010098, 'Pilar Díaz', 3841996693, 8, 2000000098);
INSERT INTO Representantes VALUES (2000010099, 'Silvia Navarro', 3538899558, 4, 2000000099);
INSERT INTO Representantes VALUES (2000010100, 'Elena De la Cruz', 3401628895, 11, 2000000100);
INSERT INTO Representantes VALUES (2000010101, 'Marta Hernández', 3561271003, 13, 2000000101);
INSERT INTO Representantes VALUES (2000010102, 'Pilar Muñoz', 3236064292, 3, 2000000102);
INSERT INTO Representantes VALUES (2000010103, 'Patricia Lara', 3874949568, 17, 2000000103);
INSERT INTO Representantes VALUES (2000010104, 'Montserrat Lara', 3199739929, 11, 2000000104);
INSERT INTO Representantes VALUES (2000010105, 'Rocío Castro', 3591077789, 13, 2000000105);
INSERT INTO Representantes VALUES (2000010106, 'Rocío Bautista', 3633006536, 20, 2000000106);
INSERT INTO Representantes VALUES (2000010107, 'Silvia Bautista', 3391111787, 15, 2000000107);
INSERT INTO Representantes VALUES (2000010108, 'Lucía Herrera', 3459726012, 2, 2000000108);
INSERT INTO Representantes VALUES (2000010109, 'Isabel Castro', 3534872970, 9, 2000000109);
INSERT INTO Representantes VALUES (2000010110, 'Pilar Ruiz', 3198020934, 5, 2000000110);
INSERT INTO Representantes VALUES (2000010111, 'Isabel Soto', 3726038236, 3, 2000000111);
INSERT INTO Representantes VALUES (2000010112, 'Sofía Vega', 3092149114, 6, 2000000112);
INSERT INTO Representantes VALUES (2000010113, 'Beatriz Díaz', 3236960135, 6, 2000000113);
INSERT INTO Representantes VALUES (2000010114, 'Sofía Vega', 3507526264, 1, 2000000114);
INSERT INTO Representantes VALUES (2000010115, 'Antonia Herrero', 3435783521, 7, 2000000115);
INSERT INTO Representantes VALUES (2000010116, 'Silvia Campos', 3218726508, 11, 2000000116);
INSERT INTO Representantes VALUES (2000010117, 'Marisol Reyes', 3404272700, 15, 2000000117);
INSERT INTO Representantes VALUES (2000010118, 'Lucía Castro', 3603093606, 7, 2000000118);
INSERT INTO Representantes VALUES (2000010119, 'Silvia Hernández', 3092668461, 3, 2000000119);
INSERT INTO Representantes VALUES (2000010120, 'Marisol Hernández', 3774028677, 1, 2000000120);
INSERT INTO Representantes VALUES (2000010121, 'Raquel Ramos', 3825574463, 2, 2000000121);
INSERT INTO Representantes VALUES (2000010122, 'Marta Jiménez', 3580041063, 18, 2000000122);
INSERT INTO Representantes VALUES (2000010123, 'Silvia Maldonado', 3492284376, 7, 2000000123);
INSERT INTO Representantes VALUES (2000010124, 'Isabel Castro', 3729058627, 10, 2000000124);
INSERT INTO Representantes VALUES (2000010125, 'Marisol Muñoz', 3494772385, 19, 2000000125);
INSERT INTO Representantes VALUES (2000010126, 'Sandra Herrera', 3892295469, 2, 2000000126);
INSERT INTO Representantes VALUES (2000010127, 'Elena Maldonado', 3364511834, 15, 2000000127);
INSERT INTO Representantes VALUES (2000010128, 'Montserrat Herrera', 3506768750, 3, 2000000128);
INSERT INTO Representantes VALUES (2000010129, 'Lucía Jiménez', 3973305017, 16, 2000000129);
INSERT INTO Representantes VALUES (2000010130, 'Beatriz Navarro', 3110839479, 14, 2000000130);
INSERT INTO Representantes VALUES (2000010131, 'Antonia Gómez', 3996758663, 11, 2000000131);
INSERT INTO Representantes VALUES (2000010132, 'Ana Herrera', 3020708046, 12, 2000000132);
INSERT INTO Representantes VALUES (2000010133, 'Marisol Lara', 3859196488, 2, 2000000133);
INSERT INTO Representantes VALUES (2000010134, 'Patricia Maldonado', 3349607204, 9, 2000000134);
INSERT INTO Representantes VALUES (2000010135, 'Beatriz Ruiz', 3295942356, 10, 2000000135);
INSERT INTO Representantes VALUES (2000010136, 'Marta Reyes', 3574421798, 7, 2000000136);
INSERT INTO Representantes VALUES (2000010137, 'Raquel De la Cruz', 3383099175, 1, 2000000137);
INSERT INTO Representantes VALUES (2000010138, 'Sofía Ruiz', 3074325579, 10, 2000000138);
INSERT INTO Representantes VALUES (2000010139, 'Laura Vega', 3266702225, 11, 2000000139);
INSERT INTO Representantes VALUES (2000010140, 'Sofía Bautista', 3713256413, 12, 2000000140);
INSERT INTO Representantes VALUES (2000010141, 'Sofía Herrera', 3912798168, 19, 2000000141);
INSERT INTO Representantes VALUES (2000010142, 'Rocío Campos', 3433254684, 3, 2000000142);
INSERT INTO Representantes VALUES (2000010143, 'Rocío Bautista', 3282907611, 14, 2000000143);
INSERT INTO Representantes VALUES (2000010144, 'Isabel Muñoz', 3511498085, 13, 2000000144);
INSERT INTO Representantes VALUES (2000010145, 'Lucía Castro', 3467718183, 4, 2000000145);
INSERT INTO Representantes VALUES (2000010146, 'Rocío Herrero', 3907887632, 5, 2000000146);
INSERT INTO Representantes VALUES (2000010147, 'Rocío Castro', 3197837410, 17, 2000000147);
INSERT INTO Representantes VALUES (2000010148, 'Carmen Ruiz', 3822734078, 8, 2000000148);
INSERT INTO Representantes VALUES (2000010149, 'Beatriz Jiménez', 3063928268, 3, 2000000149);
INSERT INTO Representantes VALUES (2000010150, 'Sofía Muñoz', 3880814631, 5, 2000000150);
INSERT INTO Representantes VALUES (2000010151, 'Sofía Gómez', 3355184924, 6, 2000000151);
INSERT INTO Representantes VALUES (2000010152, 'Silvia Gómez', 3674992242, 2, 2000000152);
INSERT INTO Representantes VALUES (2000010153, 'Carmen Navarro', 3911899087, 19, 2000000153);
INSERT INTO Representantes VALUES (2000010154, 'Beatriz Díaz', 3253935219, 17, 2000000154);
INSERT INTO Representantes VALUES (2000010155, 'Silvia Herrera', 3533121418, 7, 2000000155);
INSERT INTO Representantes VALUES (2000010156, 'Marta Castro', 3287555678, 7, 2000000156);
INSERT INTO Representantes VALUES (2000010157, 'Ana Jiménez', 3962674398, 15, 2000000157);
INSERT INTO Representantes VALUES (2000010158, 'Beatriz De la Cruz', 3934780091, 12, 2000000158);
INSERT INTO Representantes VALUES (2000010159, 'Silvia Lara', 3843329633, 8, 2000000159);
INSERT INTO Representantes VALUES (2000010160, 'Ana Guerra', 3034583539, 16, 2000000160);
INSERT INTO Representantes VALUES (2000010161, 'Ana Soto', 3055177388, 15, 2000000161);
INSERT INTO Representantes VALUES (2000010162, 'Beatriz Vega', 3572488228, 13, 2000000162);
INSERT INTO Representantes VALUES (2000010163, 'Carmen Herrera', 3771445186, 5, 2000000163);
INSERT INTO Representantes VALUES (2000010164, 'Ana Castro', 3306237977, 17, 2000000164);
INSERT INTO Representantes VALUES (2000010165, 'Marisol Gómez', 3748572625, 13, 2000000165);
INSERT INTO Representantes VALUES (2000010166, 'Carmen Gómez', 3782055674, 7, 2000000166);
INSERT INTO Representantes VALUES (2000010167, 'Elena Ruiz', 3182357315, 5, 2000000167);
INSERT INTO Representantes VALUES (2000010168, 'Rocío Navarro', 3818602448, 10, 2000000168);
INSERT INTO Representantes VALUES (2000010169, 'Raquel Navarro', 3626341784, 20, 2000000169);
INSERT INTO Representantes VALUES (2000010170, 'Raquel Vega', 3405208158, 8, 2000000170);
INSERT INTO Representantes VALUES (2000010171, 'Lucía Ruiz', 3476145624, 6, 2000000171);
INSERT INTO Representantes VALUES (2000010172, 'Sandra Lara', 3165195645, 1, 2000000172);
INSERT INTO Representantes VALUES (2000010173, 'Marta Gómez', 3878379366, 5, 2000000173);
INSERT INTO Representantes VALUES (2000010174, 'Patricia Vega', 3992282745, 3, 2000000174);
INSERT INTO Representantes VALUES (2000010175, 'Sandra Campos', 3640090518, 13, 2000000175);
INSERT INTO Representantes VALUES (2000010176, 'Laura Lara', 3828564631, 11, 2000000176);
INSERT INTO Representantes VALUES (2000010177, 'Ana Díaz', 3834973802, 2, 2000000177);
INSERT INTO Representantes VALUES (2000010178, 'Sandra Reyes', 3966653498, 13, 2000000178);
INSERT INTO Representantes VALUES (2000010179, 'Paula Campos', 3144336018, 2, 2000000179);
INSERT INTO Representantes VALUES (2000010180, 'Carmen Bautista', 3524484975, 2, 2000000180);
INSERT INTO Representantes VALUES (2000010181, 'Carmen Herrero', 3238463601, 11, 2000000181);
INSERT INTO Representantes VALUES (2000010182, 'Marta Castro', 3496840776, 20, 2000000182);
INSERT INTO Representantes VALUES (2000010183, 'Paula Bautista', 3129804134, 1, 2000000183);
INSERT INTO Representantes VALUES (2000010184, 'Sofía Ramos', 3349259627, 14, 2000000184);
INSERT INTO Representantes VALUES (2000010185, 'María Herrero', 3044945312, 10, 2000000185);
INSERT INTO Representantes VALUES (2000010186, 'Sandra Jiménez', 3547262830, 9, 2000000186);
INSERT INTO Representantes VALUES (2000010187, 'Lucía Muñoz', 3691353002, 12, 2000000187);
INSERT INTO Representantes VALUES (2000010188, 'Ana Hernández', 3957190168, 5, 2000000188);
INSERT INTO Representantes VALUES (2000010189, 'Ana Ruiz', 3327855514, 10, 2000000189);
INSERT INTO Representantes VALUES (2000010190, 'María Muñoz', 3119228584, 1, 2000000190);
INSERT INTO Representantes VALUES (2000010191, 'Pilar Díaz', 3690490021, 11, 2000000191);
INSERT INTO Representantes VALUES (2000010192, 'Antonia Campos', 3140465826, 13, 2000000192);
INSERT INTO Representantes VALUES (2000010193, 'Marta Soto', 3039742732, 14, 2000000193);
INSERT INTO Representantes VALUES (2000010194, 'Rocío Bautista', 3927989919, 13, 2000000194);
INSERT INTO Representantes VALUES (2000010195, 'Pilar Campos', 3263173121, 17, 2000000195);
INSERT INTO Representantes VALUES (2000010196, 'Isabel Herrera', 3879168342, 5, 2000000196);
INSERT INTO Representantes VALUES (2000010197, 'Montserrat Navarro', 3661587089, 5, 2000000197);
INSERT INTO Representantes VALUES (2000010198, 'Paula Castro', 3435371321, 12, 2000000198);
INSERT INTO Representantes VALUES (2000010199, 'Paula Campos', 3641340480, 12, 2000000199);
INSERT INTO Representantes VALUES (2000010200, 'Patricia Maldonado', 3796551185, 18, 2000000200);
INSERT INTO Representantes VALUES (2000010201, 'Raquel De la Cruz', 3312173236, 1, 2000000201);
INSERT INTO Representantes VALUES (2000010202, 'Ana Navarro', 3721953501, 9, 2000000202);
INSERT INTO Representantes VALUES (2000010203, 'Marisol Navarro', 3927720977, 16, 2000000203);
INSERT INTO Representantes VALUES (2000010204, 'Pilar Bautista', 3050687311, 9, 2000000204);
INSERT INTO Representantes VALUES (2000010205, 'Marisol Herrero', 3689869711, 15, 2000000205);
INSERT INTO Representantes VALUES (2000010206, 'Sofía Soto', 3296131922, 18, 2000000206);
INSERT INTO Representantes VALUES (2000010207, 'Paula Campos', 3421733266, 20, 2000000207);
INSERT INTO Representantes VALUES (2000010208, 'Marisol Reyes', 3573537076, 16, 2000000208);
INSERT INTO Representantes VALUES (2000010209, 'Rocío Reyes', 3705793559, 6, 2000000209);
INSERT INTO Representantes VALUES (2000010210, 'Isabel Díaz', 3019484317, 2, 2000000210);
INSERT INTO Representantes VALUES (2000010211, 'Marisol Ruiz', 3273770703, 6, 2000000211);
INSERT INTO Representantes VALUES (2000010212, 'Carmen Lara', 3878806331, 11, 2000000212);
INSERT INTO Representantes VALUES (2000010213, 'Lucía Ramos', 3617685006, 13, 2000000213);
INSERT INTO Representantes VALUES (2000010214, 'Carmen Lara', 3595564448, 12, 2000000214);
INSERT INTO Representantes VALUES (2000010215, 'Marisol Herrera', 3361308791, 14, 2000000215);
INSERT INTO Representantes VALUES (2000010216, 'Antonia Hernández', 3233388768, 4, 2000000216);
INSERT INTO Representantes VALUES (2000010217, 'Elena Gómez', 3139235830, 17, 2000000217);
INSERT INTO Representantes VALUES (2000010218, 'Marisol Maldonado', 3687845559, 15, 2000000218);
INSERT INTO Representantes VALUES (2000010219, 'Paula Soto', 3954741951, 8, 2000000219);
INSERT INTO Representantes VALUES (2000010220, 'Isabel Navarro', 3954858357, 2, 2000000220);
INSERT INTO Representantes VALUES (2000010221, 'Paula Campos', 3556218123, 7, 2000000221);
INSERT INTO Representantes VALUES (2000010222, 'Elena Ramos', 3083790584, 2, 2000000222);
INSERT INTO Representantes VALUES (2000010223, 'Marta Herrera', 3035177528, 1, 2000000223);
INSERT INTO Representantes VALUES (2000010224, 'Paula Jiménez', 3103086251, 7, 2000000224);
INSERT INTO Representantes VALUES (2000010225, 'Ana Vega', 3779278137, 15, 2000000225);
INSERT INTO Representantes VALUES (2000010226, 'Ana Campos', 3591520153, 5, 2000000226);
INSERT INTO Representantes VALUES (2000010227, 'Pilar Jiménez', 3302723818, 2, 2000000227);
INSERT INTO Representantes VALUES (2000010228, 'Antonia Ramos', 3944774640, 13, 2000000228);
INSERT INTO Representantes VALUES (2000010229, 'Sandra Castro', 3816738971, 4, 2000000229);
INSERT INTO Representantes VALUES (2000010230, 'Antonia De la Cruz', 3237388441, 5, 2000000230);
INSERT INTO Representantes VALUES (2000010231, 'Rocío Castro', 3495160876, 3, 2000000231);
INSERT INTO Representantes VALUES (2000010232, 'Montserrat Navarro', 3660161571, 14, 2000000232);
INSERT INTO Representantes VALUES (2000010233, 'Pilar Ruiz', 3917809377, 1, 2000000233);
INSERT INTO Representantes VALUES (2000010234, 'Sandra Castro', 3962336101, 19, 2000000234);
INSERT INTO Representantes VALUES (2000010235, 'Patricia Guerra', 3306906252, 11, 2000000235);
INSERT INTO Representantes VALUES (2000010236, 'Rocío Muñoz', 3092388819, 16, 2000000236);
INSERT INTO Representantes VALUES (2000010237, 'Patricia Muñoz', 3741306894, 15, 2000000237);
INSERT INTO Representantes VALUES (2000010238, 'Silvia Ramos', 3443680584, 4, 2000000238);
INSERT INTO Representantes VALUES (2000010239, 'Ana Jiménez', 3420943448, 20, 2000000239);
INSERT INTO Representantes VALUES (2000010240, 'Marta Ramos', 3998653927, 2, 2000000240);
INSERT INTO Representantes VALUES (2000010241, 'Marta Navarro', 3197059336, 13, 2000000241);
INSERT INTO Representantes VALUES (2000010242, 'Silvia Ruiz', 3858230923, 14, 2000000242);
INSERT INTO Representantes VALUES (2000010243, 'Paula Navarro', 3499411278, 20, 2000000243);
INSERT INTO Representantes VALUES (2000010244, 'María Ruiz', 3787803985, 2, 2000000244);
INSERT INTO Representantes VALUES (2000010245, 'Rocío Hernández', 3275925462, 3, 2000000245);
INSERT INTO Representantes VALUES (2000010246, 'Lucía Lara', 3435902867, 6, 2000000246);
INSERT INTO Representantes VALUES (2000010247, 'Carmen Gómez', 3455864214, 7, 2000000247);
INSERT INTO Representantes VALUES (2000010248, 'Patricia De la Cruz', 3245772992, 7, 2000000248);
INSERT INTO Representantes VALUES (2000010249, 'Paula Soto', 3914034427, 11, 2000000249);
INSERT INTO Representantes VALUES (2000010250, 'Rocío Díaz', 3354007660, 19, 2000000250);
INSERT INTO Representantes VALUES (2000010251, 'Antonia Herrero', 3470242073, 13, 2000000251);
INSERT INTO Representantes VALUES (2000010252, 'Marta Bautista', 3194733264, 15, 2000000252);
INSERT INTO Representantes VALUES (2000010253, 'Lucía De la Cruz', 3829238179, 5, 2000000253);
INSERT INTO Representantes VALUES (2000010254, 'Silvia De la Cruz', 3173071426, 9, 2000000254);
INSERT INTO Representantes VALUES (2000010255, 'Rocío Díaz', 3461335006, 5, 2000000255);
INSERT INTO Representantes VALUES (2000010256, 'Isabel Hernández', 3015960545, 14, 2000000256);
INSERT INTO Representantes VALUES (2000010257, 'Sofía Vega', 3215922803, 8, 2000000257);
INSERT INTO Representantes VALUES (2000010258, 'Elena Lara', 3769767196, 1, 2000000258);
INSERT INTO Representantes VALUES (2000010259, 'Rocío Ramos', 3080680905, 9, 2000000259);
INSERT INTO Representantes VALUES (2000010260, 'Silvia Díaz', 3659302048, 10, 2000000260);
INSERT INTO Representantes VALUES (2000010261, 'Antonia De la Cruz', 3332763868, 14, 2000000261);
INSERT INTO Representantes VALUES (2000010262, 'Paula Campos', 3939859816, 15, 2000000262);
INSERT INTO Representantes VALUES (2000010263, 'Sofía Soto', 3190474643, 13, 2000000263);
INSERT INTO Representantes VALUES (2000010264, 'Patricia Castro', 3135562916, 15, 2000000264);
INSERT INTO Representantes VALUES (2000010265, 'Pilar Gómez', 3280437319, 4, 2000000265);
INSERT INTO Representantes VALUES (2000010266, 'Raquel Vega', 3331056606, 8, 2000000266);
INSERT INTO Representantes VALUES (2000010267, 'Elena Reyes', 3420321866, 10, 2000000267);
INSERT INTO Representantes VALUES (2000010268, 'Silvia Navarro', 3309126743, 10, 2000000268);
INSERT INTO Representantes VALUES (2000010269, 'Raquel Reyes', 3406479317, 10, 2000000269);
INSERT INTO Representantes VALUES (2000010270, 'Sofía Lara', 3489453330, 4, 2000000270);
INSERT INTO Representantes VALUES (2000010271, 'Sofía Guerra', 3323765822, 1, 2000000271);
INSERT INTO Representantes VALUES (2000010272, 'Silvia Herrero', 3753244461, 9, 2000000272);
INSERT INTO Representantes VALUES (2000010273, 'María Hernández', 3826706136, 20, 2000000273);
INSERT INTO Representantes VALUES (2000010274, 'Silvia Soto', 3290169410, 3, 2000000274);
INSERT INTO Representantes VALUES (2000010275, 'Rocío Herrero', 3922551272, 16, 2000000275);
INSERT INTO Representantes VALUES (2000010276, 'Ana Herrera', 3782110604, 5, 2000000276);
INSERT INTO Representantes VALUES (2000010277, 'Laura Campos', 3859887295, 20, 2000000277);
INSERT INTO Representantes VALUES (2000010278, 'Isabel Navarro', 3718602714, 20, 2000000278);
INSERT INTO Representantes VALUES (2000010279, 'Silvia Ruiz', 3653908157, 16, 2000000279);
INSERT INTO Representantes VALUES (2000010280, 'María Guerra', 3918833868, 8, 2000000280);
INSERT INTO Representantes VALUES (2000010281, 'Rocío Guerra', 3780057087, 14, 2000000281);
INSERT INTO Representantes VALUES (2000010282, 'Rocío Campos', 3164231493, 19, 2000000282);
INSERT INTO Representantes VALUES (2000010283, 'Lucía Jiménez', 3551095603, 11, 2000000283);
INSERT INTO Representantes VALUES (2000010284, 'Marta Vega', 3402915200, 19, 2000000284);
INSERT INTO Representantes VALUES (2000010285, 'Montserrat Lara', 3588219105, 10, 2000000285);
INSERT INTO Representantes VALUES (2000010286, 'Ana Hernández', 3728829148, 14, 2000000286);
INSERT INTO Representantes VALUES (2000010287, 'Carmen Muñoz', 3871298566, 7, 2000000287);
INSERT INTO Representantes VALUES (2000010288, 'Elena Reyes', 3223187643, 10, 2000000288);
INSERT INTO Representantes VALUES (2000010289, 'Sandra Soto', 3730126955, 11, 2000000289);
INSERT INTO Representantes VALUES (2000010290, 'Montserrat Ramos', 3413934336, 2, 2000000290);
INSERT INTO Representantes VALUES (2000010291, 'Isabel Lara', 3940553420, 2, 2000000291);
INSERT INTO Representantes VALUES (2000010292, 'Raquel Reyes', 3192557141, 14, 2000000292);
INSERT INTO Representantes VALUES (2000010293, 'Lucía Díaz', 3358598885, 6, 2000000293);
INSERT INTO Representantes VALUES (2000010294, 'Antonia Castro', 3329557827, 12, 2000000294);
INSERT INTO Representantes VALUES (2000010295, 'Rocío Herrero', 3285120379, 11, 2000000295);
INSERT INTO Representantes VALUES (2000010296, 'Laura Bautista', 3675033165, 11, 2000000296);
INSERT INTO Representantes VALUES (2000010297, 'Raquel Muñoz', 3372362453, 8, 2000000297);
INSERT INTO Representantes VALUES (2000010298, 'Paula Jiménez', 3026072048, 15, 2000000298);
INSERT INTO Representantes VALUES (2000010299, 'Antonia Campos', 3387359306, 15, 2000000299);
INSERT INTO Representantes VALUES (2000010300, 'Pilar Bautista', 3055885906, 16, 2000000300);
INSERT INTO Representantes VALUES (2000010301, 'Sofía Campos', 3149202495, 10, 2000000301);
INSERT INTO Representantes VALUES (2000010302, 'Lucía Castro', 3140272096, 12, 2000000302);
INSERT INTO Representantes VALUES (2000010303, 'Elena Vega', 3230710094, 12, 2000000303);
INSERT INTO Representantes VALUES (2000010304, 'Ana De la Cruz', 3950714290, 4, 2000000304);
INSERT INTO Representantes VALUES (2000010305, 'Sandra Ruiz', 3119580566, 2, 2000000305);
INSERT INTO Representantes VALUES (2000010306, 'Antonia Herrero', 3454059667, 15, 2000000306);
INSERT INTO Representantes VALUES (2000010307, 'Ana Vega', 3389708700, 1, 2000000307);
INSERT INTO Representantes VALUES (2000010308, 'Carmen Lara', 3300879768, 6, 2000000308);
INSERT INTO Representantes VALUES (2000010309, 'Ana Castro', 3481704102, 20, 2000000309);
INSERT INTO Representantes VALUES (2000010310, 'Marta Soto', 3584299427, 20, 2000000310);
INSERT INTO Representantes VALUES (2000010311, 'Antonia Navarro', 3155034910, 12, 2000000311);
INSERT INTO Representantes VALUES (2000010312, 'Laura Maldonado', 3664243794, 4, 2000000312);
INSERT INTO Representantes VALUES (2000010313, 'Elena Jiménez', 3687980574, 19, 2000000313);
INSERT INTO Representantes VALUES (2000010314, 'Raquel Reyes', 3573116118, 4, 2000000314);
INSERT INTO Representantes VALUES (2000010315, 'Sandra Reyes', 3963523834, 5, 2000000315);
INSERT INTO Representantes VALUES (2000010316, 'Patricia Campos', 3948857611, 17, 2000000316);
INSERT INTO Representantes VALUES (2000010317, 'María De la Cruz', 3172691611, 18, 2000000317);
INSERT INTO Representantes VALUES (2000010318, 'Paula Vega', 3919257875, 14, 2000000318);
INSERT INTO Representantes VALUES (2000010319, 'Pilar Muñoz', 3278970872, 15, 2000000319);
INSERT INTO Representantes VALUES (2000010320, 'Pilar Soto', 3065773641, 18, 2000000320);
INSERT INTO Representantes VALUES (2000010321, 'Antonia Herrera', 3304997044, 2, 2000000321);
INSERT INTO Representantes VALUES (2000010322, 'Pilar Maldonado', 3865551667, 1, 2000000322);
INSERT INTO Representantes VALUES (2000010323, 'Rocío Guerra', 3834306847, 14, 2000000323);
INSERT INTO Representantes VALUES (2000010324, 'Laura Campos', 3565800920, 2, 2000000324);
INSERT INTO Representantes VALUES (2000010325, 'Montserrat Castro', 3899317465, 4, 2000000325);
INSERT INTO Representantes VALUES (2000010326, 'Antonia Ruiz', 3556920414, 5, 2000000326);
INSERT INTO Representantes VALUES (2000010327, 'Lucía Lara', 3718347502, 11, 2000000327);
INSERT INTO Representantes VALUES (2000010328, 'Rocío Vega', 3602613753, 11, 2000000328);
INSERT INTO Representantes VALUES (2000010329, 'Carmen Reyes', 3487825522, 4, 2000000329);
INSERT INTO Representantes VALUES (2000010330, 'Marta Hernández', 3261319369, 18, 2000000330);
INSERT INTO Representantes VALUES (2000010331, 'Montserrat Díaz', 3979738142, 9, 2000000331);
INSERT INTO Representantes VALUES (2000010332, 'Silvia Herrera', 3161521470, 9, 2000000332);
INSERT INTO Representantes VALUES (2000010333, 'Antonia Gómez', 3105677909, 7, 2000000333);
INSERT INTO Representantes VALUES (2000010334, 'Lucía Herrero', 3644600644, 8, 2000000334);
INSERT INTO Representantes VALUES (2000010335, 'Carmen Maldonado', 3679666487, 13, 2000000335);
INSERT INTO Representantes VALUES (2000010336, 'Sofía Castro', 3720938259, 10, 2000000336);
INSERT INTO Representantes VALUES (2000010337, 'Elena Vega', 3837656461, 4, 2000000337);
INSERT INTO Representantes VALUES (2000010338, 'Montserrat Campos', 3985676274, 1, 2000000338);
INSERT INTO Representantes VALUES (2000010339, 'Beatriz Díaz', 3426357751, 9, 2000000339);
INSERT INTO Representantes VALUES (2000010340, 'Marta Herrera', 3383809509, 13, 2000000340);
INSERT INTO Representantes VALUES (2000010341, 'Marisol Ramos', 3022081206, 4, 2000000341);
INSERT INTO Representantes VALUES (2000010342, 'Lucía Vega', 3455412908, 4, 2000000342);
INSERT INTO Representantes VALUES (2000010343, 'Marisol Bautista', 3480261884, 3, 2000000343);
INSERT INTO Representantes VALUES (2000010344, 'Montserrat Campos', 3601394807, 14, 2000000344);
INSERT INTO Representantes VALUES (2000010345, 'Lucía Maldonado', 3701259234, 8, 2000000345);
INSERT INTO Representantes VALUES (2000010346, 'Montserrat Castro', 3429824663, 16, 2000000346);
INSERT INTO Representantes VALUES (2000010347, 'Marta Reyes', 3525165645, 11, 2000000347);
INSERT INTO Representantes VALUES (2000010348, 'Elena Castro', 3776771254, 2, 2000000348);
INSERT INTO Representantes VALUES (2000010349, 'Montserrat Ruiz', 3320502788, 20, 2000000349);
INSERT INTO Representantes VALUES (2000010350, 'Pilar Gómez', 3004672266, 7, 2000000350);
INSERT INTO Representantes VALUES (2000010351, 'Rocío Vega', 3563207425, 7, 2000000351);
INSERT INTO Representantes VALUES (2000010352, 'Elena Reyes', 3515799386, 16, 2000000352);
INSERT INTO Representantes VALUES (2000010353, 'Carmen Campos', 3154481494, 9, 2000000353);
INSERT INTO Representantes VALUES (2000010354, 'Silvia Ramos', 3937795353, 2, 2000000354);
INSERT INTO Representantes VALUES (2000010355, 'Silvia Soto', 3046711236, 19, 2000000355);
INSERT INTO Representantes VALUES (2000010356, 'Raquel Díaz', 3841312741, 5, 2000000356);
INSERT INTO Representantes VALUES (2000010357, 'Raquel Hernández', 3135244886, 15, 2000000357);
INSERT INTO Representantes VALUES (2000010358, 'Lucía Ruiz', 3428029698, 15, 2000000358);
INSERT INTO Representantes VALUES (2000010359, 'Antonia Gómez', 3602536992, 1, 2000000359);
INSERT INTO Representantes VALUES (2000010360, 'Isabel Herrera', 3900036454, 14, 2000000360);
INSERT INTO Representantes VALUES (2000010361, 'Raquel Navarro', 3995954400, 14, 2000000361);
INSERT INTO Representantes VALUES (2000010362, 'Isabel Gómez', 3244329765, 1, 2000000362);
INSERT INTO Representantes VALUES (2000010363, 'Pilar Muñoz', 3166083510, 6, 2000000363);
INSERT INTO Representantes VALUES (2000010364, 'Carmen Hernández', 3782863731, 20, 2000000364);
INSERT INTO Representantes VALUES (2000010365, 'María De la Cruz', 3895495530, 15, 2000000365);
INSERT INTO Representantes VALUES (2000010366, 'Beatriz Ramos', 3938269459, 11, 2000000366);
INSERT INTO Representantes VALUES (2000010367, 'Antonia Ruiz', 3147448152, 14, 2000000367);
INSERT INTO Representantes VALUES (2000010368, 'Rocío Soto', 3290927792, 10, 2000000368);
INSERT INTO Representantes VALUES (2000010369, 'Marisol Jiménez', 3237279619, 18, 2000000369);
INSERT INTO Representantes VALUES (2000010370, 'Antonia Soto', 3369819909, 8, 2000000370);
INSERT INTO Representantes VALUES (2000010371, 'Antonia Jiménez', 3450918832, 19, 2000000371);
INSERT INTO Representantes VALUES (2000010372, 'Antonia Hernández', 3682739471, 12, 2000000372);
INSERT INTO Representantes VALUES (2000010373, 'Antonia Herrera', 3860911373, 4, 2000000373);
INSERT INTO Representantes VALUES (2000010374, 'María Campos', 3223404690, 3, 2000000374);
INSERT INTO Representantes VALUES (2000010375, 'Isabel Soto', 3004645976, 3, 2000000375);
INSERT INTO Representantes VALUES (2000010376, 'Isabel Campos', 3079392560, 5, 2000000376);
INSERT INTO Representantes VALUES (2000010377, 'Silvia Gómez', 3062150170, 18, 2000000377);
INSERT INTO Representantes VALUES (2000010378, 'Marisol Reyes', 3305080166, 9, 2000000378);
INSERT INTO Representantes VALUES (2000010379, 'Pilar Vega', 3237938802, 7, 2000000379);
INSERT INTO Representantes VALUES (2000010380, 'Silvia Muñoz', 3338140491, 6, 2000000380);
INSERT INTO Representantes VALUES (2000010381, 'Antonia Soto', 3983311709, 10, 2000000381);
INSERT INTO Representantes VALUES (2000010382, 'Beatriz Herrera', 3178967373, 2, 2000000382);
INSERT INTO Representantes VALUES (2000010383, 'Raquel Herrero', 3880630631, 3, 2000000383);
INSERT INTO Representantes VALUES (2000010384, 'Pilar Díaz', 3934300730, 17, 2000000384);
INSERT INTO Representantes VALUES (2000010385, 'Rocío Díaz', 3431608864, 19, 2000000385);
INSERT INTO Representantes VALUES (2000010386, 'Lucía Guerra', 3559284395, 9, 2000000386);
INSERT INTO Representantes VALUES (2000010387, 'Silvia Navarro', 3912620956, 8, 2000000387);
INSERT INTO Representantes VALUES (2000010388, 'Carmen Jiménez', 3376342049, 9, 2000000388);
INSERT INTO Representantes VALUES (2000010389, 'Pilar Vega', 3369239520, 18, 2000000389);
INSERT INTO Representantes VALUES (2000010390, 'Sandra De la Cruz', 3285036791, 5, 2000000390);
INSERT INTO Representantes VALUES (2000010391, 'Ana Gómez', 3369152683, 13, 2000000391);
INSERT INTO Representantes VALUES (2000010392, 'Carmen De la Cruz', 3813769368, 20, 2000000392);
INSERT INTO Representantes VALUES (2000010393, 'Pilar Maldonado', 3374764372, 10, 2000000393);
INSERT INTO Representantes VALUES (2000010394, 'Beatriz Maldonado', 3146137949, 12, 2000000394);
INSERT INTO Representantes VALUES (2000010395, 'Elena Jiménez', 3475270131, 6, 2000000395);
INSERT INTO Representantes VALUES (2000010396, 'Sofía Reyes', 3537350489, 19, 2000000396);
INSERT INTO Representantes VALUES (2000010397, 'Paula Herrero', 3972289566, 6, 2000000397);
INSERT INTO Representantes VALUES (2000010398, 'Montserrat Herrera', 3695743277, 15, 2000000398);
INSERT INTO Representantes VALUES (2000010399, 'Marta De la Cruz', 3120121127, 18, 2000000399);

COMMIT;

--Correos Por Representantes
INSERT INTO CorreosPorRepresentantes VALUES (2000010000, 'maría.hernández@agencia.com');
INSERT INTO CorreosPorRepresentantes VALUES (2000010002, 'carmen.bautista@agencia.com');
INSERT INTO CorreosPorRepresentantes VALUES (2000010003, 'marta.ruiz@agencia.com');
INSERT INTO CorreosPorRepresentantes VALUES (2000010004, 'beatriz.munoz@agencia.com');
INSERT INTO CorreosPorRepresentantes VALUES (2000010005, 'beatriz.hernández@agencia.com');
INSERT INTO CorreosPorRepresentantes VALUES (2000010006, 'isabel.jiménez@agencia.com');
INSERT INTO CorreosPorRepresentantes VALUES (2000010007, 'lucía.hernández@agencia.com');
INSERT INTO CorreosPorRepresentantes VALUES (2000010008, 'isabel.soto@agencia.com');
INSERT INTO CorreosPorRepresentantes VALUES (2000010009, 'pilar.de.la.cruz@agencia.com');
INSERT INTO CorreosPorRepresentantes VALUES (2000010010, 'raquel.campos@agencia.com');
INSERT INTO CorreosPorRepresentantes VALUES (2000010011, 'sofía.munoz@agencia.com');
INSERT INTO CorreosPorRepresentantes VALUES (2000010012, 'maría.de.la.cruz@agencia.com');
INSERT INTO CorreosPorRepresentantes VALUES (2000010013, 'paula.hernández@agencia.com');
INSERT INTO CorreosPorRepresentantes VALUES (2000010014, 'antonia.guerra@agencia.com');
INSERT INTO CorreosPorRepresentantes VALUES (2000010015, 'sandra.ramos@agencia.com');
INSERT INTO CorreosPorRepresentantes VALUES (2000010016, 'maría.navarro@agencia.com');
INSERT INTO CorreosPorRepresentantes VALUES (2000010017, 'elena.bautista@agencia.com');
INSERT INTO CorreosPorRepresentantes VALUES (2000010018, 'marisol.soto@agencia.com');
INSERT INTO CorreosPorRepresentantes VALUES (2000010019, 'silvia.soto@agencia.com');
INSERT INTO CorreosPorRepresentantes VALUES (2000010020, 'sandra.campos@agencia.com');
INSERT INTO CorreosPorRepresentantes VALUES (2000010021, 'laura.reyes@agencia.com');
INSERT INTO CorreosPorRepresentantes VALUES (2000010022, 'beatriz.vega@agencia.com');
INSERT INTO CorreosPorRepresentantes VALUES (2000010023, 'beatriz.campos@agencia.com');
INSERT INTO CorreosPorRepresentantes VALUES (2000010024, 'paula.vega@agencia.com');
INSERT INTO CorreosPorRepresentantes VALUES (2000010025, 'carmen.lara@agencia.com');
INSERT INTO CorreosPorRepresentantes VALUES (2000010026, 'laura.ruiz@agencia.com');
INSERT INTO CorreosPorRepresentantes VALUES (2000010027, 'antonia.díaz@agencia.com');
INSERT INTO CorreosPorRepresentantes VALUES (2000010028, 'pilar.herrera@agencia.com');
INSERT INTO CorreosPorRepresentantes VALUES (2000010029, 'montserrat.navarro@agencia.com');
INSERT INTO CorreosPorRepresentantes VALUES (2000010030, 'silvia.guerra@agencia.com');
INSERT INTO CorreosPorRepresentantes VALUES (2000010031, 'pilar.díaz@agencia.com');
INSERT INTO CorreosPorRepresentantes VALUES (2000010032, 'maría.guerra@agencia.com');
INSERT INTO CorreosPorRepresentantes VALUES (2000010033, 'patricia.castro@agencia.com');
INSERT INTO CorreosPorRepresentantes VALUES (2000010034, 'silvia.de.la.cruz@agencia.com');
INSERT INTO CorreosPorRepresentantes VALUES (2000010035, 'marta.jiménez@agencia.com');
INSERT INTO CorreosPorRepresentantes VALUES (2000010036, 'maría.herrero@agencia.com');
INSERT INTO CorreosPorRepresentantes VALUES (2000010037, 'sandra.maldonado@agencia.com');
INSERT INTO CorreosPorRepresentantes VALUES (2000010038, 'ana.guerra@agencia.com');
INSERT INTO CorreosPorRepresentantes VALUES (2000010039, 'isabel.guerra@agencia.com');
INSERT INTO CorreosPorRepresentantes VALUES (2000010040, 'patricia.vega@agencia.com');
INSERT INTO CorreosPorRepresentantes VALUES (2000010041, 'raquel.campos2@agencia.com');
INSERT INTO CorreosPorRepresentantes VALUES (2000010042, 'marta.gómez@agencia.com');
INSERT INTO CorreosPorRepresentantes VALUES (2000010043, 'sandra.díaz@agencia.com');
INSERT INTO CorreosPorRepresentantes VALUES (2000010044, 'isabel.jiménez2@agencia.com');
INSERT INTO CorreosPorRepresentantes VALUES (2000010045, 'sandra.campos2@agencia.com');
INSERT INTO CorreosPorRepresentantes VALUES (2000010046, 'rocío.guerra@agencia.com');
INSERT INTO CorreosPorRepresentantes VALUES (2000010047, 'pilar.navarro@agencia.com');
INSERT INTO CorreosPorRepresentantes VALUES (2000010048, 'sofía.maldonado@agencia.com');
INSERT INTO CorreosPorRepresentantes VALUES (2000010049, 'pilar.soto@agencia.com');
INSERT INTO CorreosPorRepresentantes VALUES (2000010050, 'pilar.gómez@agencia.com');
INSERT INTO CorreosPorRepresentantes VALUES (2000010051, 'paula.reyes@agencia.com');
INSERT INTO CorreosPorRepresentantes VALUES (2000010052, 'patricia.hernández@agencia.com');
INSERT INTO CorreosPorRepresentantes VALUES (2000010053, 'laura.ruiz2@agencia.com');
INSERT INTO CorreosPorRepresentantes VALUES (2000010054, 'carmen.campos@agencia.com');
INSERT INTO CorreosPorRepresentantes VALUES (2000010055, 'marisol.lara@agencia.com');
INSERT INTO CorreosPorRepresentantes VALUES (2000010056, 'montserrat.de.la.cruz@agencia.com');
INSERT INTO CorreosPorRepresentantes VALUES (2000010057, 'montserrat.maldonado@agencia.com');
INSERT INTO CorreosPorRepresentantes VALUES (2000010058, 'lucía.campos@agencia.com');
INSERT INTO CorreosPorRepresentantes VALUES (2000010059, 'ana.castro@agencia.com');
INSERT INTO CorreosPorRepresentantes VALUES (2000010060, 'marta.bautista@agencia.com');
INSERT INTO CorreosPorRepresentantes VALUES (2000010061, 'maría.gómez@agencia.com');
INSERT INTO CorreosPorRepresentantes VALUES (2000010062, 'raquel.vega@agencia.com');
INSERT INTO CorreosPorRepresentantes VALUES (2000010063, 'silvia.vega@agencia.com');
INSERT INTO CorreosPorRepresentantes VALUES (2000010064, 'raquel.herrero@agencia.com');
INSERT INTO CorreosPorRepresentantes VALUES (2000010065, 'raquel.lara@agencia.com');
INSERT INTO CorreosPorRepresentantes VALUES (2000010066, 'isabel.de.la.cruz@agencia.com');
INSERT INTO CorreosPorRepresentantes VALUES (2000010067, 'montserrat.bautista@agencia.com');
INSERT INTO CorreosPorRepresentantes VALUES (2000010068, 'silvia.lara@agencia.com');
INSERT INTO CorreosPorRepresentantes VALUES (2000010069, 'sofía.castro@agencia.com');
INSERT INTO CorreosPorRepresentantes VALUES (2000010070, 'laura.herrera@agencia.com');
INSERT INTO CorreosPorRepresentantes VALUES (2000010071, 'montserrat.herrera@agencia.com');
INSERT INTO CorreosPorRepresentantes VALUES (2000010072, 'maría.hernández2@agencia.com');
INSERT INTO CorreosPorRepresentantes VALUES (2000010073, 'rocío.reyes@agencia.com');
INSERT INTO CorreosPorRepresentantes VALUES (2000010074, 'maría.herrero2@agencia.com');
INSERT INTO CorreosPorRepresentantes VALUES (2000010075, 'marta.guerra@agencia.com');
INSERT INTO CorreosPorRepresentantes VALUES (2000010076, 'rocío.navarro@agencia.com');
INSERT INTO CorreosPorRepresentantes VALUES (2000010077, 'maría.herrero3@agencia.com');
INSERT INTO CorreosPorRepresentantes VALUES (2000010078, 'ana.díaz@agencia.com');
INSERT INTO CorreosPorRepresentantes VALUES (2000010079, 'isabel.hernández@agencia.com');
INSERT INTO CorreosPorRepresentantes VALUES (2000010080, 'elena.maldonado@agencia.com');
INSERT INTO CorreosPorRepresentantes VALUES (2000010081, 'lucía.gómez@agencia.com');
INSERT INTO CorreosPorRepresentantes VALUES (2000010082, 'laura.navarro@agencia.com');
INSERT INTO CorreosPorRepresentantes VALUES (2000010083, 'patricia.herrero@agencia.com');
INSERT INTO CorreosPorRepresentantes VALUES (2000010084, 'carmen.campos2@agencia.com');
INSERT INTO CorreosPorRepresentantes VALUES (2000010085, 'silvia.guerra2@agencia.com');
INSERT INTO CorreosPorRepresentantes VALUES (2000010086, 'montserrat.ramos@agencia.com');
INSERT INTO CorreosPorRepresentantes VALUES (2000010087, 'sofía.vega@agencia.com');
INSERT INTO CorreosPorRepresentantes VALUES (2000010088, 'paula.guerra@agencia.com');
INSERT INTO CorreosPorRepresentantes VALUES (2000010089, 'patricia.jiménez@agencia.com');
INSERT INTO CorreosPorRepresentantes VALUES (2000010090, 'elena.castro@agencia.com');
INSERT INTO CorreosPorRepresentantes VALUES (2000010091, 'lucía.campos2@agencia.com');
INSERT INTO CorreosPorRepresentantes VALUES (2000010092, 'paula.díaz@agencia.com');
INSERT INTO CorreosPorRepresentantes VALUES (2000010093, 'ana.munoz@agencia.com');
INSERT INTO CorreosPorRepresentantes VALUES (2000010094, 'beatriz.navarro@agencia.com');
INSERT INTO CorreosPorRepresentantes VALUES (2000010095, 'antonia.bautista@agencia.com');
INSERT INTO CorreosPorRepresentantes VALUES (2000010096, 'antonia.soto@agencia.com');
INSERT INTO CorreosPorRepresentantes VALUES (2000010097, 'rocío.reyes2@agencia.com');
INSERT INTO CorreosPorRepresentantes VALUES (2000010098, 'pilar.díaz2@agencia.com');
INSERT INTO CorreosPorRepresentantes VALUES (2000010099, 'silvia.navarro@agencia.com');
INSERT INTO CorreosPorRepresentantes VALUES (2000010100, 'elena.de.la.cruz@agencia.com');
INSERT INTO CorreosPorRepresentantes VALUES (2000010101, 'marta.hernández@agencia.com');
INSERT INTO CorreosPorRepresentantes VALUES (2000010102, 'pilar.munoz@agencia.com');
INSERT INTO CorreosPorRepresentantes VALUES (2000010103, 'patricia.lara@agencia.com');
INSERT INTO CorreosPorRepresentantes VALUES (2000010104, 'montserrat.lara@agencia.com');
INSERT INTO CorreosPorRepresentantes VALUES (2000010105, 'rocío.castro@agencia.com');
INSERT INTO CorreosPorRepresentantes VALUES (2000010106, 'rocío.bautista@agencia.com');
INSERT INTO CorreosPorRepresentantes VALUES (2000010107, 'silvia.bautista@agencia.com');
INSERT INTO CorreosPorRepresentantes VALUES (2000010108, 'lucía.herrera@agencia.com');
INSERT INTO CorreosPorRepresentantes VALUES (2000010109, 'isabel.castro@agencia.com');
INSERT INTO CorreosPorRepresentantes VALUES (2000010110, 'pilar.ruiz@agencia.com');
INSERT INTO CorreosPorRepresentantes VALUES (2000010111, 'isabel.soto2@agencia.com');
INSERT INTO CorreosPorRepresentantes VALUES (2000010112, 'sofía.vega2@agencia.com');
INSERT INTO CorreosPorRepresentantes VALUES (2000010113, 'beatriz.díaz@agencia.com');
INSERT INTO CorreosPorRepresentantes VALUES (2000010114, 'sofía.vega3@agencia.com');
INSERT INTO CorreosPorRepresentantes VALUES (2000010115, 'antonia.herrero@agencia.com');
INSERT INTO CorreosPorRepresentantes VALUES (2000010116, 'silvia.campos@agencia.com');
INSERT INTO CorreosPorRepresentantes VALUES (2000010117, 'marisol.reyes@agencia.com');
INSERT INTO CorreosPorRepresentantes VALUES (2000010118, 'lucía.castro@agencia.com');
INSERT INTO CorreosPorRepresentantes VALUES (2000010119, 'silvia.hernández@agencia.com');
INSERT INTO CorreosPorRepresentantes VALUES (2000010120, 'marisol.hernández@agencia.com');
INSERT INTO CorreosPorRepresentantes VALUES (2000010121, 'raquel.ramos@agencia.com');
INSERT INTO CorreosPorRepresentantes VALUES (2000010122, 'marta.jiménez2@agencia.com');
INSERT INTO CorreosPorRepresentantes VALUES (2000010123, 'silvia.maldonado@agencia.com');
INSERT INTO CorreosPorRepresentantes VALUES (2000010124, 'isabel.castro2@agencia.com');
INSERT INTO CorreosPorRepresentantes VALUES (2000010125, 'marisol.munoz@agencia.com');
INSERT INTO CorreosPorRepresentantes VALUES (2000010126, 'sandra.herrera@agencia.com');
INSERT INTO CorreosPorRepresentantes VALUES (2000010127, 'elena.maldonado2@agencia.com');
INSERT INTO CorreosPorRepresentantes VALUES (2000010128, 'montserrat.herrera2@agencia.com');
INSERT INTO CorreosPorRepresentantes VALUES (2000010129, 'lucía.jiménez@agencia.com');
INSERT INTO CorreosPorRepresentantes VALUES (2000010130, 'beatriz.navarro2@agencia.com');
INSERT INTO CorreosPorRepresentantes VALUES (2000010131, 'antonia.gómez@agencia.com');
INSERT INTO CorreosPorRepresentantes VALUES (2000010132, 'ana.herrera@agencia.com');
INSERT INTO CorreosPorRepresentantes VALUES (2000010133, 'marisol.lara2@agencia.com');
INSERT INTO CorreosPorRepresentantes VALUES (2000010134, 'patricia.maldonado@agencia.com');
INSERT INTO CorreosPorRepresentantes VALUES (2000010135, 'beatriz.ruiz@agencia.com');
INSERT INTO CorreosPorRepresentantes VALUES (2000010136, 'marta.reyes@agencia.com');
INSERT INTO CorreosPorRepresentantes VALUES (2000010137, 'raquel.de.la.cruz@agencia.com');
INSERT INTO CorreosPorRepresentantes VALUES (2000010138, 'sofía.ruiz@agencia.com');
INSERT INTO CorreosPorRepresentantes VALUES (2000010139, 'laura.vega@agencia.com');
INSERT INTO CorreosPorRepresentantes VALUES (2000010140, 'sofía.bautista@agencia.com');
INSERT INTO CorreosPorRepresentantes VALUES (2000010141, 'sofía.herrera@agencia.com');
INSERT INTO CorreosPorRepresentantes VALUES (2000010142, 'rocío.campos@agencia.com');
INSERT INTO CorreosPorRepresentantes VALUES (2000010143, 'rocío.bautista2@agencia.com');
INSERT INTO CorreosPorRepresentantes VALUES (2000010144, 'isabel.munoz@agencia.com');
INSERT INTO CorreosPorRepresentantes VALUES (2000010145, 'lucía.castro2@agencia.com');
INSERT INTO CorreosPorRepresentantes VALUES (2000010146, 'rocío.herrero@agencia.com');
INSERT INTO CorreosPorRepresentantes VALUES (2000010147, 'rocío.castro2@agencia.com');
INSERT INTO CorreosPorRepresentantes VALUES (2000010148, 'carmen.ruiz@agencia.com');
INSERT INTO CorreosPorRepresentantes VALUES (2000010149, 'beatriz.jiménez@agencia.com');
INSERT INTO CorreosPorRepresentantes VALUES (2000010150, 'sofía.munoz2@agencia.com');
INSERT INTO CorreosPorRepresentantes VALUES (2000010151, 'sofía.gómez@agencia.com');
INSERT INTO CorreosPorRepresentantes VALUES (2000010152, 'silvia.gómez@agencia.com');
INSERT INTO CorreosPorRepresentantes VALUES (2000010153, 'carmen.navarro@agencia.com');
INSERT INTO CorreosPorRepresentantes VALUES (2000010154, 'beatriz.díaz2@agencia.com');
INSERT INTO CorreosPorRepresentantes VALUES (2000010155, 'silvia.herrera@agencia.com');
INSERT INTO CorreosPorRepresentantes VALUES (2000010156, 'marta.castro@agencia.com');
INSERT INTO CorreosPorRepresentantes VALUES (2000010157, 'ana.jiménez@agencia.com');
INSERT INTO CorreosPorRepresentantes VALUES (2000010158, 'beatriz.de.la.cruz@agencia.com');
INSERT INTO CorreosPorRepresentantes VALUES (2000010159, 'silvia.lara2@agencia.com');
INSERT INTO CorreosPorRepresentantes VALUES (2000010160, 'ana.guerra2@agencia.com');
INSERT INTO CorreosPorRepresentantes VALUES (2000010161, 'ana.soto@agencia.com');
INSERT INTO CorreosPorRepresentantes VALUES (2000010162, 'beatriz.vega2@agencia.com');
INSERT INTO CorreosPorRepresentantes VALUES (2000010163, 'carmen.herrera@agencia.com');
INSERT INTO CorreosPorRepresentantes VALUES (2000010164, 'ana.castro2@agencia.com');
INSERT INTO CorreosPorRepresentantes VALUES (2000010165, 'marisol.gómez@agencia.com');
INSERT INTO CorreosPorRepresentantes VALUES (2000010166, 'carmen.gómez@agencia.com');
INSERT INTO CorreosPorRepresentantes VALUES (2000010167, 'elena.ruiz@agencia.com');
INSERT INTO CorreosPorRepresentantes VALUES (2000010168, 'rocío.navarro2@agencia.com');
INSERT INTO CorreosPorRepresentantes VALUES (2000010169, 'raquel.navarro@agencia.com');
INSERT INTO CorreosPorRepresentantes VALUES (2000010170, 'raquel.vega2@agencia.com');
INSERT INTO CorreosPorRepresentantes VALUES (2000010171, 'lucía.ruiz@agencia.com');
INSERT INTO CorreosPorRepresentantes VALUES (2000010172, 'sandra.lara@agencia.com');
INSERT INTO CorreosPorRepresentantes VALUES (2000010173, 'marta.gómez2@agencia.com');
INSERT INTO CorreosPorRepresentantes VALUES (2000010174, 'patricia.vega2@agencia.com');
INSERT INTO CorreosPorRepresentantes VALUES (2000010175, 'sandra.campos3@agencia.com');
INSERT INTO CorreosPorRepresentantes VALUES (2000010176, 'laura.lara@agencia.com');
INSERT INTO CorreosPorRepresentantes VALUES (2000010177, 'ana.díaz2@agencia.com');
INSERT INTO CorreosPorRepresentantes VALUES (2000010178, 'sandra.reyes@agencia.com');
INSERT INTO CorreosPorRepresentantes VALUES (2000010179, 'paula.campos@agencia.com');
INSERT INTO CorreosPorRepresentantes VALUES (2000010180, 'carmen.bautista2@agencia.com');
INSERT INTO CorreosPorRepresentantes VALUES (2000010181, 'carmen.herrero@agencia.com');
INSERT INTO CorreosPorRepresentantes VALUES (2000010182, 'marta.castro2@agencia.com');
INSERT INTO CorreosPorRepresentantes VALUES (2000010183, 'paula.bautista@agencia.com');
INSERT INTO CorreosPorRepresentantes VALUES (2000010184, 'sofía.ramos@agencia.com');
INSERT INTO CorreosPorRepresentantes VALUES (2000010185, 'maría.herrero4@agencia.com');
INSERT INTO CorreosPorRepresentantes VALUES (2000010186, 'sandra.jiménez@agencia.com');
INSERT INTO CorreosPorRepresentantes VALUES (2000010187, 'lucía.munoz@agencia.com');
INSERT INTO CorreosPorRepresentantes VALUES (2000010188, 'ana.hernández@agencia.com');
INSERT INTO CorreosPorRepresentantes VALUES (2000010189, 'ana.ruiz@agencia.com');
INSERT INTO CorreosPorRepresentantes VALUES (2000010190, 'maría.munoz@agencia.com');
INSERT INTO CorreosPorRepresentantes VALUES (2000010191, 'pilar.díaz3@agencia.com');
INSERT INTO CorreosPorRepresentantes VALUES (2000010192, 'antonia.campos@agencia.com');
INSERT INTO CorreosPorRepresentantes VALUES (2000010193, 'marta.soto@agencia.com');
INSERT INTO CorreosPorRepresentantes VALUES (2000010194, 'rocío.bautista3@agencia.com');
INSERT INTO CorreosPorRepresentantes VALUES (2000010195, 'pilar.campos@agencia.com');
INSERT INTO CorreosPorRepresentantes VALUES (2000010196, 'isabel.herrera@agencia.com');
INSERT INTO CorreosPorRepresentantes VALUES (2000010197, 'montserrat.navarro2@agencia.com');
INSERT INTO CorreosPorRepresentantes VALUES (2000010198, 'paula.castro@agencia.com');
INSERT INTO CorreosPorRepresentantes VALUES (2000010199, 'paula.campos2@agencia.com');
INSERT INTO CorreosPorRepresentantes VALUES (2000010200, 'patricia.maldonado2@agencia.com');
INSERT INTO CorreosPorRepresentantes VALUES (2000010201, 'raquel.de.la.cruz2@agencia.com');
INSERT INTO CorreosPorRepresentantes VALUES (2000010202, 'ana.navarro@agencia.com');
INSERT INTO CorreosPorRepresentantes VALUES (2000010203, 'marisol.navarro@agencia.com');
INSERT INTO CorreosPorRepresentantes VALUES (2000010204, 'pilar.bautista@agencia.com');
INSERT INTO CorreosPorRepresentantes VALUES (2000010205, 'marisol.herrero@agencia.com');
INSERT INTO CorreosPorRepresentantes VALUES (2000010206, 'sofía.soto@agencia.com');
INSERT INTO CorreosPorRepresentantes VALUES (2000010207, 'paula.campos3@agencia.com');
INSERT INTO CorreosPorRepresentantes VALUES (2000010208, 'marisol.reyes2@agencia.com');
INSERT INTO CorreosPorRepresentantes VALUES (2000010209, 'rocío.reyes3@agencia.com');
INSERT INTO CorreosPorRepresentantes VALUES (2000010210, 'isabel.díaz@agencia.com');
INSERT INTO CorreosPorRepresentantes VALUES (2000010211, 'marisol.ruiz@agencia.com');
INSERT INTO CorreosPorRepresentantes VALUES (2000010212, 'carmen.lara2@agencia.com');
INSERT INTO CorreosPorRepresentantes VALUES (2000010213, 'lucía.ramos@agencia.com');
INSERT INTO CorreosPorRepresentantes VALUES (2000010214, 'carmen.lara3@agencia.com');
INSERT INTO CorreosPorRepresentantes VALUES (2000010215, 'marisol.herrera@agencia.com');
INSERT INTO CorreosPorRepresentantes VALUES (2000010216, 'antonia.hernández@agencia.com');
INSERT INTO CorreosPorRepresentantes VALUES (2000010217, 'elena.gómez@agencia.com');
INSERT INTO CorreosPorRepresentantes VALUES (2000010218, 'marisol.maldonado@agencia.com');
INSERT INTO CorreosPorRepresentantes VALUES (2000010219, 'paula.soto@agencia.com');
INSERT INTO CorreosPorRepresentantes VALUES (2000010220, 'isabel.navarro@agencia.com');
INSERT INTO CorreosPorRepresentantes VALUES (2000010221, 'paula.campos4@agencia.com');
INSERT INTO CorreosPorRepresentantes VALUES (2000010222, 'elena.ramos@agencia.com');
INSERT INTO CorreosPorRepresentantes VALUES (2000010223, 'marta.herrera@agencia.com');
INSERT INTO CorreosPorRepresentantes VALUES (2000010224, 'paula.jiménez@agencia.com');
INSERT INTO CorreosPorRepresentantes VALUES (2000010225, 'ana.vega@agencia.com');
INSERT INTO CorreosPorRepresentantes VALUES (2000010226, 'ana.campos@agencia.com');
INSERT INTO CorreosPorRepresentantes VALUES (2000010227, 'pilar.jiménez@agencia.com');
INSERT INTO CorreosPorRepresentantes VALUES (2000010228, 'antonia.ramos@agencia.com');
INSERT INTO CorreosPorRepresentantes VALUES (2000010229, 'sandra.castro@agencia.com');
INSERT INTO CorreosPorRepresentantes VALUES (2000010230, 'antonia.de.la.cruz@agencia.com');
INSERT INTO CorreosPorRepresentantes VALUES (2000010231, 'rocío.castro3@agencia.com');
INSERT INTO CorreosPorRepresentantes VALUES (2000010232, 'montserrat.navarro3@agencia.com');
INSERT INTO CorreosPorRepresentantes VALUES (2000010233, 'pilar.ruiz2@agencia.com');
INSERT INTO CorreosPorRepresentantes VALUES (2000010234, 'sandra.castro2@agencia.com');
INSERT INTO CorreosPorRepresentantes VALUES (2000010235, 'patricia.guerra@agencia.com');
INSERT INTO CorreosPorRepresentantes VALUES (2000010236, 'rocío.munoz@agencia.com');
INSERT INTO CorreosPorRepresentantes VALUES (2000010237, 'patricia.munoz@agencia.com');
INSERT INTO CorreosPorRepresentantes VALUES (2000010238, 'silvia.ramos@agencia.com');
INSERT INTO CorreosPorRepresentantes VALUES (2000010239, 'ana.jiménez2@agencia.com');
INSERT INTO CorreosPorRepresentantes VALUES (2000010240, 'marta.ramos@agencia.com');
INSERT INTO CorreosPorRepresentantes VALUES (2000010241, 'marta.navarro@agencia.com');
INSERT INTO CorreosPorRepresentantes VALUES (2000010242, 'silvia.ruiz@agencia.com');
INSERT INTO CorreosPorRepresentantes VALUES (2000010243, 'paula.navarro@agencia.com');
INSERT INTO CorreosPorRepresentantes VALUES (2000010244, 'maría.ruiz@agencia.com');
INSERT INTO CorreosPorRepresentantes VALUES (2000010245, 'rocío.hernández@agencia.com');
INSERT INTO CorreosPorRepresentantes VALUES (2000010246, 'lucía.lara@agencia.com');
INSERT INTO CorreosPorRepresentantes VALUES (2000010247, 'carmen.gómez2@agencia.com');
INSERT INTO CorreosPorRepresentantes VALUES (2000010248, 'patricia.de.la.cruz@agencia.com');
INSERT INTO CorreosPorRepresentantes VALUES (2000010249, 'paula.soto2@agencia.com');
INSERT INTO CorreosPorRepresentantes VALUES (2000010250, 'rocío.díaz@agencia.com');
INSERT INTO CorreosPorRepresentantes VALUES (2000010251, 'antonia.herrero2@agencia.com');
INSERT INTO CorreosPorRepresentantes VALUES (2000010252, 'marta.bautista2@agencia.com');
INSERT INTO CorreosPorRepresentantes VALUES (2000010253, 'lucía.de.la.cruz@agencia.com');
INSERT INTO CorreosPorRepresentantes VALUES (2000010254, 'silvia.de.la.cruz2@agencia.com');
INSERT INTO CorreosPorRepresentantes VALUES (2000010255, 'rocío.díaz2@agencia.com');
INSERT INTO CorreosPorRepresentantes VALUES (2000010256, 'isabel.hernández2@agencia.com');
INSERT INTO CorreosPorRepresentantes VALUES (2000010257, 'sofía.vega4@agencia.com');
INSERT INTO CorreosPorRepresentantes VALUES (2000010258, 'elena.lara@agencia.com');
INSERT INTO CorreosPorRepresentantes VALUES (2000010259, 'rocío.ramos@agencia.com');
INSERT INTO CorreosPorRepresentantes VALUES (2000010260, 'silvia.díaz@agencia.com');
INSERT INTO CorreosPorRepresentantes VALUES (2000010261, 'antonia.de.la.cruz2@agencia.com');
INSERT INTO CorreosPorRepresentantes VALUES (2000010262, 'paula.campos5@agencia.com');
INSERT INTO CorreosPorRepresentantes VALUES (2000010263, 'sofía.soto2@agencia.com');
INSERT INTO CorreosPorRepresentantes VALUES (2000010264, 'patricia.castro2@agencia.com');
INSERT INTO CorreosPorRepresentantes VALUES (2000010265, 'pilar.gómez2@agencia.com');
INSERT INTO CorreosPorRepresentantes VALUES (2000010266, 'raquel.vega3@agencia.com');
INSERT INTO CorreosPorRepresentantes VALUES (2000010267, 'elena.reyes@agencia.com');
INSERT INTO CorreosPorRepresentantes VALUES (2000010268, 'silvia.navarro2@agencia.com');
INSERT INTO CorreosPorRepresentantes VALUES (2000010269, 'raquel.reyes@agencia.com');
INSERT INTO CorreosPorRepresentantes VALUES (2000010270, 'sofía.lara@agencia.com');
INSERT INTO CorreosPorRepresentantes VALUES (2000010271, 'sofía.guerra@agencia.com');
INSERT INTO CorreosPorRepresentantes VALUES (2000010272, 'silvia.herrero@agencia.com');
INSERT INTO CorreosPorRepresentantes VALUES (2000010273, 'maría.hernández3@agencia.com');
INSERT INTO CorreosPorRepresentantes VALUES (2000010274, 'silvia.soto2@agencia.com');
INSERT INTO CorreosPorRepresentantes VALUES (2000010275, 'rocío.herrero2@agencia.com');
INSERT INTO CorreosPorRepresentantes VALUES (2000010276, 'ana.herrera2@agencia.com');
INSERT INTO CorreosPorRepresentantes VALUES (2000010277, 'laura.campos@agencia.com');
INSERT INTO CorreosPorRepresentantes VALUES (2000010278, 'isabel.navarro2@agencia.com');
INSERT INTO CorreosPorRepresentantes VALUES (2000010279, 'silvia.ruiz2@agencia.com');
INSERT INTO CorreosPorRepresentantes VALUES (2000010280, 'maría.guerra2@agencia.com');
INSERT INTO CorreosPorRepresentantes VALUES (2000010281, 'rocío.guerra2@agencia.com');
INSERT INTO CorreosPorRepresentantes VALUES (2000010282, 'rocío.campos2@agencia.com');
INSERT INTO CorreosPorRepresentantes VALUES (2000010283, 'lucía.jiménez2@agencia.com');
INSERT INTO CorreosPorRepresentantes VALUES (2000010284, 'marta.vega@agencia.com');
INSERT INTO CorreosPorRepresentantes VALUES (2000010285, 'montserrat.lara2@agencia.com');
INSERT INTO CorreosPorRepresentantes VALUES (2000010286, 'ana.hernández2@agencia.com');
INSERT INTO CorreosPorRepresentantes VALUES (2000010287, 'carmen.munoz@agencia.com');
INSERT INTO CorreosPorRepresentantes VALUES (2000010288, 'elena.reyes2@agencia.com');
INSERT INTO CorreosPorRepresentantes VALUES (2000010289, 'sandra.soto@agencia.com');
INSERT INTO CorreosPorRepresentantes VALUES (2000010290, 'montserrat.ramos2@agencia.com');
INSERT INTO CorreosPorRepresentantes VALUES (2000010291, 'isabel.lara@agencia.com');
INSERT INTO CorreosPorRepresentantes VALUES (2000010292, 'raquel.reyes2@agencia.com');
INSERT INTO CorreosPorRepresentantes VALUES (2000010293, 'lucía.díaz@agencia.com');
INSERT INTO CorreosPorRepresentantes VALUES (2000010294, 'antonia.castro@agencia.com');
INSERT INTO CorreosPorRepresentantes VALUES (2000010295, 'rocío.herrero3@agencia.com');
INSERT INTO CorreosPorRepresentantes VALUES (2000010296, 'laura.bautista@agencia.com');
INSERT INTO CorreosPorRepresentantes VALUES (2000010297, 'raquel.munoz@agencia.com');
INSERT INTO CorreosPorRepresentantes VALUES (2000010298, 'paula.jiménez2@agencia.com');
INSERT INTO CorreosPorRepresentantes VALUES (2000010299, 'antonia.campos2@agencia.com');
INSERT INTO CorreosPorRepresentantes VALUES (2000010300, 'pilar.bautista2@agencia.com');
INSERT INTO CorreosPorRepresentantes VALUES (2000010301, 'sofía.campos@agencia.com');
INSERT INTO CorreosPorRepresentantes VALUES (2000010302, 'lucía.castro3@agencia.com');
INSERT INTO CorreosPorRepresentantes VALUES (2000010303, 'elena.vega@agencia.com');
INSERT INTO CorreosPorRepresentantes VALUES (2000010304, 'ana.de.la.cruz@agencia.com');
INSERT INTO CorreosPorRepresentantes VALUES (2000010305, 'sandra.ruiz@agencia.com');
INSERT INTO CorreosPorRepresentantes VALUES (2000010306, 'antonia.herrero3@agencia.com');
INSERT INTO CorreosPorRepresentantes VALUES (2000010307, 'ana.vega2@agencia.com');
INSERT INTO CorreosPorRepresentantes VALUES (2000010308, 'carmen.lara4@agencia.com');
INSERT INTO CorreosPorRepresentantes VALUES (2000010309, 'ana.castro3@agencia.com');
INSERT INTO CorreosPorRepresentantes VALUES (2000010310, 'marta.soto2@agencia.com');
INSERT INTO CorreosPorRepresentantes VALUES (2000010311, 'antonia.navarro@agencia.com');
INSERT INTO CorreosPorRepresentantes VALUES (2000010312, 'laura.maldonado@agencia.com');
INSERT INTO CorreosPorRepresentantes VALUES (2000010313, 'elena.jiménez@agencia.com');
INSERT INTO CorreosPorRepresentantes VALUES (2000010314, 'raquel.reyes3@agencia.com');
INSERT INTO CorreosPorRepresentantes VALUES (2000010315, 'sandra.reyes2@agencia.com');
INSERT INTO CorreosPorRepresentantes VALUES (2000010316, 'patricia.campos@agencia.com');
INSERT INTO CorreosPorRepresentantes VALUES (2000010317, 'maría.de.la.cruz2@agencia.com');
INSERT INTO CorreosPorRepresentantes VALUES (2000010318, 'paula.vega2@agencia.com');
INSERT INTO CorreosPorRepresentantes VALUES (2000010319, 'pilar.munoz2@agencia.com');
INSERT INTO CorreosPorRepresentantes VALUES (2000010320, 'pilar.soto2@agencia.com');
INSERT INTO CorreosPorRepresentantes VALUES (2000010321, 'antonia.herrera@agencia.com');
INSERT INTO CorreosPorRepresentantes VALUES (2000010322, 'pilar.maldonado@agencia.com');
INSERT INTO CorreosPorRepresentantes VALUES (2000010323, 'rocío.guerra3@agencia.com');
INSERT INTO CorreosPorRepresentantes VALUES (2000010324, 'laura.campos2@agencia.com');
INSERT INTO CorreosPorRepresentantes VALUES (2000010325, 'montserrat.castro@agencia.com');
INSERT INTO CorreosPorRepresentantes VALUES (2000010326, 'antonia.ruiz@agencia.com');
INSERT INTO CorreosPorRepresentantes VALUES (2000010327, 'lucía.lara2@agencia.com');
INSERT INTO CorreosPorRepresentantes VALUES (2000010328, 'rocío.vega@agencia.com');
INSERT INTO CorreosPorRepresentantes VALUES (2000010329, 'carmen.reyes@agencia.com');
INSERT INTO CorreosPorRepresentantes VALUES (2000010330, 'marta.hernández2@agencia.com');
INSERT INTO CorreosPorRepresentantes VALUES (2000010331, 'montserrat.díaz@agencia.com');
INSERT INTO CorreosPorRepresentantes VALUES (2000010332, 'silvia.herrera2@agencia.com');
INSERT INTO CorreosPorRepresentantes VALUES (2000010333, 'antonia.gómez2@agencia.com');
INSERT INTO CorreosPorRepresentantes VALUES (2000010334, 'lucía.herrero@agencia.com');
INSERT INTO CorreosPorRepresentantes VALUES (2000010335, 'carmen.maldonado@agencia.com');
INSERT INTO CorreosPorRepresentantes VALUES (2000010336, 'sofía.castro2@agencia.com');
INSERT INTO CorreosPorRepresentantes VALUES (2000010337, 'elena.vega2@agencia.com');
INSERT INTO CorreosPorRepresentantes VALUES (2000010338, 'montserrat.campos@agencia.com');
INSERT INTO CorreosPorRepresentantes VALUES (2000010339, 'beatriz.díaz3@agencia.com');
INSERT INTO CorreosPorRepresentantes VALUES (2000010340, 'marta.herrera2@agencia.com');
INSERT INTO CorreosPorRepresentantes VALUES (2000010341, 'marisol.ramos@agencia.com');
INSERT INTO CorreosPorRepresentantes VALUES (2000010342, 'lucía.vega@agencia.com');
INSERT INTO CorreosPorRepresentantes VALUES (2000010343, 'marisol.bautista@agencia.com');
INSERT INTO CorreosPorRepresentantes VALUES (2000010344, 'montserrat.campos2@agencia.com');
INSERT INTO CorreosPorRepresentantes VALUES (2000010345, 'lucía.maldonado@agencia.com');
INSERT INTO CorreosPorRepresentantes VALUES (2000010346, 'montserrat.castro2@agencia.com');
INSERT INTO CorreosPorRepresentantes VALUES (2000010347, 'marta.reyes2@agencia.com');
INSERT INTO CorreosPorRepresentantes VALUES (2000010348, 'elena.castro2@agencia.com');
INSERT INTO CorreosPorRepresentantes VALUES (2000010349, 'montserrat.ruiz@agencia.com');
INSERT INTO CorreosPorRepresentantes VALUES (2000010350, 'pilar.gómez3@agencia.com');
INSERT INTO CorreosPorRepresentantes VALUES (2000010351, 'rocío.vega2@agencia.com');
INSERT INTO CorreosPorRepresentantes VALUES (2000010352, 'elena.reyes3@agencia.com');
INSERT INTO CorreosPorRepresentantes VALUES (2000010353, 'carmen.campos3@agencia.com');
INSERT INTO CorreosPorRepresentantes VALUES (2000010354, 'silvia.ramos2@agencia.com');
INSERT INTO CorreosPorRepresentantes VALUES (2000010355, 'silvia.soto3@agencia.com');
INSERT INTO CorreosPorRepresentantes VALUES (2000010356, 'raquel.díaz@agencia.com');
INSERT INTO CorreosPorRepresentantes VALUES (2000010357, 'raquel.hernández@agencia.com');
INSERT INTO CorreosPorRepresentantes VALUES (2000010358, 'lucía.ruiz2@agencia.com');
INSERT INTO CorreosPorRepresentantes VALUES (2000010359, 'antonia.gómez3@agencia.com');
INSERT INTO CorreosPorRepresentantes VALUES (2000010360, 'isabel.herrera2@agencia.com');
INSERT INTO CorreosPorRepresentantes VALUES (2000010361, 'raquel.navarro2@agencia.com');
INSERT INTO CorreosPorRepresentantes VALUES (2000010362, 'isabel.gómez@agencia.com');
INSERT INTO CorreosPorRepresentantes VALUES (2000010363, 'pilar.munoz3@agencia.com');
INSERT INTO CorreosPorRepresentantes VALUES (2000010364, 'carmen.hernández@agencia.com');
INSERT INTO CorreosPorRepresentantes VALUES (2000010365, 'maría.de.la.cruz3@agencia.com');
INSERT INTO CorreosPorRepresentantes VALUES (2000010366, 'beatriz.ramos@agencia.com');
INSERT INTO CorreosPorRepresentantes VALUES (2000010367, 'antonia.ruiz2@agencia.com');
INSERT INTO CorreosPorRepresentantes VALUES (2000010368, 'rocío.soto@agencia.com');
INSERT INTO CorreosPorRepresentantes VALUES (2000010369, 'marisol.jiménez@agencia.com');
INSERT INTO CorreosPorRepresentantes VALUES (2000010370, 'antonia.soto2@agencia.com');
INSERT INTO CorreosPorRepresentantes VALUES (2000010371, 'antonia.jiménez@agencia.com');
INSERT INTO CorreosPorRepresentantes VALUES (2000010372, 'antonia.hernández2@agencia.com');
INSERT INTO CorreosPorRepresentantes VALUES (2000010373, 'antonia.herrera2@agencia.com');
INSERT INTO CorreosPorRepresentantes VALUES (2000010374, 'maría.campos@agencia.com');
INSERT INTO CorreosPorRepresentantes VALUES (2000010375, 'isabel.soto3@agencia.com');
INSERT INTO CorreosPorRepresentantes VALUES (2000010376, 'isabel.campos@agencia.com');
INSERT INTO CorreosPorRepresentantes VALUES (2000010377, 'silvia.gómez2@agencia.com');
INSERT INTO CorreosPorRepresentantes VALUES (2000010378, 'marisol.reyes3@agencia.com');
INSERT INTO CorreosPorRepresentantes VALUES (2000010379, 'pilar.vega@agencia.com');
INSERT INTO CorreosPorRepresentantes VALUES (2000010380, 'silvia.munoz@agencia.com');
INSERT INTO CorreosPorRepresentantes VALUES (2000010381, 'antonia.soto3@agencia.com');
INSERT INTO CorreosPorRepresentantes VALUES (2000010382, 'beatriz.herrera@agencia.com');
INSERT INTO CorreosPorRepresentantes VALUES (2000010383, 'raquel.herrero2@agencia.com');
INSERT INTO CorreosPorRepresentantes VALUES (2000010384, 'pilar.díaz4@agencia.com');
INSERT INTO CorreosPorRepresentantes VALUES (2000010385, 'rocío.díaz3@agencia.com');
INSERT INTO CorreosPorRepresentantes VALUES (2000010386, 'lucía.guerra@agencia.com');
INSERT INTO CorreosPorRepresentantes VALUES (2000010387, 'silvia.navarro3@agencia.com');
INSERT INTO CorreosPorRepresentantes VALUES (2000010388, 'carmen.jiménez@agencia.com');
INSERT INTO CorreosPorRepresentantes VALUES (2000010389, 'pilar.vega2@agencia.com');
INSERT INTO CorreosPorRepresentantes VALUES (2000010390, 'sandra.de.la.cruz@agencia.com');
INSERT INTO CorreosPorRepresentantes VALUES (2000010391, 'ana.gómez@agencia.com');
INSERT INTO CorreosPorRepresentantes VALUES (2000010392, 'carmen.de.la.cruz@agencia.com');
INSERT INTO CorreosPorRepresentantes VALUES (2000010393, 'pilar.maldonado2@agencia.com');
INSERT INTO CorreosPorRepresentantes VALUES (2000010394, 'beatriz.maldonado@agencia.com');
INSERT INTO CorreosPorRepresentantes VALUES (2000010395, 'elena.jiménez2@agencia.com');
INSERT INTO CorreosPorRepresentantes VALUES (2000010396, 'sofía.reyes@agencia.com');
INSERT INTO CorreosPorRepresentantes VALUES (2000010397, 'paula.herrero@agencia.com');
INSERT INTO CorreosPorRepresentantes VALUES (2000010398, 'montserrat.herrera3@agencia.com');
INSERT INTO CorreosPorRepresentantes VALUES (2000010399, 'marta.de.la.cruz@agencia.com');

COMMIT;


--Prestamos
INSERT INTO Prestamos VALUES (600, TO_DATE('2023-11-06', 'YYYY-MM-DD'), TO_DATE('2024-11-05', 'YYYY-MM-DD'), 2000000000, 'La Equidad');
INSERT INTO Prestamos VALUES (602, TO_DATE('2022-12-11', 'YYYY-MM-DD'), TO_DATE('2023-12-11', 'YYYY-MM-DD'), 2000000002, 'Aguilas Doradas');
INSERT INTO Prestamos VALUES (603, TO_DATE('2022-08-15', 'YYYY-MM-DD'), TO_DATE('2023-08-15', 'YYYY-MM-DD'), 2000000003, 'Ind Medellin');
INSERT INTO Prestamos VALUES (604, TO_DATE('2022-01-12', 'YYYY-MM-DD'), TO_DATE('2023-01-12', 'YYYY-MM-DD'), 2000000004, 'Atletico Nacional');
INSERT INTO Prestamos VALUES (605, TO_DATE('2022-10-21', 'YYYY-MM-DD'), TO_DATE('2023-10-21', 'YYYY-MM-DD'), 2000000005, 'America de Cali');
INSERT INTO Prestamos VALUES (606, TO_DATE('2023-09-22', 'YYYY-MM-DD'), TO_DATE('2024-09-21', 'YYYY-MM-DD'), 2000000006, 'Llaneros');
INSERT INTO Prestamos VALUES (607, TO_DATE('2023-09-04', 'YYYY-MM-DD'), TO_DATE('2024-09-03', 'YYYY-MM-DD'), 2000000007, 'Pasto');
INSERT INTO Prestamos VALUES (608, TO_DATE('2023-11-20', 'YYYY-MM-DD'), TO_DATE('2024-11-19', 'YYYY-MM-DD'), 2000000008, 'Pasto');
INSERT INTO Prestamos VALUES (609, TO_DATE('2023-01-10', 'YYYY-MM-DD'), TO_DATE('2024-01-10', 'YYYY-MM-DD'), 2000000009, 'Tolima');
INSERT INTO Prestamos VALUES (610, TO_DATE('2022-08-01', 'YYYY-MM-DD'), TO_DATE('2023-08-01', 'YYYY-MM-DD'), 2000000010, 'Pereira');
INSERT INTO Prestamos VALUES (611, TO_DATE('2023-01-28', 'YYYY-MM-DD'), TO_DATE('2024-01-28', 'YYYY-MM-DD'), 2000000011, 'Alianza FC');
INSERT INTO Prestamos VALUES (612, TO_DATE('2023-11-19', 'YYYY-MM-DD'), TO_DATE('2024-11-18', 'YYYY-MM-DD'), 2000000012, 'Union magdalena');
INSERT INTO Prestamos VALUES (613, TO_DATE('2023-08-26', 'YYYY-MM-DD'), TO_DATE('2024-08-25', 'YYYY-MM-DD'), 2000000013, 'Bucaramanga');
INSERT INTO Prestamos VALUES (614, TO_DATE('2023-01-19', 'YYYY-MM-DD'), TO_DATE('2024-01-19', 'YYYY-MM-DD'), 2000000014, 'Alianza FC');
INSERT INTO Prestamos VALUES (615, TO_DATE('2023-06-22', 'YYYY-MM-DD'), TO_DATE('2024-06-21', 'YYYY-MM-DD'), 2000000015, 'Millonarios');
INSERT INTO Prestamos VALUES (616, TO_DATE('2022-04-15', 'YYYY-MM-DD'), TO_DATE('2023-04-15', 'YYYY-MM-DD'), 2000000016, 'Tolima');
INSERT INTO Prestamos VALUES (617, TO_DATE('2023-10-12', 'YYYY-MM-DD'), TO_DATE('2024-10-11', 'YYYY-MM-DD'), 2000000017, 'Pasto');
INSERT INTO Prestamos VALUES (618, TO_DATE('2022-05-11', 'YYYY-MM-DD'), TO_DATE('2023-05-11', 'YYYY-MM-DD'), 2000000018, 'Pasto');
INSERT INTO Prestamos VALUES (619, TO_DATE('2022-03-19', 'YYYY-MM-DD'), TO_DATE('2023-03-19', 'YYYY-MM-DD'), 2000000019, 'Ind Medellin');
INSERT INTO Prestamos VALUES (620, TO_DATE('2022-12-30', 'YYYY-MM-DD'), TO_DATE('2023-12-30', 'YYYY-MM-DD'), 2000000020, 'La Equidad');
INSERT INTO Prestamos VALUES (621, TO_DATE('2022-08-26', 'YYYY-MM-DD'), TO_DATE('2023-08-26', 'YYYY-MM-DD'), 2000000021, 'Deportivo Cali');
INSERT INTO Prestamos VALUES (622, TO_DATE('2022-06-24', 'YYYY-MM-DD'), TO_DATE('2023-06-24', 'YYYY-MM-DD'), 2000000022, 'Junior');
INSERT INTO Prestamos VALUES (623, TO_DATE('2022-05-13', 'YYYY-MM-DD'), TO_DATE('2023-05-13', 'YYYY-MM-DD'), 2000000023, 'Envigado');
INSERT INTO Prestamos VALUES (624, TO_DATE('2022-02-09', 'YYYY-MM-DD'), TO_DATE('2023-02-09', 'YYYY-MM-DD'), 2000000024, 'Once Caldas');
INSERT INTO Prestamos VALUES (625, TO_DATE('2023-10-17', 'YYYY-MM-DD'), TO_DATE('2024-10-16', 'YYYY-MM-DD'), 2000000025, 'Aguilas Doradas');
INSERT INTO Prestamos VALUES (626, TO_DATE('2023-09-18', 'YYYY-MM-DD'), TO_DATE('2024-09-17', 'YYYY-MM-DD'), 2000000026, 'Aguilas Doradas');
INSERT INTO Prestamos VALUES (627, TO_DATE('2023-04-28', 'YYYY-MM-DD'), TO_DATE('2024-04-27', 'YYYY-MM-DD'), 2000000027, 'Chico');
INSERT INTO Prestamos VALUES (628, TO_DATE('2022-09-23', 'YYYY-MM-DD'), TO_DATE('2023-09-23', 'YYYY-MM-DD'), 2000000028, 'La Equidad');
INSERT INTO Prestamos VALUES (629, TO_DATE('2022-10-31', 'YYYY-MM-DD'), TO_DATE('2023-10-31', 'YYYY-MM-DD'), 2000000029, 'Atletico Nacional');
INSERT INTO Prestamos VALUES (630, TO_DATE('2022-03-08', 'YYYY-MM-DD'), TO_DATE('2023-03-08', 'YYYY-MM-DD'), 2000000030, 'La Equidad');
INSERT INTO Prestamos VALUES (631, TO_DATE('2023-05-31', 'YYYY-MM-DD'), TO_DATE('2024-05-30', 'YYYY-MM-DD'), 2000000031, 'Pereira');
INSERT INTO Prestamos VALUES (632, TO_DATE('2023-12-01', 'YYYY-MM-DD'), TO_DATE('2024-11-30', 'YYYY-MM-DD'), 2000000032, 'Aguilas Doradas');
INSERT INTO Prestamos VALUES (633, TO_DATE('2022-08-27', 'YYYY-MM-DD'), TO_DATE('2023-08-27', 'YYYY-MM-DD'), 2000000033, 'Bucaramanga');
INSERT INTO Prestamos VALUES (634, TO_DATE('2022-11-30', 'YYYY-MM-DD'), TO_DATE('2023-11-30', 'YYYY-MM-DD'), 2000000034, 'Pereira');
INSERT INTO Prestamos VALUES (635, TO_DATE('2022-01-30', 'YYYY-MM-DD'), TO_DATE('2023-01-30', 'YYYY-MM-DD'), 2000000035, 'Ind Medellin');
INSERT INTO Prestamos VALUES (636, TO_DATE('2022-05-17', 'YYYY-MM-DD'), TO_DATE('2023-05-17', 'YYYY-MM-DD'), 2000000036, 'Pereira');
INSERT INTO Prestamos VALUES (637, TO_DATE('2023-06-24', 'YYYY-MM-DD'), TO_DATE('2024-06-23', 'YYYY-MM-DD'), 2000000037, 'Ind Medellin');
INSERT INTO Prestamos VALUES (638, TO_DATE('2022-01-03', 'YYYY-MM-DD'), TO_DATE('2023-01-03', 'YYYY-MM-DD'), 2000000038, 'Chico');
INSERT INTO Prestamos VALUES (639, TO_DATE('2022-03-10', 'YYYY-MM-DD'), TO_DATE('2023-03-10', 'YYYY-MM-DD'), 2000000039, 'Deportivo Cali');
INSERT INTO Prestamos VALUES (640, TO_DATE('2022-01-28', 'YYYY-MM-DD'), TO_DATE('2023-01-28', 'YYYY-MM-DD'), 2000000040, 'Once Caldas');
INSERT INTO Prestamos VALUES (641, TO_DATE('2022-04-15', 'YYYY-MM-DD'), TO_DATE('2023-04-15', 'YYYY-MM-DD'), 2000000041, 'Ind Medellin');
INSERT INTO Prestamos VALUES (642, TO_DATE('2023-02-08', 'YYYY-MM-DD'), TO_DATE('2024-02-08', 'YYYY-MM-DD'), 2000000042, 'Junior');
INSERT INTO Prestamos VALUES (643, TO_DATE('2022-03-08', 'YYYY-MM-DD'), TO_DATE('2023-03-08', 'YYYY-MM-DD'), 2000000043, 'Bucaramanga');
INSERT INTO Prestamos VALUES (644, TO_DATE('2023-10-03', 'YYYY-MM-DD'), TO_DATE('2024-10-02', 'YYYY-MM-DD'), 2000000044, 'Atletico Nacional');
INSERT INTO Prestamos VALUES (645, TO_DATE('2022-02-06', 'YYYY-MM-DD'), TO_DATE('2023-02-06', 'YYYY-MM-DD'), 2000000045, 'Deportivo Cali');
INSERT INTO Prestamos VALUES (646, TO_DATE('2022-05-15', 'YYYY-MM-DD'), TO_DATE('2023-05-15', 'YYYY-MM-DD'), 2000000046, 'Pereira');
INSERT INTO Prestamos VALUES (647, TO_DATE('2022-02-20', 'YYYY-MM-DD'), TO_DATE('2023-02-20', 'YYYY-MM-DD'), 2000000047, 'America de Cali');
INSERT INTO Prestamos VALUES (648, TO_DATE('2022-11-13', 'YYYY-MM-DD'), TO_DATE('2023-11-13', 'YYYY-MM-DD'), 2000000048, 'Ind Medellin');
INSERT INTO Prestamos VALUES (649, TO_DATE('2023-04-15', 'YYYY-MM-DD'), TO_DATE('2024-04-14', 'YYYY-MM-DD'), 2000000049, 'Fortaleza');
INSERT INTO Prestamos VALUES (650, TO_DATE('2023-11-18', 'YYYY-MM-DD'), TO_DATE('2024-11-17', 'YYYY-MM-DD'), 2000000050, 'Junior');
INSERT INTO Prestamos VALUES (651, TO_DATE('2022-02-09', 'YYYY-MM-DD'), TO_DATE('2023-02-09', 'YYYY-MM-DD'), 2000000051, 'Fortaleza');
INSERT INTO Prestamos VALUES (652, TO_DATE('2022-11-16', 'YYYY-MM-DD'), TO_DATE('2023-11-16', 'YYYY-MM-DD'), 2000000052, 'America de Cali');
INSERT INTO Prestamos VALUES (653, TO_DATE('2023-10-24', 'YYYY-MM-DD'), TO_DATE('2024-10-23', 'YYYY-MM-DD'), 2000000053, 'Once Caldas');
INSERT INTO Prestamos VALUES (654, TO_DATE('2022-04-18', 'YYYY-MM-DD'), TO_DATE('2023-04-18', 'YYYY-MM-DD'), 2000000054, 'Deportivo Cali');
INSERT INTO Prestamos VALUES (655, TO_DATE('2023-09-17', 'YYYY-MM-DD'), TO_DATE('2024-09-16', 'YYYY-MM-DD'), 2000000055, 'Ind Medellin');
INSERT INTO Prestamos VALUES (656, TO_DATE('2023-07-19', 'YYYY-MM-DD'), TO_DATE('2024-07-18', 'YYYY-MM-DD'), 2000000056, 'Junior');
INSERT INTO Prestamos VALUES (657, TO_DATE('2023-12-05', 'YYYY-MM-DD'), TO_DATE('2024-12-04', 'YYYY-MM-DD'), 2000000057, 'Pereira');
INSERT INTO Prestamos VALUES (658, TO_DATE('2023-11-02', 'YYYY-MM-DD'), TO_DATE('2024-11-01', 'YYYY-MM-DD'), 2000000058, 'Chico');
INSERT INTO Prestamos VALUES (659, TO_DATE('2023-05-14', 'YYYY-MM-DD'), TO_DATE('2024-05-13', 'YYYY-MM-DD'), 2000000059, 'Millonarios');
INSERT INTO Prestamos VALUES (660, TO_DATE('2023-01-27', 'YYYY-MM-DD'), TO_DATE('2024-01-27', 'YYYY-MM-DD'), 2000000060, 'Santa Fe');
INSERT INTO Prestamos VALUES (661, TO_DATE('2022-05-16', 'YYYY-MM-DD'), TO_DATE('2023-05-16', 'YYYY-MM-DD'), 2000000061, 'Union magdalena');
INSERT INTO Prestamos VALUES (662, TO_DATE('2022-04-10', 'YYYY-MM-DD'), TO_DATE('2023-04-10', 'YYYY-MM-DD'), 2000000062, 'Deportivo Cali');
INSERT INTO Prestamos VALUES (663, TO_DATE('2023-11-26', 'YYYY-MM-DD'), TO_DATE('2024-11-25', 'YYYY-MM-DD'), 2000000063, 'Junior');
INSERT INTO Prestamos VALUES (664, TO_DATE('2022-10-30', 'YYYY-MM-DD'), TO_DATE('2023-10-30', 'YYYY-MM-DD'), 2000000064, 'La Equidad');
INSERT INTO Prestamos VALUES (665, TO_DATE('2023-02-21', 'YYYY-MM-DD'), TO_DATE('2024-02-21', 'YYYY-MM-DD'), 2000000065, 'Once Caldas');
INSERT INTO Prestamos VALUES (666, TO_DATE('2022-06-16', 'YYYY-MM-DD'), TO_DATE('2023-06-16', 'YYYY-MM-DD'), 2000000066, 'Santa Fe');
INSERT INTO Prestamos VALUES (667, TO_DATE('2022-01-19', 'YYYY-MM-DD'), TO_DATE('2023-01-19', 'YYYY-MM-DD'), 2000000067, 'Santa Fe');
INSERT INTO Prestamos VALUES (668, TO_DATE('2022-06-21', 'YYYY-MM-DD'), TO_DATE('2023-06-21', 'YYYY-MM-DD'), 2000000068, 'Fortaleza');
INSERT INTO Prestamos VALUES (669, TO_DATE('2022-11-20', 'YYYY-MM-DD'), TO_DATE('2023-11-20', 'YYYY-MM-DD'), 2000000069, 'La Equidad');
INSERT INTO Prestamos VALUES (670, TO_DATE('2023-04-04', 'YYYY-MM-DD'), TO_DATE('2024-04-03', 'YYYY-MM-DD'), 2000000070, 'Millonarios');
INSERT INTO Prestamos VALUES (671, TO_DATE('2023-04-22', 'YYYY-MM-DD'), TO_DATE('2024-04-21', 'YYYY-MM-DD'), 2000000071, 'Deportivo Cali');
INSERT INTO Prestamos VALUES (672, TO_DATE('2022-06-10', 'YYYY-MM-DD'), TO_DATE('2023-06-10', 'YYYY-MM-DD'), 2000000072, 'Bucaramanga');
INSERT INTO Prestamos VALUES (673, TO_DATE('2022-06-14', 'YYYY-MM-DD'), TO_DATE('2023-06-14', 'YYYY-MM-DD'), 2000000073, 'Millonarios');
INSERT INTO Prestamos VALUES (674, TO_DATE('2023-02-17', 'YYYY-MM-DD'), TO_DATE('2024-02-17', 'YYYY-MM-DD'), 2000000074, 'Deportivo Cali');
INSERT INTO Prestamos VALUES (675, TO_DATE('2022-07-22', 'YYYY-MM-DD'), TO_DATE('2023-07-22', 'YYYY-MM-DD'), 2000000075, 'Atletico Nacional');
INSERT INTO Prestamos VALUES (676, TO_DATE('2022-05-21', 'YYYY-MM-DD'), TO_DATE('2023-05-21', 'YYYY-MM-DD'), 2000000076, 'Atletico Nacional');
INSERT INTO Prestamos VALUES (677, TO_DATE('2022-11-05', 'YYYY-MM-DD'), TO_DATE('2023-11-05', 'YYYY-MM-DD'), 2000000077, 'Millonarios');
INSERT INTO Prestamos VALUES (678, TO_DATE('2022-06-30', 'YYYY-MM-DD'), TO_DATE('2023-06-30', 'YYYY-MM-DD'), 2000000078, 'Once Caldas');
INSERT INTO Prestamos VALUES (679, TO_DATE('2022-07-12', 'YYYY-MM-DD'), TO_DATE('2023-07-12', 'YYYY-MM-DD'), 2000000079, 'America de Cali');
INSERT INTO Prestamos VALUES (680, TO_DATE('2023-10-23', 'YYYY-MM-DD'), TO_DATE('2024-10-22', 'YYYY-MM-DD'), 2000000080, 'Fortaleza');
INSERT INTO Prestamos VALUES (681, TO_DATE('2023-02-06', 'YYYY-MM-DD'), TO_DATE('2024-02-06', 'YYYY-MM-DD'), 2000000081, 'Millonarios');
INSERT INTO Prestamos VALUES (682, TO_DATE('2023-04-21', 'YYYY-MM-DD'), TO_DATE('2024-04-20', 'YYYY-MM-DD'), 2000000082, 'Junior');
INSERT INTO Prestamos VALUES (683, TO_DATE('2023-06-21', 'YYYY-MM-DD'), TO_DATE('2024-06-20', 'YYYY-MM-DD'), 2000000083, 'Envigado');
INSERT INTO Prestamos VALUES (684, TO_DATE('2023-12-02', 'YYYY-MM-DD'), TO_DATE('2024-12-01', 'YYYY-MM-DD'), 2000000084, 'La Equidad');
INSERT INTO Prestamos VALUES (685, TO_DATE('2023-05-30', 'YYYY-MM-DD'), TO_DATE('2024-05-29', 'YYYY-MM-DD'), 2000000085, 'America de Cali');
INSERT INTO Prestamos VALUES (686, TO_DATE('2023-09-05', 'YYYY-MM-DD'), TO_DATE('2024-09-04', 'YYYY-MM-DD'), 2000000086, 'Atletico Nacional');
INSERT INTO Prestamos VALUES (687, TO_DATE('2023-11-09', 'YYYY-MM-DD'), TO_DATE('2024-11-08', 'YYYY-MM-DD'), 2000000087, 'Alianza FC');
INSERT INTO Prestamos VALUES (688, TO_DATE('2022-05-20', 'YYYY-MM-DD'), TO_DATE('2023-05-20', 'YYYY-MM-DD'), 2000000088, 'Llaneros');
INSERT INTO Prestamos VALUES (689, TO_DATE('2022-02-15', 'YYYY-MM-DD'), TO_DATE('2023-02-15', 'YYYY-MM-DD'), 2000000089, 'Fortaleza');
INSERT INTO Prestamos VALUES (690, TO_DATE('2023-05-29', 'YYYY-MM-DD'), TO_DATE('2024-05-28', 'YYYY-MM-DD'), 2000000090, 'Aguilas Doradas');
INSERT INTO Prestamos VALUES (691, TO_DATE('2022-10-16', 'YYYY-MM-DD'), TO_DATE('2023-10-16', 'YYYY-MM-DD'), 2000000091, 'Fortaleza');
INSERT INTO Prestamos VALUES (692, TO_DATE('2023-07-10', 'YYYY-MM-DD'), TO_DATE('2024-07-09', 'YYYY-MM-DD'), 2000000092, 'Atletico Nacional');
INSERT INTO Prestamos VALUES (693, TO_DATE('2022-08-05', 'YYYY-MM-DD'), TO_DATE('2023-08-05', 'YYYY-MM-DD'), 2000000093, 'Millonarios');
INSERT INTO Prestamos VALUES (694, TO_DATE('2022-01-11', 'YYYY-MM-DD'), TO_DATE('2023-01-11', 'YYYY-MM-DD'), 2000000094, 'Junior');
INSERT INTO Prestamos VALUES (695, TO_DATE('2022-06-23', 'YYYY-MM-DD'), TO_DATE('2023-06-23', 'YYYY-MM-DD'), 2000000095, 'Once Caldas');
INSERT INTO Prestamos VALUES (696, TO_DATE('2022-10-11', 'YYYY-MM-DD'), TO_DATE('2023-10-11', 'YYYY-MM-DD'), 2000000096, 'Chico');
INSERT INTO Prestamos VALUES (697, TO_DATE('2022-04-04', 'YYYY-MM-DD'), TO_DATE('2023-04-04', 'YYYY-MM-DD'), 2000000097, 'Chico');
INSERT INTO Prestamos VALUES (698, TO_DATE('2022-08-07', 'YYYY-MM-DD'), TO_DATE('2023-08-07', 'YYYY-MM-DD'), 2000000098, 'Millonarios');
INSERT INTO Prestamos VALUES (699, TO_DATE('2023-10-30', 'YYYY-MM-DD'), TO_DATE('2024-10-29', 'YYYY-MM-DD'), 2000000099, 'Envigado');
INSERT INTO Prestamos VALUES (700, TO_DATE('2023-06-30', 'YYYY-MM-DD'), TO_DATE('2024-06-29', 'YYYY-MM-DD'), 2000000100, 'Deportivo Cali');
INSERT INTO Prestamos VALUES (701, TO_DATE('2022-08-30', 'YYYY-MM-DD'), TO_DATE('2023-08-30', 'YYYY-MM-DD'), 2000000101, 'Pereira');
INSERT INTO Prestamos VALUES (702, TO_DATE('2023-11-13', 'YYYY-MM-DD'), TO_DATE('2024-11-12', 'YYYY-MM-DD'), 2000000102, 'Llaneros');
INSERT INTO Prestamos VALUES (703, TO_DATE('2022-03-29', 'YYYY-MM-DD'), TO_DATE('2023-03-29', 'YYYY-MM-DD'), 2000000103, 'Millonarios');
INSERT INTO Prestamos VALUES (704, TO_DATE('2023-05-23', 'YYYY-MM-DD'), TO_DATE('2024-05-22', 'YYYY-MM-DD'), 2000000104, 'Fortaleza');
INSERT INTO Prestamos VALUES (705, TO_DATE('2022-05-31', 'YYYY-MM-DD'), TO_DATE('2023-05-31', 'YYYY-MM-DD'), 2000000105, 'Deportivo Cali');
INSERT INTO Prestamos VALUES (706, TO_DATE('2022-10-25', 'YYYY-MM-DD'), TO_DATE('2023-10-25', 'YYYY-MM-DD'), 2000000106, 'Ind Medellin');
INSERT INTO Prestamos VALUES (707, TO_DATE('2023-02-17', 'YYYY-MM-DD'), TO_DATE('2024-02-17', 'YYYY-MM-DD'), 2000000107, 'Deportivo Cali');
INSERT INTO Prestamos VALUES (708, TO_DATE('2022-07-17', 'YYYY-MM-DD'), TO_DATE('2023-07-17', 'YYYY-MM-DD'), 2000000108, 'La Equidad');
INSERT INTO Prestamos VALUES (709, TO_DATE('2023-05-21', 'YYYY-MM-DD'), TO_DATE('2024-05-20', 'YYYY-MM-DD'), 2000000109, 'Envigado');
INSERT INTO Prestamos VALUES (710, TO_DATE('2022-02-04', 'YYYY-MM-DD'), TO_DATE('2023-02-04', 'YYYY-MM-DD'), 2000000110, 'Once Caldas');
INSERT INTO Prestamos VALUES (711, TO_DATE('2023-07-17', 'YYYY-MM-DD'), TO_DATE('2024-07-16', 'YYYY-MM-DD'), 2000000111, 'Fortaleza');
INSERT INTO Prestamos VALUES (712, TO_DATE('2023-04-25', 'YYYY-MM-DD'), TO_DATE('2024-04-24', 'YYYY-MM-DD'), 2000000112, 'Junior');
INSERT INTO Prestamos VALUES (713, TO_DATE('2022-09-29', 'YYYY-MM-DD'), TO_DATE('2023-09-29', 'YYYY-MM-DD'), 2000000113, 'America de Cali');
INSERT INTO Prestamos VALUES (714, TO_DATE('2022-06-07', 'YYYY-MM-DD'), TO_DATE('2023-06-07', 'YYYY-MM-DD'), 2000000114, 'Pereira');
INSERT INTO Prestamos VALUES (715, TO_DATE('2023-11-23', 'YYYY-MM-DD'), TO_DATE('2024-11-22', 'YYYY-MM-DD'), 2000000115, 'Santa Fe');
INSERT INTO Prestamos VALUES (716, TO_DATE('2022-02-08', 'YYYY-MM-DD'), TO_DATE('2023-02-08', 'YYYY-MM-DD'), 2000000116, 'Pasto');
INSERT INTO Prestamos VALUES (717, TO_DATE('2022-09-10', 'YYYY-MM-DD'), TO_DATE('2023-09-10', 'YYYY-MM-DD'), 2000000117, 'Alianza FC');
INSERT INTO Prestamos VALUES (718, TO_DATE('2023-10-16', 'YYYY-MM-DD'), TO_DATE('2024-10-15', 'YYYY-MM-DD'), 2000000118, 'Alianza FC');
INSERT INTO Prestamos VALUES (719, TO_DATE('2022-05-22', 'YYYY-MM-DD'), TO_DATE('2023-05-22', 'YYYY-MM-DD'), 2000000119, 'Junior');
INSERT INTO Prestamos VALUES (720, TO_DATE('2023-11-02', 'YYYY-MM-DD'), TO_DATE('2024-11-01', 'YYYY-MM-DD'), 2000000120, 'Atletico Nacional');
INSERT INTO Prestamos VALUES (721, TO_DATE('2022-11-02', 'YYYY-MM-DD'), TO_DATE('2023-11-02', 'YYYY-MM-DD'), 2000000121, 'Once Caldas');
INSERT INTO Prestamos VALUES (722, TO_DATE('2022-03-26', 'YYYY-MM-DD'), TO_DATE('2023-03-26', 'YYYY-MM-DD'), 2000000122, 'Junior');
INSERT INTO Prestamos VALUES (723, TO_DATE('2022-10-16', 'YYYY-MM-DD'), TO_DATE('2023-10-16', 'YYYY-MM-DD'), 2000000123, 'Alianza FC');
INSERT INTO Prestamos VALUES (724, TO_DATE('2023-09-12', 'YYYY-MM-DD'), TO_DATE('2024-09-11', 'YYYY-MM-DD'), 2000000124, 'Envigado');
INSERT INTO Prestamos VALUES (725, TO_DATE('2022-08-14', 'YYYY-MM-DD'), TO_DATE('2023-08-14', 'YYYY-MM-DD'), 2000000125, 'America de Cali');
INSERT INTO Prestamos VALUES (726, TO_DATE('2022-08-16', 'YYYY-MM-DD'), TO_DATE('2023-08-16', 'YYYY-MM-DD'), 2000000126, 'Aguilas Doradas');
INSERT INTO Prestamos VALUES (727, TO_DATE('2022-09-11', 'YYYY-MM-DD'), TO_DATE('2023-09-11', 'YYYY-MM-DD'), 2000000127, 'America de Cali');
INSERT INTO Prestamos VALUES (728, TO_DATE('2023-08-28', 'YYYY-MM-DD'), TO_DATE('2024-08-27', 'YYYY-MM-DD'), 2000000128, 'Fortaleza');
INSERT INTO Prestamos VALUES (729, TO_DATE('2022-05-26', 'YYYY-MM-DD'), TO_DATE('2023-05-26', 'YYYY-MM-DD'), 2000000129, 'Ind Medellin');
INSERT INTO Prestamos VALUES (730, TO_DATE('2023-06-20', 'YYYY-MM-DD'), TO_DATE('2024-06-19', 'YYYY-MM-DD'), 2000000130, 'Once Caldas');
INSERT INTO Prestamos VALUES (731, TO_DATE('2022-01-06', 'YYYY-MM-DD'), TO_DATE('2023-01-06', 'YYYY-MM-DD'), 2000000131, 'Deportivo Cali');
INSERT INTO Prestamos VALUES (732, TO_DATE('2023-07-25', 'YYYY-MM-DD'), TO_DATE('2024-07-24', 'YYYY-MM-DD'), 2000000132, 'Alianza FC');
INSERT INTO Prestamos VALUES (733, TO_DATE('2022-02-12', 'YYYY-MM-DD'), TO_DATE('2023-02-12', 'YYYY-MM-DD'), 2000000133, 'Atletico Nacional');
INSERT INTO Prestamos VALUES (734, TO_DATE('2022-01-05', 'YYYY-MM-DD'), TO_DATE('2023-01-05', 'YYYY-MM-DD'), 2000000134, 'Envigado');
INSERT INTO Prestamos VALUES (735, TO_DATE('2022-05-23', 'YYYY-MM-DD'), TO_DATE('2023-05-23', 'YYYY-MM-DD'), 2000000135, 'Pasto');
INSERT INTO Prestamos VALUES (736, TO_DATE('2022-09-05', 'YYYY-MM-DD'), TO_DATE('2023-09-05', 'YYYY-MM-DD'), 2000000136, 'Millonarios');
INSERT INTO Prestamos VALUES (737, TO_DATE('2022-05-31', 'YYYY-MM-DD'), TO_DATE('2023-05-31', 'YYYY-MM-DD'), 2000000137, 'Deportivo Cali');
INSERT INTO Prestamos VALUES (738, TO_DATE('2022-09-16', 'YYYY-MM-DD'), TO_DATE('2023-09-16', 'YYYY-MM-DD'), 2000000138, 'Aguilas Doradas');
INSERT INTO Prestamos VALUES (739, TO_DATE('2022-10-03', 'YYYY-MM-DD'), TO_DATE('2023-10-03', 'YYYY-MM-DD'), 2000000139, 'Bucaramanga');
INSERT INTO Prestamos VALUES (740, TO_DATE('2022-11-05', 'YYYY-MM-DD'), TO_DATE('2023-11-05', 'YYYY-MM-DD'), 2000000140, 'Millonarios');
INSERT INTO Prestamos VALUES (741, TO_DATE('2022-05-12', 'YYYY-MM-DD'), TO_DATE('2023-05-12', 'YYYY-MM-DD'), 2000000141, 'Alianza FC');
INSERT INTO Prestamos VALUES (742, TO_DATE('2023-02-23', 'YYYY-MM-DD'), TO_DATE('2024-02-23', 'YYYY-MM-DD'), 2000000142, 'Aguilas Doradas');
INSERT INTO Prestamos VALUES (743, TO_DATE('2022-01-23', 'YYYY-MM-DD'), TO_DATE('2023-01-23', 'YYYY-MM-DD'), 2000000143, 'Ind Medellin');
INSERT INTO Prestamos VALUES (744, TO_DATE('2022-11-03', 'YYYY-MM-DD'), TO_DATE('2023-11-03', 'YYYY-MM-DD'), 2000000144, 'Aguilas Doradas');
INSERT INTO Prestamos VALUES (745, TO_DATE('2023-02-04', 'YYYY-MM-DD'), TO_DATE('2024-02-04', 'YYYY-MM-DD'), 2000000145, 'Llaneros');
INSERT INTO Prestamos VALUES (746, TO_DATE('2022-08-20', 'YYYY-MM-DD'), TO_DATE('2023-08-20', 'YYYY-MM-DD'), 2000000146, 'America de Cali');
INSERT INTO Prestamos VALUES (747, TO_DATE('2022-04-09', 'YYYY-MM-DD'), TO_DATE('2023-04-09', 'YYYY-MM-DD'), 2000000147, 'Deportivo Cali');
INSERT INTO Prestamos VALUES (748, TO_DATE('2023-08-06', 'YYYY-MM-DD'), TO_DATE('2024-08-05', 'YYYY-MM-DD'), 2000000148, 'Atletico Nacional');
INSERT INTO Prestamos VALUES (749, TO_DATE('2022-05-25', 'YYYY-MM-DD'), TO_DATE('2023-05-25', 'YYYY-MM-DD'), 2000000149, 'Pereira');
INSERT INTO Prestamos VALUES (750, TO_DATE('2022-03-30', 'YYYY-MM-DD'), TO_DATE('2023-03-30', 'YYYY-MM-DD'), 2000000150, 'Aguilas Doradas');
INSERT INTO Prestamos VALUES (751, TO_DATE('2023-04-24', 'YYYY-MM-DD'), TO_DATE('2024-04-23', 'YYYY-MM-DD'), 2000000151, 'Ind Medellin');
INSERT INTO Prestamos VALUES (752, TO_DATE('2022-11-25', 'YYYY-MM-DD'), TO_DATE('2023-11-25', 'YYYY-MM-DD'), 2000000152, 'Alianza FC');
INSERT INTO Prestamos VALUES (753, TO_DATE('2022-02-19', 'YYYY-MM-DD'), TO_DATE('2023-02-19', 'YYYY-MM-DD'), 2000000153, 'America de Cali');
INSERT INTO Prestamos VALUES (754, TO_DATE('2022-09-20', 'YYYY-MM-DD'), TO_DATE('2023-09-20', 'YYYY-MM-DD'), 2000000154, 'Chico');
INSERT INTO Prestamos VALUES (755, TO_DATE('2023-03-13', 'YYYY-MM-DD'), TO_DATE('2024-03-12', 'YYYY-MM-DD'), 2000000155, 'Deportivo Cali');
INSERT INTO Prestamos VALUES (756, TO_DATE('2022-04-06', 'YYYY-MM-DD'), TO_DATE('2023-04-06', 'YYYY-MM-DD'), 2000000156, 'Aguilas Doradas');
INSERT INTO Prestamos VALUES (757, TO_DATE('2023-11-20', 'YYYY-MM-DD'), TO_DATE('2024-11-19', 'YYYY-MM-DD'), 2000000157, 'Llaneros');
INSERT INTO Prestamos VALUES (758, TO_DATE('2022-09-18', 'YYYY-MM-DD'), TO_DATE('2023-09-18', 'YYYY-MM-DD'), 2000000158, 'Envigado');
INSERT INTO Prestamos VALUES (759, TO_DATE('2023-03-05', 'YYYY-MM-DD'), TO_DATE('2024-03-04', 'YYYY-MM-DD'), 2000000159, 'Fortaleza');
INSERT INTO Prestamos VALUES (760, TO_DATE('2023-07-13', 'YYYY-MM-DD'), TO_DATE('2024-07-12', 'YYYY-MM-DD'), 2000000160, 'Santa Fe');
INSERT INTO Prestamos VALUES (761, TO_DATE('2023-02-03', 'YYYY-MM-DD'), TO_DATE('2024-02-03', 'YYYY-MM-DD'), 2000000161, 'America de Cali');
INSERT INTO Prestamos VALUES (762, TO_DATE('2023-07-17', 'YYYY-MM-DD'), TO_DATE('2024-07-16', 'YYYY-MM-DD'), 2000000162, 'Alianza FC');
INSERT INTO Prestamos VALUES (763, TO_DATE('2022-06-25', 'YYYY-MM-DD'), TO_DATE('2023-06-25', 'YYYY-MM-DD'), 2000000163, 'Santa Fe');
INSERT INTO Prestamos VALUES (764, TO_DATE('2022-10-02', 'YYYY-MM-DD'), TO_DATE('2023-10-02', 'YYYY-MM-DD'), 2000000164, 'Santa Fe');
INSERT INTO Prestamos VALUES (765, TO_DATE('2022-06-19', 'YYYY-MM-DD'), TO_DATE('2023-06-19', 'YYYY-MM-DD'), 2000000165, 'Bucaramanga');
INSERT INTO Prestamos VALUES (766, TO_DATE('2022-01-24', 'YYYY-MM-DD'), TO_DATE('2023-01-24', 'YYYY-MM-DD'), 2000000166, 'Ind Medellin');
INSERT INTO Prestamos VALUES (767, TO_DATE('2023-04-14', 'YYYY-MM-DD'), TO_DATE('2024-04-13', 'YYYY-MM-DD'), 2000000167, 'Atletico Nacional');
INSERT INTO Prestamos VALUES (768, TO_DATE('2022-01-09', 'YYYY-MM-DD'), TO_DATE('2023-01-09', 'YYYY-MM-DD'), 2000000168, 'Ind Medellin');
INSERT INTO Prestamos VALUES (769, TO_DATE('2022-09-15', 'YYYY-MM-DD'), TO_DATE('2023-09-15', 'YYYY-MM-DD'), 2000000169, 'Pereira');
INSERT INTO Prestamos VALUES (770, TO_DATE('2023-08-14', 'YYYY-MM-DD'), TO_DATE('2024-08-13', 'YYYY-MM-DD'), 2000000170, 'Santa Fe');
INSERT INTO Prestamos VALUES (771, TO_DATE('2023-03-15', 'YYYY-MM-DD'), TO_DATE('2024-03-14', 'YYYY-MM-DD'), 2000000171, 'Tolima');
INSERT INTO Prestamos VALUES (772, TO_DATE('2022-08-10', 'YYYY-MM-DD'), TO_DATE('2023-08-10', 'YYYY-MM-DD'), 2000000172, 'Fortaleza');
INSERT INTO Prestamos VALUES (773, TO_DATE('2023-10-21', 'YYYY-MM-DD'), TO_DATE('2024-10-20', 'YYYY-MM-DD'), 2000000173, 'Pasto');
INSERT INTO Prestamos VALUES (774, TO_DATE('2022-11-09', 'YYYY-MM-DD'), TO_DATE('2023-11-09', 'YYYY-MM-DD'), 2000000174, 'Atletico Nacional');
INSERT INTO Prestamos VALUES (775, TO_DATE('2022-08-27', 'YYYY-MM-DD'), TO_DATE('2023-08-27', 'YYYY-MM-DD'), 2000000175, 'Ind Medellin');
INSERT INTO Prestamos VALUES (776, TO_DATE('2022-12-14', 'YYYY-MM-DD'), TO_DATE('2023-12-14', 'YYYY-MM-DD'), 2000000176, 'Llaneros');
INSERT INTO Prestamos VALUES (777, TO_DATE('2023-04-11', 'YYYY-MM-DD'), TO_DATE('2024-04-10', 'YYYY-MM-DD'), 2000000177, 'La Equidad');
INSERT INTO Prestamos VALUES (778, TO_DATE('2023-11-14', 'YYYY-MM-DD'), TO_DATE('2024-11-13', 'YYYY-MM-DD'), 2000000178, 'America de Cali');
INSERT INTO Prestamos VALUES (779, TO_DATE('2022-07-21', 'YYYY-MM-DD'), TO_DATE('2023-07-21', 'YYYY-MM-DD'), 2000000179, 'Tolima');
INSERT INTO Prestamos VALUES (780, TO_DATE('2023-01-06', 'YYYY-MM-DD'), TO_DATE('2024-01-06', 'YYYY-MM-DD'), 2000000180, 'Tolima');
INSERT INTO Prestamos VALUES (781, TO_DATE('2022-11-05', 'YYYY-MM-DD'), TO_DATE('2023-11-05', 'YYYY-MM-DD'), 2000000181, 'Union magdalena');
INSERT INTO Prestamos VALUES (782, TO_DATE('2022-12-02', 'YYYY-MM-DD'), TO_DATE('2023-12-02', 'YYYY-MM-DD'), 2000000182, 'Millonarios');
INSERT INTO Prestamos VALUES (783, TO_DATE('2022-02-09', 'YYYY-MM-DD'), TO_DATE('2023-02-09', 'YYYY-MM-DD'), 2000000183, 'Pasto');
INSERT INTO Prestamos VALUES (784, TO_DATE('2023-06-14', 'YYYY-MM-DD'), TO_DATE('2024-06-13', 'YYYY-MM-DD'), 2000000184, 'Llaneros');
INSERT INTO Prestamos VALUES (785, TO_DATE('2022-11-07', 'YYYY-MM-DD'), TO_DATE('2023-11-07', 'YYYY-MM-DD'), 2000000185, 'La Equidad');
INSERT INTO Prestamos VALUES (786, TO_DATE('2023-02-25', 'YYYY-MM-DD'), TO_DATE('2024-02-25', 'YYYY-MM-DD'), 2000000186, 'Once Caldas');
INSERT INTO Prestamos VALUES (787, TO_DATE('2023-11-14', 'YYYY-MM-DD'), TO_DATE('2024-11-13', 'YYYY-MM-DD'), 2000000187, 'Atletico Nacional');
INSERT INTO Prestamos VALUES (788, TO_DATE('2022-11-30', 'YYYY-MM-DD'), TO_DATE('2023-11-30', 'YYYY-MM-DD'), 2000000188, 'Llaneros');
INSERT INTO Prestamos VALUES (789, TO_DATE('2022-03-01', 'YYYY-MM-DD'), TO_DATE('2023-03-01', 'YYYY-MM-DD'), 2000000189, 'Envigado');
INSERT INTO Prestamos VALUES (790, TO_DATE('2022-03-04', 'YYYY-MM-DD'), TO_DATE('2023-03-04', 'YYYY-MM-DD'), 2000000190, 'Aguilas Doradas');
INSERT INTO Prestamos VALUES (791, TO_DATE('2022-05-03', 'YYYY-MM-DD'), TO_DATE('2023-05-03', 'YYYY-MM-DD'), 2000000191, 'Junior');
INSERT INTO Prestamos VALUES (792, TO_DATE('2022-11-25', 'YYYY-MM-DD'), TO_DATE('2023-11-25', 'YYYY-MM-DD'), 2000000192, 'La Equidad');
INSERT INTO Prestamos VALUES (793, TO_DATE('2022-12-06', 'YYYY-MM-DD'), TO_DATE('2023-12-06', 'YYYY-MM-DD'), 2000000193, 'Chico');
INSERT INTO Prestamos VALUES (794, TO_DATE('2023-04-20', 'YYYY-MM-DD'), TO_DATE('2024-04-19', 'YYYY-MM-DD'), 2000000194, 'Alianza FC');
INSERT INTO Prestamos VALUES (795, TO_DATE('2022-10-29', 'YYYY-MM-DD'), TO_DATE('2023-10-29', 'YYYY-MM-DD'), 2000000195, 'Once Caldas');
INSERT INTO Prestamos VALUES (796, TO_DATE('2022-01-05', 'YYYY-MM-DD'), TO_DATE('2023-01-05', 'YYYY-MM-DD'), 2000000196, 'Millonarios');
INSERT INTO Prestamos VALUES (797, TO_DATE('2023-05-28', 'YYYY-MM-DD'), TO_DATE('2024-05-27', 'YYYY-MM-DD'), 2000000197, 'Atletico Nacional');
INSERT INTO Prestamos VALUES (798, TO_DATE('2023-11-17', 'YYYY-MM-DD'), TO_DATE('2024-11-16', 'YYYY-MM-DD'), 2000000198, 'La Equidad');
INSERT INTO Prestamos VALUES (799, TO_DATE('2023-06-24', 'YYYY-MM-DD'), TO_DATE('2024-06-23', 'YYYY-MM-DD'), 2000000199, 'Deportivo Cali');
INSERT INTO Prestamos VALUES (800, TO_DATE('2023-06-12', 'YYYY-MM-DD'), TO_DATE('2024-06-11', 'YYYY-MM-DD'), 2000000200, 'Atletico Nacional');
INSERT INTO Prestamos VALUES (801, TO_DATE('2022-09-30', 'YYYY-MM-DD'), TO_DATE('2023-09-30', 'YYYY-MM-DD'), 2000000201, 'Pasto');
INSERT INTO Prestamos VALUES (802, TO_DATE('2023-07-22', 'YYYY-MM-DD'), TO_DATE('2024-07-21', 'YYYY-MM-DD'), 2000000202, 'Envigado');
INSERT INTO Prestamos VALUES (803, TO_DATE('2022-01-12', 'YYYY-MM-DD'), TO_DATE('2023-01-12', 'YYYY-MM-DD'), 2000000203, 'Ind Medellin');
INSERT INTO Prestamos VALUES (804, TO_DATE('2023-06-10', 'YYYY-MM-DD'), TO_DATE('2024-06-09', 'YYYY-MM-DD'), 2000000204, 'Deportivo Cali');
INSERT INTO Prestamos VALUES (805, TO_DATE('2022-03-20', 'YYYY-MM-DD'), TO_DATE('2023-03-20', 'YYYY-MM-DD'), 2000000205, 'America de Cali');
INSERT INTO Prestamos VALUES (806, TO_DATE('2022-05-27', 'YYYY-MM-DD'), TO_DATE('2023-05-27', 'YYYY-MM-DD'), 2000000206, 'Aguilas Doradas');
INSERT INTO Prestamos VALUES (807, TO_DATE('2023-07-06', 'YYYY-MM-DD'), TO_DATE('2024-07-05', 'YYYY-MM-DD'), 2000000207, 'Pasto');
INSERT INTO Prestamos VALUES (808, TO_DATE('2023-07-23', 'YYYY-MM-DD'), TO_DATE('2024-07-22', 'YYYY-MM-DD'), 2000000208, 'Tolima');
INSERT INTO Prestamos VALUES (809, TO_DATE('2023-02-23', 'YYYY-MM-DD'), TO_DATE('2024-02-23', 'YYYY-MM-DD'), 2000000209, 'Fortaleza');
INSERT INTO Prestamos VALUES (810, TO_DATE('2023-11-08', 'YYYY-MM-DD'), TO_DATE('2024-11-07', 'YYYY-MM-DD'), 2000000210, 'Atletico Nacional');
INSERT INTO Prestamos VALUES (811, TO_DATE('2023-02-06', 'YYYY-MM-DD'), TO_DATE('2024-02-06', 'YYYY-MM-DD'), 2000000211, 'Millonarios');
INSERT INTO Prestamos VALUES (812, TO_DATE('2022-04-16', 'YYYY-MM-DD'), TO_DATE('2023-04-16', 'YYYY-MM-DD'), 2000000212, 'Santa Fe');
INSERT INTO Prestamos VALUES (813, TO_DATE('2022-02-26', 'YYYY-MM-DD'), TO_DATE('2023-02-26', 'YYYY-MM-DD'), 2000000213, 'Ind Medellin');
INSERT INTO Prestamos VALUES (814, TO_DATE('2022-11-22', 'YYYY-MM-DD'), TO_DATE('2023-11-22', 'YYYY-MM-DD'), 2000000214, 'Union magdalena');
INSERT INTO Prestamos VALUES (815, TO_DATE('2022-09-19', 'YYYY-MM-DD'), TO_DATE('2023-09-19', 'YYYY-MM-DD'), 2000000215, 'Tolima');
INSERT INTO Prestamos VALUES (816, TO_DATE('2023-06-13', 'YYYY-MM-DD'), TO_DATE('2024-06-12', 'YYYY-MM-DD'), 2000000216, 'Alianza FC');
INSERT INTO Prestamos VALUES (817, TO_DATE('2022-08-25', 'YYYY-MM-DD'), TO_DATE('2023-08-25', 'YYYY-MM-DD'), 2000000217, 'Llaneros');
INSERT INTO Prestamos VALUES (818, TO_DATE('2023-01-01', 'YYYY-MM-DD'), TO_DATE('2024-01-01', 'YYYY-MM-DD'), 2000000218, 'Pasto');
INSERT INTO Prestamos VALUES (819, TO_DATE('2022-09-13', 'YYYY-MM-DD'), TO_DATE('2023-09-13', 'YYYY-MM-DD'), 2000000219, 'Bucaramanga');
INSERT INTO Prestamos VALUES (820, TO_DATE('2022-08-21', 'YYYY-MM-DD'), TO_DATE('2023-08-21', 'YYYY-MM-DD'), 2000000220, 'Once Caldas');
INSERT INTO Prestamos VALUES (821, TO_DATE('2022-03-02', 'YYYY-MM-DD'), TO_DATE('2023-03-02', 'YYYY-MM-DD'), 2000000221, 'Millonarios');
INSERT INTO Prestamos VALUES (822, TO_DATE('2022-04-22', 'YYYY-MM-DD'), TO_DATE('2023-04-22', 'YYYY-MM-DD'), 2000000222, 'Millonarios');
INSERT INTO Prestamos VALUES (823, TO_DATE('2022-08-15', 'YYYY-MM-DD'), TO_DATE('2023-08-15', 'YYYY-MM-DD'), 2000000223, 'Chico');
INSERT INTO Prestamos VALUES (824, TO_DATE('2023-01-01', 'YYYY-MM-DD'), TO_DATE('2024-01-01', 'YYYY-MM-DD'), 2000000224, 'America de Cali');
INSERT INTO Prestamos VALUES (825, TO_DATE('2023-04-02', 'YYYY-MM-DD'), TO_DATE('2024-04-01', 'YYYY-MM-DD'), 2000000225, 'Fortaleza');
INSERT INTO Prestamos VALUES (826, TO_DATE('2023-04-04', 'YYYY-MM-DD'), TO_DATE('2024-04-03', 'YYYY-MM-DD'), 2000000226, 'Aguilas Doradas');
INSERT INTO Prestamos VALUES (827, TO_DATE('2022-01-07', 'YYYY-MM-DD'), TO_DATE('2023-01-07', 'YYYY-MM-DD'), 2000000227, 'Envigado');
INSERT INTO Prestamos VALUES (828, TO_DATE('2023-01-28', 'YYYY-MM-DD'), TO_DATE('2024-01-28', 'YYYY-MM-DD'), 2000000228, 'Atletico Nacional');
INSERT INTO Prestamos VALUES (829, TO_DATE('2023-10-21', 'YYYY-MM-DD'), TO_DATE('2024-10-20', 'YYYY-MM-DD'), 2000000229, 'Bucaramanga');
INSERT INTO Prestamos VALUES (830, TO_DATE('2022-03-22', 'YYYY-MM-DD'), TO_DATE('2023-03-22', 'YYYY-MM-DD'), 2000000230, 'Union magdalena');
INSERT INTO Prestamos VALUES (831, TO_DATE('2022-02-18', 'YYYY-MM-DD'), TO_DATE('2023-02-18', 'YYYY-MM-DD'), 2000000231, 'America de Cali');
INSERT INTO Prestamos VALUES (832, TO_DATE('2023-05-30', 'YYYY-MM-DD'), TO_DATE('2024-05-29', 'YYYY-MM-DD'), 2000000232, 'Fortaleza');
INSERT INTO Prestamos VALUES (833, TO_DATE('2023-11-09', 'YYYY-MM-DD'), TO_DATE('2024-11-08', 'YYYY-MM-DD'), 2000000233, 'Envigado');
INSERT INTO Prestamos VALUES (834, TO_DATE('2022-11-02', 'YYYY-MM-DD'), TO_DATE('2023-11-02', 'YYYY-MM-DD'), 2000000234, 'Ind Medellin');
INSERT INTO Prestamos VALUES (835, TO_DATE('2022-07-04', 'YYYY-MM-DD'), TO_DATE('2023-07-04', 'YYYY-MM-DD'), 2000000235, 'Chico');
INSERT INTO Prestamos VALUES (836, TO_DATE('2023-01-23', 'YYYY-MM-DD'), TO_DATE('2024-01-23', 'YYYY-MM-DD'), 2000000236, 'Junior');
INSERT INTO Prestamos VALUES (837, TO_DATE('2022-08-28', 'YYYY-MM-DD'), TO_DATE('2023-08-28', 'YYYY-MM-DD'), 2000000237, 'Junior');
INSERT INTO Prestamos VALUES (838, TO_DATE('2023-11-14', 'YYYY-MM-DD'), TO_DATE('2024-11-13', 'YYYY-MM-DD'), 2000000238, 'Junior');
INSERT INTO Prestamos VALUES (839, TO_DATE('2022-05-01', 'YYYY-MM-DD'), TO_DATE('2023-05-01', 'YYYY-MM-DD'), 2000000239, 'America de Cali');
INSERT INTO Prestamos VALUES (840, TO_DATE('2023-07-10', 'YYYY-MM-DD'), TO_DATE('2024-07-09', 'YYYY-MM-DD'), 2000000240, 'Envigado');
INSERT INTO Prestamos VALUES (841, TO_DATE('2022-02-04', 'YYYY-MM-DD'), TO_DATE('2023-02-04', 'YYYY-MM-DD'), 2000000241, 'Junior');
INSERT INTO Prestamos VALUES (842, TO_DATE('2022-08-01', 'YYYY-MM-DD'), TO_DATE('2023-08-01', 'YYYY-MM-DD'), 2000000242, 'Bucaramanga');
INSERT INTO Prestamos VALUES (843, TO_DATE('2023-09-16', 'YYYY-MM-DD'), TO_DATE('2024-09-15', 'YYYY-MM-DD'), 2000000243, 'Deportivo Cali');
INSERT INTO Prestamos VALUES (844, TO_DATE('2022-01-23', 'YYYY-MM-DD'), TO_DATE('2023-01-23', 'YYYY-MM-DD'), 2000000244, 'Chico');
INSERT INTO Prestamos VALUES (845, TO_DATE('2022-06-08', 'YYYY-MM-DD'), TO_DATE('2023-06-08', 'YYYY-MM-DD'), 2000000245, 'Union magdalena');
INSERT INTO Prestamos VALUES (846, TO_DATE('2022-02-26', 'YYYY-MM-DD'), TO_DATE('2023-02-26', 'YYYY-MM-DD'), 2000000246, 'Ind Medellin');
INSERT INTO Prestamos VALUES (847, TO_DATE('2022-03-12', 'YYYY-MM-DD'), TO_DATE('2023-03-12', 'YYYY-MM-DD'), 2000000247, 'Santa Fe');
INSERT INTO Prestamos VALUES (848, TO_DATE('2022-04-18', 'YYYY-MM-DD'), TO_DATE('2023-04-18', 'YYYY-MM-DD'), 2000000248, 'Pereira');
INSERT INTO Prestamos VALUES (849, TO_DATE('2022-01-11', 'YYYY-MM-DD'), TO_DATE('2023-01-11', 'YYYY-MM-DD'), 2000000249, 'Pereira');
INSERT INTO Prestamos VALUES (850, TO_DATE('2022-10-09', 'YYYY-MM-DD'), TO_DATE('2023-10-09', 'YYYY-MM-DD'), 2000000250, 'Alianza FC');
INSERT INTO Prestamos VALUES (851, TO_DATE('2023-09-19', 'YYYY-MM-DD'), TO_DATE('2024-09-18', 'YYYY-MM-DD'), 2000000251, 'Fortaleza');
INSERT INTO Prestamos VALUES (852, TO_DATE('2022-01-22', 'YYYY-MM-DD'), TO_DATE('2023-01-22', 'YYYY-MM-DD'), 2000000252, 'Once Caldas');
INSERT INTO Prestamos VALUES (853, TO_DATE('2023-04-26', 'YYYY-MM-DD'), TO_DATE('2024-04-25', 'YYYY-MM-DD'), 2000000253, 'Aguilas Doradas');
INSERT INTO Prestamos VALUES (854, TO_DATE('2022-07-24', 'YYYY-MM-DD'), TO_DATE('2023-07-24', 'YYYY-MM-DD'), 2000000254, 'Alianza FC');
INSERT INTO Prestamos VALUES (855, TO_DATE('2023-07-04', 'YYYY-MM-DD'), TO_DATE('2024-07-03', 'YYYY-MM-DD'), 2000000255, 'Union magdalena');
INSERT INTO Prestamos VALUES (856, TO_DATE('2022-05-26', 'YYYY-MM-DD'), TO_DATE('2023-05-26', 'YYYY-MM-DD'), 2000000256, 'Union magdalena');
INSERT INTO Prestamos VALUES (857, TO_DATE('2022-05-20', 'YYYY-MM-DD'), TO_DATE('2023-05-20', 'YYYY-MM-DD'), 2000000257, 'Envigado');
INSERT INTO Prestamos VALUES (858, TO_DATE('2022-09-01', 'YYYY-MM-DD'), TO_DATE('2023-09-01', 'YYYY-MM-DD'), 2000000258, 'Pereira');
INSERT INTO Prestamos VALUES (859, TO_DATE('2023-05-23', 'YYYY-MM-DD'), TO_DATE('2024-05-22', 'YYYY-MM-DD'), 2000000259, 'Fortaleza');
INSERT INTO Prestamos VALUES (860, TO_DATE('2023-12-04', 'YYYY-MM-DD'), TO_DATE('2024-12-03', 'YYYY-MM-DD'), 2000000260, 'Pereira');
INSERT INTO Prestamos VALUES (861, TO_DATE('2023-04-13', 'YYYY-MM-DD'), TO_DATE('2024-04-12', 'YYYY-MM-DD'), 2000000261, 'America de Cali');
INSERT INTO Prestamos VALUES (862, TO_DATE('2023-06-08', 'YYYY-MM-DD'), TO_DATE('2024-06-07', 'YYYY-MM-DD'), 2000000262, 'Fortaleza');
INSERT INTO Prestamos VALUES (863, TO_DATE('2022-06-22', 'YYYY-MM-DD'), TO_DATE('2023-06-22', 'YYYY-MM-DD'), 2000000263, 'La Equidad');
INSERT INTO Prestamos VALUES (864, TO_DATE('2022-11-04', 'YYYY-MM-DD'), TO_DATE('2023-11-04', 'YYYY-MM-DD'), 2000000264, 'Once Caldas');
INSERT INTO Prestamos VALUES (865, TO_DATE('2023-08-13', 'YYYY-MM-DD'), TO_DATE('2024-08-12', 'YYYY-MM-DD'), 2000000265, 'Ind Medellin');
INSERT INTO Prestamos VALUES (866, TO_DATE('2023-05-29', 'YYYY-MM-DD'), TO_DATE('2024-05-28', 'YYYY-MM-DD'), 2000000266, 'Pereira');
INSERT INTO Prestamos VALUES (867, TO_DATE('2023-10-12', 'YYYY-MM-DD'), TO_DATE('2024-10-11', 'YYYY-MM-DD'), 2000000267, 'Ind Medellin');
INSERT INTO Prestamos VALUES (868, TO_DATE('2022-05-07', 'YYYY-MM-DD'), TO_DATE('2023-05-07', 'YYYY-MM-DD'), 2000000268, 'Envigado');
INSERT INTO Prestamos VALUES (869, TO_DATE('2022-06-16', 'YYYY-MM-DD'), TO_DATE('2023-06-16', 'YYYY-MM-DD'), 2000000269, 'Chico');
INSERT INTO Prestamos VALUES (870, TO_DATE('2022-08-17', 'YYYY-MM-DD'), TO_DATE('2023-08-17', 'YYYY-MM-DD'), 2000000270, 'Union magdalena');
INSERT INTO Prestamos VALUES (871, TO_DATE('2022-07-31', 'YYYY-MM-DD'), TO_DATE('2023-07-31', 'YYYY-MM-DD'), 2000000271, 'Chico');
INSERT INTO Prestamos VALUES (872, TO_DATE('2022-08-11', 'YYYY-MM-DD'), TO_DATE('2023-08-11', 'YYYY-MM-DD'), 2000000272, 'Ind Medellin');
INSERT INTO Prestamos VALUES (873, TO_DATE('2023-02-20', 'YYYY-MM-DD'), TO_DATE('2024-02-20', 'YYYY-MM-DD'), 2000000273, 'Deportivo Cali');
INSERT INTO Prestamos VALUES (874, TO_DATE('2022-01-14', 'YYYY-MM-DD'), TO_DATE('2023-01-14', 'YYYY-MM-DD'), 2000000274, 'Atletico Nacional');
INSERT INTO Prestamos VALUES (875, TO_DATE('2022-04-24', 'YYYY-MM-DD'), TO_DATE('2023-04-24', 'YYYY-MM-DD'), 2000000275, 'Union magdalena');
INSERT INTO Prestamos VALUES (876, TO_DATE('2022-12-03', 'YYYY-MM-DD'), TO_DATE('2023-12-03', 'YYYY-MM-DD'), 2000000276, 'Chico');
INSERT INTO Prestamos VALUES (877, TO_DATE('2022-05-18', 'YYYY-MM-DD'), TO_DATE('2023-05-18', 'YYYY-MM-DD'), 2000000277, 'Pereira');
INSERT INTO Prestamos VALUES (878, TO_DATE('2023-02-22', 'YYYY-MM-DD'), TO_DATE('2024-02-22', 'YYYY-MM-DD'), 2000000278, 'Pasto');
INSERT INTO Prestamos VALUES (879, TO_DATE('2022-03-15', 'YYYY-MM-DD'), TO_DATE('2023-03-15', 'YYYY-MM-DD'), 2000000279, 'Once Caldas');
INSERT INTO Prestamos VALUES (880, TO_DATE('2023-08-29', 'YYYY-MM-DD'), TO_DATE('2024-08-28', 'YYYY-MM-DD'), 2000000280, 'Envigado');
INSERT INTO Prestamos VALUES (881, TO_DATE('2022-03-20', 'YYYY-MM-DD'), TO_DATE('2023-03-20', 'YYYY-MM-DD'), 2000000281, 'Once Caldas');
INSERT INTO Prestamos VALUES (882, TO_DATE('2023-07-06', 'YYYY-MM-DD'), TO_DATE('2024-07-05', 'YYYY-MM-DD'), 2000000282, 'Fortaleza');
INSERT INTO Prestamos VALUES (883, TO_DATE('2023-07-16', 'YYYY-MM-DD'), TO_DATE('2024-07-15', 'YYYY-MM-DD'), 2000000283, 'Chico');
INSERT INTO Prestamos VALUES (884, TO_DATE('2022-05-28', 'YYYY-MM-DD'), TO_DATE('2023-05-28', 'YYYY-MM-DD'), 2000000284, 'Pereira');
INSERT INTO Prestamos VALUES (885, TO_DATE('2023-05-17', 'YYYY-MM-DD'), TO_DATE('2024-05-16', 'YYYY-MM-DD'), 2000000285, 'Once Caldas');
INSERT INTO Prestamos VALUES (886, TO_DATE('2022-06-12', 'YYYY-MM-DD'), TO_DATE('2023-06-12', 'YYYY-MM-DD'), 2000000286, 'Fortaleza');
INSERT INTO Prestamos VALUES (887, TO_DATE('2023-12-12', 'YYYY-MM-DD'), TO_DATE('2024-12-11', 'YYYY-MM-DD'), 2000000287, 'Chico');
INSERT INTO Prestamos VALUES (888, TO_DATE('2023-10-29', 'YYYY-MM-DD'), TO_DATE('2024-10-28', 'YYYY-MM-DD'), 2000000288, 'Alianza FC');
INSERT INTO Prestamos VALUES (889, TO_DATE('2023-11-15', 'YYYY-MM-DD'), TO_DATE('2024-11-14', 'YYYY-MM-DD'), 2000000289, 'Llaneros');
INSERT INTO Prestamos VALUES (890, TO_DATE('2022-02-14', 'YYYY-MM-DD'), TO_DATE('2023-02-14', 'YYYY-MM-DD'), 2000000290, 'Pereira');
INSERT INTO Prestamos VALUES (891, TO_DATE('2022-11-11', 'YYYY-MM-DD'), TO_DATE('2023-11-11', 'YYYY-MM-DD'), 2000000291, 'Envigado');
INSERT INTO Prestamos VALUES (892, TO_DATE('2023-01-11', 'YYYY-MM-DD'), TO_DATE('2024-01-11', 'YYYY-MM-DD'), 2000000292, 'Once Caldas');
INSERT INTO Prestamos VALUES (893, TO_DATE('2023-07-11', 'YYYY-MM-DD'), TO_DATE('2024-07-10', 'YYYY-MM-DD'), 2000000293, 'Millonarios');
INSERT INTO Prestamos VALUES (894, TO_DATE('2023-02-04', 'YYYY-MM-DD'), TO_DATE('2024-02-04', 'YYYY-MM-DD'), 2000000294, 'Santa Fe');
INSERT INTO Prestamos VALUES (895, TO_DATE('2022-08-13', 'YYYY-MM-DD'), TO_DATE('2023-08-13', 'YYYY-MM-DD'), 2000000295, 'America de Cali');
INSERT INTO Prestamos VALUES (896, TO_DATE('2023-06-16', 'YYYY-MM-DD'), TO_DATE('2024-06-15', 'YYYY-MM-DD'), 2000000296, 'Chico');
INSERT INTO Prestamos VALUES (897, TO_DATE('2023-01-03', 'YYYY-MM-DD'), TO_DATE('2024-01-03', 'YYYY-MM-DD'), 2000000297, 'America de Cali');
INSERT INTO Prestamos VALUES (898, TO_DATE('2023-08-01', 'YYYY-MM-DD'), TO_DATE('2024-07-31', 'YYYY-MM-DD'), 2000000298, 'Pasto');
INSERT INTO Prestamos VALUES (899, TO_DATE('2022-06-23', 'YYYY-MM-DD'), TO_DATE('2023-06-23', 'YYYY-MM-DD'), 2000000299, 'Chico');
INSERT INTO Prestamos VALUES (900, TO_DATE('2023-01-10', 'YYYY-MM-DD'), TO_DATE('2024-01-10', 'YYYY-MM-DD'), 2000000300, 'Bucaramanga');
INSERT INTO Prestamos VALUES (901, TO_DATE('2022-12-13', 'YYYY-MM-DD'), TO_DATE('2023-12-13', 'YYYY-MM-DD'), 2000000301, 'Union magdalena');
INSERT INTO Prestamos VALUES (902, TO_DATE('2023-10-02', 'YYYY-MM-DD'), TO_DATE('2024-10-01', 'YYYY-MM-DD'), 2000000302, 'Millonarios');
INSERT INTO Prestamos VALUES (903, TO_DATE('2023-01-21', 'YYYY-MM-DD'), TO_DATE('2024-01-21', 'YYYY-MM-DD'), 2000000303, 'Ind Medellin');
INSERT INTO Prestamos VALUES (904, TO_DATE('2022-06-05', 'YYYY-MM-DD'), TO_DATE('2023-06-05', 'YYYY-MM-DD'), 2000000304, 'Deportivo Cali');
INSERT INTO Prestamos VALUES (905, TO_DATE('2023-11-19', 'YYYY-MM-DD'), TO_DATE('2024-11-18', 'YYYY-MM-DD'), 2000000305, 'Once Caldas');
INSERT INTO Prestamos VALUES (906, TO_DATE('2023-07-03', 'YYYY-MM-DD'), TO_DATE('2024-07-02', 'YYYY-MM-DD'), 2000000306, 'Junior');
INSERT INTO Prestamos VALUES (907, TO_DATE('2023-04-22', 'YYYY-MM-DD'), TO_DATE('2024-04-21', 'YYYY-MM-DD'), 2000000307, 'Aguilas Doradas');
INSERT INTO Prestamos VALUES (908, TO_DATE('2023-11-09', 'YYYY-MM-DD'), TO_DATE('2024-11-08', 'YYYY-MM-DD'), 2000000308, 'Once Caldas');
INSERT INTO Prestamos VALUES (909, TO_DATE('2022-07-24', 'YYYY-MM-DD'), TO_DATE('2023-07-24', 'YYYY-MM-DD'), 2000000309, 'Santa Fe');
INSERT INTO Prestamos VALUES (910, TO_DATE('2022-10-23', 'YYYY-MM-DD'), TO_DATE('2023-10-23', 'YYYY-MM-DD'), 2000000310, 'Tolima');
INSERT INTO Prestamos VALUES (911, TO_DATE('2022-02-15', 'YYYY-MM-DD'), TO_DATE('2023-02-15', 'YYYY-MM-DD'), 2000000311, 'Millonarios');
INSERT INTO Prestamos VALUES (912, TO_DATE('2023-10-14', 'YYYY-MM-DD'), TO_DATE('2024-10-13', 'YYYY-MM-DD'), 2000000312, 'Envigado');
INSERT INTO Prestamos VALUES (913, TO_DATE('2023-10-20', 'YYYY-MM-DD'), TO_DATE('2024-10-19', 'YYYY-MM-DD'), 2000000313, 'Deportivo Cali');
INSERT INTO Prestamos VALUES (914, TO_DATE('2023-04-16', 'YYYY-MM-DD'), TO_DATE('2024-04-15', 'YYYY-MM-DD'), 2000000314, 'Envigado');
INSERT INTO Prestamos VALUES (915, TO_DATE('2023-03-27', 'YYYY-MM-DD'), TO_DATE('2024-03-26', 'YYYY-MM-DD'), 2000000315, 'Junior');
INSERT INTO Prestamos VALUES (916, TO_DATE('2023-11-08', 'YYYY-MM-DD'), TO_DATE('2024-11-07', 'YYYY-MM-DD'), 2000000316, 'Alianza FC');
INSERT INTO Prestamos VALUES (917, TO_DATE('2022-06-18', 'YYYY-MM-DD'), TO_DATE('2023-06-18', 'YYYY-MM-DD'), 2000000317, 'Llaneros');
INSERT INTO Prestamos VALUES (918, TO_DATE('2022-02-13', 'YYYY-MM-DD'), TO_DATE('2023-02-13', 'YYYY-MM-DD'), 2000000318, 'Santa Fe');
INSERT INTO Prestamos VALUES (919, TO_DATE('2022-11-16', 'YYYY-MM-DD'), TO_DATE('2023-11-16', 'YYYY-MM-DD'), 2000000319, 'Alianza FC');
INSERT INTO Prestamos VALUES (920, TO_DATE('2023-02-21', 'YYYY-MM-DD'), TO_DATE('2024-02-21', 'YYYY-MM-DD'), 2000000320, 'Once Caldas');
INSERT INTO Prestamos VALUES (921, TO_DATE('2023-04-28', 'YYYY-MM-DD'), TO_DATE('2024-04-27', 'YYYY-MM-DD'), 2000000321, 'Bucaramanga');
INSERT INTO Prestamos VALUES (922, TO_DATE('2022-10-30', 'YYYY-MM-DD'), TO_DATE('2023-10-30', 'YYYY-MM-DD'), 2000000322, 'Junior');
INSERT INTO Prestamos VALUES (923, TO_DATE('2022-03-05', 'YYYY-MM-DD'), TO_DATE('2023-03-05', 'YYYY-MM-DD'), 2000000323, 'Bucaramanga');
INSERT INTO Prestamos VALUES (924, TO_DATE('2022-08-26', 'YYYY-MM-DD'), TO_DATE('2023-08-26', 'YYYY-MM-DD'), 2000000324, 'Atletico Nacional');
INSERT INTO Prestamos VALUES (925, TO_DATE('2022-05-29', 'YYYY-MM-DD'), TO_DATE('2023-05-29', 'YYYY-MM-DD'), 2000000325, 'Chico');
INSERT INTO Prestamos VALUES (926, TO_DATE('2022-01-27', 'YYYY-MM-DD'), TO_DATE('2023-01-27', 'YYYY-MM-DD'), 2000000326, 'Envigado');
INSERT INTO Prestamos VALUES (927, TO_DATE('2023-09-01', 'YYYY-MM-DD'), TO_DATE('2024-08-31', 'YYYY-MM-DD'), 2000000327, 'Millonarios');
INSERT INTO Prestamos VALUES (928, TO_DATE('2022-05-04', 'YYYY-MM-DD'), TO_DATE('2023-05-04', 'YYYY-MM-DD'), 2000000328, 'Chico');
INSERT INTO Prestamos VALUES (929, TO_DATE('2022-11-17', 'YYYY-MM-DD'), TO_DATE('2023-11-17', 'YYYY-MM-DD'), 2000000329, 'Llaneros');
INSERT INTO Prestamos VALUES (930, TO_DATE('2022-08-21', 'YYYY-MM-DD'), TO_DATE('2023-08-21', 'YYYY-MM-DD'), 2000000330, 'La Equidad');
INSERT INTO Prestamos VALUES (931, TO_DATE('2023-12-30', 'YYYY-MM-DD'), TO_DATE('2024-12-29', 'YYYY-MM-DD'), 2000000331, 'Atletico Nacional');
INSERT INTO Prestamos VALUES (932, TO_DATE('2023-06-12', 'YYYY-MM-DD'), TO_DATE('2024-06-11', 'YYYY-MM-DD'), 2000000332, 'Pereira');
INSERT INTO Prestamos VALUES (933, TO_DATE('2023-01-27', 'YYYY-MM-DD'), TO_DATE('2024-01-27', 'YYYY-MM-DD'), 2000000333, 'La Equidad');
INSERT INTO Prestamos VALUES (934, TO_DATE('2022-09-13', 'YYYY-MM-DD'), TO_DATE('2023-09-13', 'YYYY-MM-DD'), 2000000334, 'Llaneros');
INSERT INTO Prestamos VALUES (935, TO_DATE('2022-04-04', 'YYYY-MM-DD'), TO_DATE('2023-04-04', 'YYYY-MM-DD'), 2000000335, 'Millonarios');
INSERT INTO Prestamos VALUES (936, TO_DATE('2022-10-19', 'YYYY-MM-DD'), TO_DATE('2023-10-19', 'YYYY-MM-DD'), 2000000336, 'Tolima');
INSERT INTO Prestamos VALUES (937, TO_DATE('2022-03-24', 'YYYY-MM-DD'), TO_DATE('2023-03-24', 'YYYY-MM-DD'), 2000000337, 'Once Caldas');
INSERT INTO Prestamos VALUES (938, TO_DATE('2023-03-03', 'YYYY-MM-DD'), TO_DATE('2024-03-02', 'YYYY-MM-DD'), 2000000338, 'Fortaleza');
INSERT INTO Prestamos VALUES (939, TO_DATE('2022-02-11', 'YYYY-MM-DD'), TO_DATE('2023-02-11', 'YYYY-MM-DD'), 2000000339, 'Atletico Nacional');
INSERT INTO Prestamos VALUES (940, TO_DATE('2023-12-23', 'YYYY-MM-DD'), TO_DATE('2024-12-22', 'YYYY-MM-DD'), 2000000340, 'Deportivo Cali');
INSERT INTO Prestamos VALUES (941, TO_DATE('2022-10-17', 'YYYY-MM-DD'), TO_DATE('2023-10-17', 'YYYY-MM-DD'), 2000000341, 'Chico');
INSERT INTO Prestamos VALUES (942, TO_DATE('2023-06-25', 'YYYY-MM-DD'), TO_DATE('2024-06-24', 'YYYY-MM-DD'), 2000000342, 'La Equidad');
INSERT INTO Prestamos VALUES (943, TO_DATE('2022-07-21', 'YYYY-MM-DD'), TO_DATE('2023-07-21', 'YYYY-MM-DD'), 2000000343, 'Llaneros');
INSERT INTO Prestamos VALUES (944, TO_DATE('2022-11-22', 'YYYY-MM-DD'), TO_DATE('2023-11-22', 'YYYY-MM-DD'), 2000000344, 'Junior');
INSERT INTO Prestamos VALUES (945, TO_DATE('2022-01-12', 'YYYY-MM-DD'), TO_DATE('2023-01-12', 'YYYY-MM-DD'), 2000000345, 'Deportivo Cali');
INSERT INTO Prestamos VALUES (946, TO_DATE('2022-09-06', 'YYYY-MM-DD'), TO_DATE('2023-09-06', 'YYYY-MM-DD'), 2000000346, 'Deportivo Cali');
INSERT INTO Prestamos VALUES (947, TO_DATE('2023-10-07', 'YYYY-MM-DD'), TO_DATE('2024-10-06', 'YYYY-MM-DD'), 2000000347, 'Alianza FC');
INSERT INTO Prestamos VALUES (948, TO_DATE('2022-09-24', 'YYYY-MM-DD'), TO_DATE('2023-09-24', 'YYYY-MM-DD'), 2000000348, 'Fortaleza');
INSERT INTO Prestamos VALUES (949, TO_DATE('2022-01-23', 'YYYY-MM-DD'), TO_DATE('2023-01-23', 'YYYY-MM-DD'), 2000000349, 'Alianza FC');
INSERT INTO Prestamos VALUES (950, TO_DATE('2022-08-20', 'YYYY-MM-DD'), TO_DATE('2023-08-20', 'YYYY-MM-DD'), 2000000350, 'Deportivo Cali');
INSERT INTO Prestamos VALUES (951, TO_DATE('2022-05-03', 'YYYY-MM-DD'), TO_DATE('2023-05-03', 'YYYY-MM-DD'), 2000000351, 'Fortaleza');
INSERT INTO Prestamos VALUES (952, TO_DATE('2023-03-19', 'YYYY-MM-DD'), TO_DATE('2024-03-18', 'YYYY-MM-DD'), 2000000352, 'La Equidad');
INSERT INTO Prestamos VALUES (953, TO_DATE('2023-10-18', 'YYYY-MM-DD'), TO_DATE('2024-10-17', 'YYYY-MM-DD'), 2000000353, 'Santa Fe');
INSERT INTO Prestamos VALUES (954, TO_DATE('2022-09-03', 'YYYY-MM-DD'), TO_DATE('2023-09-03', 'YYYY-MM-DD'), 2000000354, 'Millonarios');
INSERT INTO Prestamos VALUES (955, TO_DATE('2022-03-18', 'YYYY-MM-DD'), TO_DATE('2023-03-18', 'YYYY-MM-DD'), 2000000355, 'Once Caldas');
INSERT INTO Prestamos VALUES (956, TO_DATE('2023-01-03', 'YYYY-MM-DD'), TO_DATE('2024-01-03', 'YYYY-MM-DD'), 2000000356, 'Envigado');
INSERT INTO Prestamos VALUES (957, TO_DATE('2023-02-06', 'YYYY-MM-DD'), TO_DATE('2024-02-06', 'YYYY-MM-DD'), 2000000357, 'Pasto');
INSERT INTO Prestamos VALUES (958, TO_DATE('2022-09-20', 'YYYY-MM-DD'), TO_DATE('2023-09-20', 'YYYY-MM-DD'), 2000000358, 'Chico');
INSERT INTO Prestamos VALUES (959, TO_DATE('2022-08-23', 'YYYY-MM-DD'), TO_DATE('2023-08-23', 'YYYY-MM-DD'), 2000000359, 'Ind Medellin');
INSERT INTO Prestamos VALUES (960, TO_DATE('2023-10-07', 'YYYY-MM-DD'), TO_DATE('2024-10-06', 'YYYY-MM-DD'), 2000000360, 'Millonarios');
INSERT INTO Prestamos VALUES (961, TO_DATE('2022-02-22', 'YYYY-MM-DD'), TO_DATE('2023-02-22', 'YYYY-MM-DD'), 2000000361, 'Junior');
INSERT INTO Prestamos VALUES (962, TO_DATE('2023-10-12', 'YYYY-MM-DD'), TO_DATE('2024-10-11', 'YYYY-MM-DD'), 2000000362, 'Pasto');
INSERT INTO Prestamos VALUES (963, TO_DATE('2022-02-25', 'YYYY-MM-DD'), TO_DATE('2023-02-25', 'YYYY-MM-DD'), 2000000363, 'Junior');
INSERT INTO Prestamos VALUES (964, TO_DATE('2023-05-16', 'YYYY-MM-DD'), TO_DATE('2024-05-15', 'YYYY-MM-DD'), 2000000364, 'Santa Fe');
INSERT INTO Prestamos VALUES (965, TO_DATE('2022-10-02', 'YYYY-MM-DD'), TO_DATE('2023-10-02', 'YYYY-MM-DD'), 2000000365, 'La Equidad');
INSERT INTO Prestamos VALUES (966, TO_DATE('2022-02-13', 'YYYY-MM-DD'), TO_DATE('2023-02-13', 'YYYY-MM-DD'), 2000000366, 'Ind Medellin');
INSERT INTO Prestamos VALUES (967, TO_DATE('2023-09-21', 'YYYY-MM-DD'), TO_DATE('2024-09-20', 'YYYY-MM-DD'), 2000000367, 'Deportivo Cali');
INSERT INTO Prestamos VALUES (968, TO_DATE('2023-01-07', 'YYYY-MM-DD'), TO_DATE('2024-01-07', 'YYYY-MM-DD'), 2000000368, 'Tolima');
INSERT INTO Prestamos VALUES (969, TO_DATE('2023-08-30', 'YYYY-MM-DD'), TO_DATE('2024-08-29', 'YYYY-MM-DD'), 2000000369, 'Aguilas Doradas');
INSERT INTO Prestamos VALUES (970, TO_DATE('2022-08-11', 'YYYY-MM-DD'), TO_DATE('2023-08-11', 'YYYY-MM-DD'), 2000000370, 'Pasto');
INSERT INTO Prestamos VALUES (971, TO_DATE('2022-04-24', 'YYYY-MM-DD'), TO_DATE('2023-04-24', 'YYYY-MM-DD'), 2000000371, 'Tolima');
INSERT INTO Prestamos VALUES (972, TO_DATE('2022-07-19', 'YYYY-MM-DD'), TO_DATE('2023-07-19', 'YYYY-MM-DD'), 2000000372, 'Union magdalena');
INSERT INTO Prestamos VALUES (973, TO_DATE('2023-09-24', 'YYYY-MM-DD'), TO_DATE('2024-09-23', 'YYYY-MM-DD'), 2000000373, 'Junior');
INSERT INTO Prestamos VALUES (974, TO_DATE('2023-07-12', 'YYYY-MM-DD'), TO_DATE('2024-07-11', 'YYYY-MM-DD'), 2000000374, 'Aguilas Doradas');
INSERT INTO Prestamos VALUES (975, TO_DATE('2023-07-20', 'YYYY-MM-DD'), TO_DATE('2024-07-19', 'YYYY-MM-DD'), 2000000375, 'Once Caldas');
INSERT INTO Prestamos VALUES (976, TO_DATE('2023-01-13', 'YYYY-MM-DD'), TO_DATE('2024-01-13', 'YYYY-MM-DD'), 2000000376, 'La Equidad');
INSERT INTO Prestamos VALUES (977, TO_DATE('2023-02-07', 'YYYY-MM-DD'), TO_DATE('2024-02-07', 'YYYY-MM-DD'), 2000000377, 'America de Cali');
INSERT INTO Prestamos VALUES (978, TO_DATE('2022-10-24', 'YYYY-MM-DD'), TO_DATE('2023-10-24', 'YYYY-MM-DD'), 2000000378, 'Alianza FC');
INSERT INTO Prestamos VALUES (979, TO_DATE('2023-12-17', 'YYYY-MM-DD'), TO_DATE('2024-12-16', 'YYYY-MM-DD'), 2000000379, 'America de Cali');
INSERT INTO Prestamos VALUES (980, TO_DATE('2023-11-09', 'YYYY-MM-DD'), TO_DATE('2024-11-08', 'YYYY-MM-DD'), 2000000380, 'Once Caldas');
INSERT INTO Prestamos VALUES (981, TO_DATE('2022-10-26', 'YYYY-MM-DD'), TO_DATE('2023-10-26', 'YYYY-MM-DD'), 2000000381, 'Envigado');
INSERT INTO Prestamos VALUES (982, TO_DATE('2022-01-02', 'YYYY-MM-DD'), TO_DATE('2023-01-02', 'YYYY-MM-DD'), 2000000382, 'La Equidad');
INSERT INTO Prestamos VALUES (983, TO_DATE('2023-02-10', 'YYYY-MM-DD'), TO_DATE('2024-02-10', 'YYYY-MM-DD'), 2000000383, 'Llaneros');
INSERT INTO Prestamos VALUES (984, TO_DATE('2022-02-11', 'YYYY-MM-DD'), TO_DATE('2023-02-11', 'YYYY-MM-DD'), 2000000384, 'La Equidad');
INSERT INTO Prestamos VALUES (985, TO_DATE('2022-04-02', 'YYYY-MM-DD'), TO_DATE('2023-04-02', 'YYYY-MM-DD'), 2000000385, 'Pereira');
INSERT INTO Prestamos VALUES (986, TO_DATE('2023-07-30', 'YYYY-MM-DD'), TO_DATE('2024-07-29', 'YYYY-MM-DD'), 2000000386, 'Pasto');
INSERT INTO Prestamos VALUES (987, TO_DATE('2022-06-07', 'YYYY-MM-DD'), TO_DATE('2023-06-07', 'YYYY-MM-DD'), 2000000387, 'Bucaramanga');
INSERT INTO Prestamos VALUES (988, TO_DATE('2023-07-30', 'YYYY-MM-DD'), TO_DATE('2024-07-29', 'YYYY-MM-DD'), 2000000388, 'Ind Medellin');
INSERT INTO Prestamos VALUES (989, TO_DATE('2022-02-24', 'YYYY-MM-DD'), TO_DATE('2023-02-24', 'YYYY-MM-DD'), 2000000389, 'Bucaramanga');
INSERT INTO Prestamos VALUES (990, TO_DATE('2022-02-03', 'YYYY-MM-DD'), TO_DATE('2023-02-03', 'YYYY-MM-DD'), 2000000390, 'Chico');
INSERT INTO Prestamos VALUES (991, TO_DATE('2023-06-04', 'YYYY-MM-DD'), TO_DATE('2024-06-03', 'YYYY-MM-DD'), 2000000391, 'Pasto');
INSERT INTO Prestamos VALUES (992, TO_DATE('2022-02-20', 'YYYY-MM-DD'), TO_DATE('2023-02-20', 'YYYY-MM-DD'), 2000000392, 'Llaneros');
INSERT INTO Prestamos VALUES (993, TO_DATE('2022-01-03', 'YYYY-MM-DD'), TO_DATE('2023-01-03', 'YYYY-MM-DD'), 2000000393, 'Llaneros');
INSERT INTO Prestamos VALUES (994, TO_DATE('2023-12-27', 'YYYY-MM-DD'), TO_DATE('2024-12-26', 'YYYY-MM-DD'), 2000000394, 'Once Caldas');
INSERT INTO Prestamos VALUES (995, TO_DATE('2023-01-12', 'YYYY-MM-DD'), TO_DATE('2024-01-12', 'YYYY-MM-DD'), 2000000395, 'Bucaramanga');
INSERT INTO Prestamos VALUES (996, TO_DATE('2022-08-27', 'YYYY-MM-DD'), TO_DATE('2023-08-27', 'YYYY-MM-DD'), 2000000396, 'Atletico Nacional');
INSERT INTO Prestamos VALUES (997, TO_DATE('2022-01-01', 'YYYY-MM-DD'), TO_DATE('2023-01-01', 'YYYY-MM-DD'), 2000000397, 'Llaneros');
INSERT INTO Prestamos VALUES (998, TO_DATE('2023-05-01', 'YYYY-MM-DD'), TO_DATE('2024-04-30', 'YYYY-MM-DD'), 2000000398, 'Tolima');
INSERT INTO Prestamos VALUES (999, TO_DATE('2023-07-11', 'YYYY-MM-DD'), TO_DATE('2024-07-10', 'YYYY-MM-DD'), 2000000399, 'Deportivo Cali');

COMMIT;

--Contratos
INSERT INTO Contratos VALUES (800, '3 años', 43227, 'Importante', 0.73, 'Contrato_800');
INSERT INTO Contratos VALUES (801, '6 meses', 94225, 'Titular', 0.72, 'Contrato_801');
INSERT INTO Contratos VALUES (802, '1 año', 73739, 'Importante', 0.35, 'Contrato_802');
INSERT INTO Contratos VALUES (803, '1 año', 15739, 'Importante', 0.46, 'Contrato_803');
INSERT INTO Contratos VALUES (804, '1 año', 17916, 'Titular', 0.58, 'Contrato_804');
INSERT INTO Contratos VALUES (805, '6 meses', 68410, 'Suplente', 0.97, 'Contrato_805');
INSERT INTO Contratos VALUES (806, '2 años', 79304, 'Importante', 0.32, 'Contrato_806');
INSERT INTO Contratos VALUES (807, '2 años', 66613, 'Suplente', 0.93, 'Contrato_807');
INSERT INTO Contratos VALUES (808, '6 meses', 73216, 'Suplente', 0.56, 'Contrato_808');
INSERT INTO Contratos VALUES (809, '6 meses', 88158, 'Titular', 0.47, 'Contrato_809');
INSERT INTO Contratos VALUES (810, '2 años', 55845, 'Titular', 0.99, 'Contrato_810');
INSERT INTO Contratos VALUES (811, '3 años', 79142, 'Importante', 0.72, 'Contrato_811');
INSERT INTO Contratos VALUES (812, '2 años', 27547, 'Titular', 0.37, 'Contrato_812');
INSERT INTO Contratos VALUES (813, '2 años', 88640, 'Titular', 0.86, 'Contrato_813');
INSERT INTO Contratos VALUES (814, '2 años', 93494, 'Titular', 0.01, 'Contrato_814');
INSERT INTO Contratos VALUES (815, '2 años', 39744, 'Suplente', 1.0, 'Contrato_815');
INSERT INTO Contratos VALUES (816, '1 año', 99683, 'Suplente', 0.52, 'Contrato_816');
INSERT INTO Contratos VALUES (817, '3 años', 13560, 'Suplente', 0.55, 'Contrato_817');
INSERT INTO Contratos VALUES (818, '3 años', 84465, 'Importante', 0.37, 'Contrato_818');
INSERT INTO Contratos VALUES (819, '6 meses', 90819, 'Titular', 0.78, 'Contrato_819');
INSERT INTO Contratos VALUES (820, '2 años', 20221, 'Suplente', 0.36, 'Contrato_820');
INSERT INTO Contratos VALUES (821, '1 año', 82207, 'Titular', 0.19, 'Contrato_821');
INSERT INTO Contratos VALUES (822, '3 años', 87699, 'Importante', 0.05, 'Contrato_822');
INSERT INTO Contratos VALUES (823, '6 meses', 52980, 'Importante', 0.08, 'Contrato_823');
INSERT INTO Contratos VALUES (824, '1 año', 87498, 'Importante', 0.13, 'Contrato_824');
INSERT INTO Contratos VALUES (825, '2 años', 59233, 'Suplente', 0.47, 'Contrato_825');
INSERT INTO Contratos VALUES (826, '1 año', 49363, 'Titular', 0.36, 'Contrato_826');
INSERT INTO Contratos VALUES (827, '1 año', 79540, 'Importante', 0.26, 'Contrato_827');
INSERT INTO Contratos VALUES (828, '1 año', 40850, 'Titular', 0.32, 'Contrato_828');
INSERT INTO Contratos VALUES (829, '3 años', 95120, 'Importante', 0.7, 'Contrato_829');
INSERT INTO Contratos VALUES (830, '2 años', 66732, 'Titular', 0.94, 'Contrato_830');
INSERT INTO Contratos VALUES (831, '3 años', 40260, 'Suplente', 0.92, 'Contrato_831');
INSERT INTO Contratos VALUES (832, '2 años', 89898, 'Suplente', 0.07, 'Contrato_832');
INSERT INTO Contratos VALUES (833, '2 años', 58000, 'Importante', 0.88, 'Contrato_833');
INSERT INTO Contratos VALUES (834, '1 año', 45405, 'Suplente', 0.52, 'Contrato_834');
INSERT INTO Contratos VALUES (835, '2 años', 18608, 'Importante', 0.76, 'Contrato_835');
INSERT INTO Contratos VALUES (836, '3 años', 19583, 'Importante', 0.47, 'Contrato_836');
INSERT INTO Contratos VALUES (837, '1 año', 80699, 'Importante', 0.1, 'Contrato_837');
INSERT INTO Contratos VALUES (838, '3 años', 93827, 'Titular', 0.95, 'Contrato_838');
INSERT INTO Contratos VALUES (839, '3 años', 32134, 'Titular', 0.24, 'Contrato_839');
INSERT INTO Contratos VALUES (840, '3 años', 68635, 'Suplente', 0.58, 'Contrato_840');
INSERT INTO Contratos VALUES (841, '1 año', 82695, 'Suplente', 0.1, 'Contrato_841');
INSERT INTO Contratos VALUES (842, '6 meses', 53705, 'Suplente', 0.66, 'Contrato_842');
INSERT INTO Contratos VALUES (843, '1 año', 33233, 'Importante', 0.63, 'Contrato_843');
INSERT INTO Contratos VALUES (844, '1 año', 22856, 'Titular', 0.3, 'Contrato_844');
INSERT INTO Contratos VALUES (845, '6 meses', 75496, 'Suplente', 0.22, 'Contrato_845');
INSERT INTO Contratos VALUES (846, '2 años', 68480, 'Importante', 0.88, 'Contrato_846');
INSERT INTO Contratos VALUES (847, '3 años', 45358, 'Importante', 0.85, 'Contrato_847');
INSERT INTO Contratos VALUES (848, '3 años', 13468, 'Suplente', 0.96, 'Contrato_848');
INSERT INTO Contratos VALUES (849, '1 año', 71145, 'Importante', 0.65, 'Contrato_849');
INSERT INTO Contratos VALUES (850, '1 año', 77723, 'Titular', 0.81, 'Contrato_850');
INSERT INTO Contratos VALUES (851, '1 año', 55086, 'Importante', 0.46, 'Contrato_851');
INSERT INTO Contratos VALUES (852, '2 años', 29322, 'Titular', 0.85, 'Contrato_852');
INSERT INTO Contratos VALUES (853, '1 año', 27864, 'Suplente', 0.7, 'Contrato_853');
INSERT INTO Contratos VALUES (854, '6 meses', 77351, 'Importante', 0.41, 'Contrato_854');
INSERT INTO Contratos VALUES (855, '6 meses', 35925, 'Suplente', 0.25, 'Contrato_855');
INSERT INTO Contratos VALUES (856, '3 años', 90922, 'Importante', 0.3, 'Contrato_856');
INSERT INTO Contratos VALUES (857, '1 año', 34649, 'Importante', 0.03, 'Contrato_857');
INSERT INTO Contratos VALUES (858, '2 años', 27882, 'Titular', 0.46, 'Contrato_858');
INSERT INTO Contratos VALUES (859, '2 años', 64704, 'Titular', 0.09, 'Contrato_859');
INSERT INTO Contratos VALUES (860, '6 meses', 73193, 'Importante', 0.84, 'Contrato_860');
INSERT INTO Contratos VALUES (861, '2 años', 95472, 'Titular', 0.29, 'Contrato_861');
INSERT INTO Contratos VALUES (862, '1 año', 98459, 'Importante', 0.43, 'Contrato_862');
INSERT INTO Contratos VALUES (863, '2 años', 84282, 'Titular', 0.73, 'Contrato_863');
INSERT INTO Contratos VALUES (864, '6 meses', 64165, 'Suplente', 0.41, 'Contrato_864');
INSERT INTO Contratos VALUES (865, '6 meses', 22828, 'Importante', 0.3, 'Contrato_865');
INSERT INTO Contratos VALUES (866, '1 año', 63862, 'Titular', 0.52, 'Contrato_866');
INSERT INTO Contratos VALUES (867, '2 años', 91819, 'Titular', 0.92, 'Contrato_867');
INSERT INTO Contratos VALUES (868, '6 meses', 24481, 'Titular', 0.65, 'Contrato_868');
INSERT INTO Contratos VALUES (869, '1 año', 84903, 'Importante', 0.05, 'Contrato_869');
INSERT INTO Contratos VALUES (870, '3 años', 92687, 'Suplente', 0.73, 'Contrato_870');
INSERT INTO Contratos VALUES (871, '6 meses', 20826, 'Titular', 0.07, 'Contrato_871');
INSERT INTO Contratos VALUES (872, '6 meses', 89485, 'Suplente', 0.09, 'Contrato_872');
INSERT INTO Contratos VALUES (873, '3 años', 38227, 'Titular', 0.06, 'Contrato_873');
INSERT INTO Contratos VALUES (874, '2 años', 67551, 'Suplente', 0.84, 'Contrato_874');
INSERT INTO Contratos VALUES (875, '3 años', 52216, 'Titular', 0.05, 'Contrato_875');
INSERT INTO Contratos VALUES (876, '1 año', 77776, 'Importante', 0.17, 'Contrato_876');
INSERT INTO Contratos VALUES (877, '1 año', 79600, 'Titular', 0.71, 'Contrato_877');
INSERT INTO Contratos VALUES (878, '2 años', 67974, 'Suplente', 0.85, 'Contrato_878');
INSERT INTO Contratos VALUES (879, '3 años', 47002, 'Importante', 0.39, 'Contrato_879');
INSERT INTO Contratos VALUES (880, '6 meses', 95296, 'Suplente', 0.62, 'Contrato_880');
INSERT INTO Contratos VALUES (881, '3 años', 54035, 'Importante', 0.13, 'Contrato_881');
INSERT INTO Contratos VALUES (882, '6 meses', 35808, 'Importante', 0.63, 'Contrato_882');
INSERT INTO Contratos VALUES (883, '3 años', 11308, 'Importante', 0.65, 'Contrato_883');
INSERT INTO Contratos VALUES (884, '2 años', 18101, 'Titular', 0.52, 'Contrato_884');
INSERT INTO Contratos VALUES (885, '1 año', 45774, 'Suplente', 0.44, 'Contrato_885');
INSERT INTO Contratos VALUES (886, '1 año', 20205, 'Importante', 0.68, 'Contrato_886');
INSERT INTO Contratos VALUES (887, '6 meses', 15722, 'Suplente', 0.82, 'Contrato_887');
INSERT INTO Contratos VALUES (888, '3 años', 66182, 'Titular', 0.97, 'Contrato_888');
INSERT INTO Contratos VALUES (889, '1 año', 70631, 'Suplente', 0.48, 'Contrato_889');
INSERT INTO Contratos VALUES (890, '2 años', 45586, 'Titular', 0.58, 'Contrato_890');
INSERT INTO Contratos VALUES (891, '3 años', 92898, 'Titular', 0.1, 'Contrato_891');
INSERT INTO Contratos VALUES (892, '2 años', 29369, 'Suplente', 0.22, 'Contrato_892');
INSERT INTO Contratos VALUES (893, '3 años', 52928, 'Importante', 0.71, 'Contrato_893');
INSERT INTO Contratos VALUES (894, '6 meses', 39434, 'Titular', 0.76, 'Contrato_894');
INSERT INTO Contratos VALUES (895, '6 meses', 14909, 'Suplente', 0.97, 'Contrato_895');
INSERT INTO Contratos VALUES (896, '2 años', 71913, 'Titular', 0.23, 'Contrato_896');
INSERT INTO Contratos VALUES (897, '2 años', 92408, 'Importante', 0.49, 'Contrato_897');
INSERT INTO Contratos VALUES (898, '2 años', 28301, 'Importante', 0.07, 'Contrato_898');
INSERT INTO Contratos VALUES (899, '2 años', 41649, 'Importante', 0.78, 'Contrato_899');
INSERT INTO Contratos VALUES (900, '2 años', 60690, 'Importante', 0.03, 'Contrato_900');
INSERT INTO Contratos VALUES (901, '2 años', 51333, 'Titular', 0.87, 'Contrato_901');
INSERT INTO Contratos VALUES (902, '2 años', 10034, 'Suplente', 0.92, 'Contrato_902');
INSERT INTO Contratos VALUES (903, '2 años', 25001, 'Titular', 0.48, 'Contrato_903');
INSERT INTO Contratos VALUES (904, '2 años', 61432, 'Suplente', 0.19, 'Contrato_904');
INSERT INTO Contratos VALUES (905, '3 años', 95532, 'Titular', 0.27, 'Contrato_905');
INSERT INTO Contratos VALUES (906, '1 año', 68829, 'Titular', 0.31, 'Contrato_906');
INSERT INTO Contratos VALUES (907, '2 años', 12353, 'Importante', 0.8, 'Contrato_907');
INSERT INTO Contratos VALUES (908, '6 meses', 10256, 'Suplente', 0.84, 'Contrato_908');
INSERT INTO Contratos VALUES (909, '6 meses', 88236, 'Suplente', 0.11, 'Contrato_909');
INSERT INTO Contratos VALUES (910, '2 años', 23597, 'Suplente', 0.35, 'Contrato_910');
INSERT INTO Contratos VALUES (911, '6 meses', 79843, 'Importante', 0.51, 'Contrato_911');
INSERT INTO Contratos VALUES (912, '3 años', 95827, 'Suplente', 0.24, 'Contrato_912');
INSERT INTO Contratos VALUES (913, '6 meses', 72827, 'Suplente', 0.98, 'Contrato_913');
INSERT INTO Contratos VALUES (914, '3 años', 78382, 'Importante', 0.99, 'Contrato_914');
INSERT INTO Contratos VALUES (915, '1 año', 82895, 'Suplente', 0.64, 'Contrato_915');
INSERT INTO Contratos VALUES (916, '3 años', 42385, 'Importante', 0.35, 'Contrato_916');
INSERT INTO Contratos VALUES (917, '6 meses', 54066, 'Importante', 0.86, 'Contrato_917');
INSERT INTO Contratos VALUES (918, '1 año', 78827, 'Importante', 0.42, 'Contrato_918');
INSERT INTO Contratos VALUES (919, '1 año', 39076, 'Importante', 0.84, 'Contrato_919');
INSERT INTO Contratos VALUES (920, '2 años', 82825, 'Importante', 0.92, 'Contrato_920');
INSERT INTO Contratos VALUES (921, '3 años', 17820, 'Suplente', 0.55, 'Contrato_921');
INSERT INTO Contratos VALUES (922, '1 año', 17121, 'Titular', 0.32, 'Contrato_922');
INSERT INTO Contratos VALUES (923, '6 meses', 29420, 'Titular', 0.22, 'Contrato_923');
INSERT INTO Contratos VALUES (924, '2 años', 60424, 'Suplente', 0.68, 'Contrato_924');
INSERT INTO Contratos VALUES (925, '2 años', 44084, 'Suplente', 0.75, 'Contrato_925');
INSERT INTO Contratos VALUES (926, '6 meses', 50802, 'Suplente', 0.68, 'Contrato_926');
INSERT INTO Contratos VALUES (927, '1 año', 95288, 'Importante', 0.29, 'Contrato_927');
INSERT INTO Contratos VALUES (928, '1 año', 55252, 'Importante', 0.67, 'Contrato_928');
INSERT INTO Contratos VALUES (929, '1 año', 84525, 'Importante', 0.22, 'Contrato_929');
INSERT INTO Contratos VALUES (930, '2 años', 15535, 'Importante', 0.87, 'Contrato_930');
INSERT INTO Contratos VALUES (931, '3 años', 61676, 'Titular', 0.55, 'Contrato_931');
INSERT INTO Contratos VALUES (932, '1 año', 78492, 'Suplente', 0.56, 'Contrato_932');
INSERT INTO Contratos VALUES (933, '3 años', 51551, 'Titular', 0.31, 'Contrato_933');
INSERT INTO Contratos VALUES (934, '6 meses', 10434, 'Titular', 0.11, 'Contrato_934');
INSERT INTO Contratos VALUES (935, '2 años', 69942, 'Importante', 0.64, 'Contrato_935');
INSERT INTO Contratos VALUES (936, '6 meses', 35919, 'Titular', 0.17, 'Contrato_936');
INSERT INTO Contratos VALUES (937, '1 año', 53350, 'Titular', 0.96, 'Contrato_937');
INSERT INTO Contratos VALUES (938, '3 años', 47585, 'Importante', 0.9, 'Contrato_938');
INSERT INTO Contratos VALUES (939, '1 año', 25838, 'Suplente', 0.28, 'Contrato_939');
INSERT INTO Contratos VALUES (940, '1 año', 30935, 'Titular', 0.52, 'Contrato_940');
INSERT INTO Contratos VALUES (941, '6 meses', 23655, 'Suplente', 0.2, 'Contrato_941');
INSERT INTO Contratos VALUES (942, '1 año', 44982, 'Titular', 0.87, 'Contrato_942');
INSERT INTO Contratos VALUES (943, '3 años', 89298, 'Titular', 0.55, 'Contrato_943');
INSERT INTO Contratos VALUES (944, '6 meses', 18994, 'Importante', 0.23, 'Contrato_944');
INSERT INTO Contratos VALUES (945, '6 meses', 73385, 'Titular', 0.36, 'Contrato_945');
INSERT INTO Contratos VALUES (946, '6 meses', 16870, 'Importante', 0.86, 'Contrato_946');
INSERT INTO Contratos VALUES (947, '2 años', 72433, 'Titular', 0.94, 'Contrato_947');
INSERT INTO Contratos VALUES (948, '1 año', 81594, 'Suplente', 0.46, 'Contrato_948');
INSERT INTO Contratos VALUES (949, '6 meses', 22919, 'Titular', 0.42, 'Contrato_949');
INSERT INTO Contratos VALUES (950, '3 años', 38812, 'Importante', 0.79, 'Contrato_950');
INSERT INTO Contratos VALUES (951, '3 años', 51279, 'Suplente', 0.98, 'Contrato_951');
INSERT INTO Contratos VALUES (952, '1 año', 44851, 'Suplente', 0.9, 'Contrato_952');
INSERT INTO Contratos VALUES (953, '2 años', 87752, 'Importante', 0.27, 'Contrato_953');
INSERT INTO Contratos VALUES (954, '6 meses', 55454, 'Titular', 0.2, 'Contrato_954');
INSERT INTO Contratos VALUES (955, '2 años', 94430, 'Suplente', 0.16, 'Contrato_955');
INSERT INTO Contratos VALUES (956, '6 meses', 41514, 'Suplente', 0.32, 'Contrato_956');
INSERT INTO Contratos VALUES (957, '3 años', 64361, 'Suplente', 0.71, 'Contrato_957');
INSERT INTO Contratos VALUES (958, '6 meses', 87280, 'Titular', 0.14, 'Contrato_958');
INSERT INTO Contratos VALUES (959, '6 meses', 31283, 'Titular', 0.88, 'Contrato_959');
INSERT INTO Contratos VALUES (960, '1 año', 60919, 'Importante', 0.15, 'Contrato_960');
INSERT INTO Contratos VALUES (961, '2 años', 27403, 'Titular', 0.83, 'Contrato_961');
INSERT INTO Contratos VALUES (962, '1 año', 69577, 'Importante', 0.75, 'Contrato_962');
INSERT INTO Contratos VALUES (963, '6 meses', 38911, 'Suplente', 0.86, 'Contrato_963');
INSERT INTO Contratos VALUES (964, '1 año', 53138, 'Suplente', 0.05, 'Contrato_964');
INSERT INTO Contratos VALUES (965, '2 años', 99315, 'Suplente', 0.63, 'Contrato_965');
INSERT INTO Contratos VALUES (966, '6 meses', 16137, 'Titular', 0.48, 'Contrato_966');
INSERT INTO Contratos VALUES (967, '3 años', 26366, 'Importante', 0.32, 'Contrato_967');
INSERT INTO Contratos VALUES (968, '1 año', 76010, 'Titular', 0.2, 'Contrato_968');
INSERT INTO Contratos VALUES (969, '1 año', 48135, 'Suplente', 0.47, 'Contrato_969');
INSERT INTO Contratos VALUES (970, '2 años', 45980, 'Suplente', 0.67, 'Contrato_970');
INSERT INTO Contratos VALUES (971, '3 años', 47307, 'Suplente', 0.75, 'Contrato_971');
INSERT INTO Contratos VALUES (972, '6 meses', 28079, 'Suplente', 0.96, 'Contrato_972');
INSERT INTO Contratos VALUES (973, '2 años', 21680, 'Importante', 0.47, 'Contrato_973');
INSERT INTO Contratos VALUES (974, '2 años', 72286, 'Importante', 0.3, 'Contrato_974');
INSERT INTO Contratos VALUES (975, '1 año', 85821, 'Suplente', 0.02, 'Contrato_975');
INSERT INTO Contratos VALUES (976, '3 años', 92344, 'Suplente', 0.01, 'Contrato_976');
INSERT INTO Contratos VALUES (977, '3 años', 52510, 'Importante', 0.86, 'Contrato_977');
INSERT INTO Contratos VALUES (978, '2 años', 93359, 'Titular', 0.46, 'Contrato_978');
INSERT INTO Contratos VALUES (979, '3 años', 91822, 'Importante', 0.8, 'Contrato_979');
INSERT INTO Contratos VALUES (980, '1 año', 68372, 'Suplente', 0.98, 'Contrato_980');
INSERT INTO Contratos VALUES (981, '3 años', 59859, 'Importante', 0.25, 'Contrato_981');
INSERT INTO Contratos VALUES (982, '1 año', 19323, 'Titular', 0.45, 'Contrato_982');
INSERT INTO Contratos VALUES (983, '2 años', 72241, 'Titular', 0.46, 'Contrato_983');
INSERT INTO Contratos VALUES (984, '6 meses', 59857, 'Titular', 0.8, 'Contrato_984');
INSERT INTO Contratos VALUES (985, '3 años', 20949, 'Suplente', 0.57, 'Contrato_985');
INSERT INTO Contratos VALUES (986, '1 año', 86855, 'Importante', 0.99, 'Contrato_986');
INSERT INTO Contratos VALUES (987, '6 meses', 77074, 'Suplente', 0.06, 'Contrato_987');
INSERT INTO Contratos VALUES (988, '3 años', 58944, 'Titular', 0.81, 'Contrato_988');
INSERT INTO Contratos VALUES (989, '3 años', 87606, 'Suplente', 0.6, 'Contrato_989');
INSERT INTO Contratos VALUES (990, '6 meses', 78064, 'Importante', 0.03, 'Contrato_990');
INSERT INTO Contratos VALUES (991, '1 año', 75680, 'Importante', 0.67, 'Contrato_991');
INSERT INTO Contratos VALUES (992, '6 meses', 21803, 'Importante', 0.26, 'Contrato_992');
INSERT INTO Contratos VALUES (993, '6 meses', 18404, 'Suplente', 0.3, 'Contrato_993');
INSERT INTO Contratos VALUES (994, '1 año', 75062, 'Titular', 0.66, 'Contrato_994');
INSERT INTO Contratos VALUES (995, '2 años', 61115, 'Titular', 0.92, 'Contrato_995');
INSERT INTO Contratos VALUES (996, '6 meses', 25255, 'Importante', 0.91, 'Contrato_996');
INSERT INTO Contratos VALUES (997, '3 años', 19927, 'Importante', 0.45, 'Contrato_997');
INSERT INTO Contratos VALUES (998, '1 año', 33407, 'Titular', 0.2, 'Contrato_998');
INSERT INTO Contratos VALUES (999, '6 meses', 32293, 'Titular', 0.93, 'Contrato_999');
INSERT INTO Contratos VALUES (1000, '1 año', 25630, 'Titular', 0.56, 'Contrato_1000');
INSERT INTO Contratos VALUES (1001, '3 años', 77895, 'Titular', 0.81, 'Contrato_1001');
INSERT INTO Contratos VALUES (1002, '1 año', 95134, 'Suplente', 0.66, 'Contrato_1002');
INSERT INTO Contratos VALUES (1003, '6 meses', 31066, 'Titular', 0.67, 'Contrato_1003');
INSERT INTO Contratos VALUES (1004, '3 años', 33447, 'Suplente', 0.21, 'Contrato_1004');
INSERT INTO Contratos VALUES (1005, '6 meses', 23325, 'Suplente', 0.73, 'Contrato_1005');
INSERT INTO Contratos VALUES (1006, '1 año', 92978, 'Importante', 0.57, 'Contrato_1006');
INSERT INTO Contratos VALUES (1007, '3 años', 20406, 'Suplente', 0.67, 'Contrato_1007');
INSERT INTO Contratos VALUES (1008, '1 año', 75748, 'Importante', 0.02, 'Contrato_1008');
INSERT INTO Contratos VALUES (1009, '2 años', 93361, 'Suplente', 0.8, 'Contrato_1009');
INSERT INTO Contratos VALUES (1010, '6 meses', 92238, 'Importante', 0.47, 'Contrato_1010');
INSERT INTO Contratos VALUES (1011, '6 meses', 43821, 'Suplente', 0.27, 'Contrato_1011');
INSERT INTO Contratos VALUES (1012, '1 año', 21809, 'Importante', 0.34, 'Contrato_1012');
INSERT INTO Contratos VALUES (1013, '2 años', 20949, 'Titular', 0.28, 'Contrato_1013');
INSERT INTO Contratos VALUES (1014, '6 meses', 64162, 'Importante', 0.79, 'Contrato_1014');
INSERT INTO Contratos VALUES (1015, '6 meses', 95955, 'Titular', 0.21, 'Contrato_1015');
INSERT INTO Contratos VALUES (1016, '1 año', 66334, 'Suplente', 0.48, 'Contrato_1016');
INSERT INTO Contratos VALUES (1017, '1 año', 32419, 'Titular', 0.68, 'Contrato_1017');
INSERT INTO Contratos VALUES (1018, '2 años', 73851, 'Titular', 0.56, 'Contrato_1018');
INSERT INTO Contratos VALUES (1019, '3 años', 29799, 'Titular', 0.69, 'Contrato_1019');
INSERT INTO Contratos VALUES (1020, '6 meses', 36466, 'Titular', 0.2, 'Contrato_1020');
INSERT INTO Contratos VALUES (1021, '1 año', 90178, 'Suplente', 0.12, 'Contrato_1021');
INSERT INTO Contratos VALUES (1022, '2 años', 46145, 'Importante', 0.07, 'Contrato_1022');
INSERT INTO Contratos VALUES (1023, '1 año', 23621, 'Importante', 0.52, 'Contrato_1023');
INSERT INTO Contratos VALUES (1024, '2 años', 12121, 'Titular', 0.12, 'Contrato_1024');
INSERT INTO Contratos VALUES (1025, '1 año', 59090, 'Titular', 0.08, 'Contrato_1025');
INSERT INTO Contratos VALUES (1026, '2 años', 53624, 'Titular', 0.31, 'Contrato_1026');
INSERT INTO Contratos VALUES (1027, '6 meses', 12851, 'Titular', 0.69, 'Contrato_1027');
INSERT INTO Contratos VALUES (1028, '6 meses', 63876, 'Importante', 0.98, 'Contrato_1028');
INSERT INTO Contratos VALUES (1029, '1 año', 31305, 'Importante', 0.95, 'Contrato_1029');
INSERT INTO Contratos VALUES (1030, '2 años', 73812, 'Titular', 0.06, 'Contrato_1030');
INSERT INTO Contratos VALUES (1031, '6 meses', 78956, 'Importante', 0.68, 'Contrato_1031');
INSERT INTO Contratos VALUES (1032, '1 año', 65479, 'Importante', 0.28, 'Contrato_1032');
INSERT INTO Contratos VALUES (1033, '2 años', 30382, 'Suplente', 0.34, 'Contrato_1033');
INSERT INTO Contratos VALUES (1034, '2 años', 56018, 'Importante', 0.58, 'Contrato_1034');
INSERT INTO Contratos VALUES (1035, '6 meses', 16625, 'Importante', 0.06, 'Contrato_1035');
INSERT INTO Contratos VALUES (1036, '2 años', 82341, 'Importante', 0.51, 'Contrato_1036');
INSERT INTO Contratos VALUES (1037, '6 meses', 39952, 'Importante', 0.14, 'Contrato_1037');
INSERT INTO Contratos VALUES (1038, '3 años', 42037, 'Titular', 0.11, 'Contrato_1038');
INSERT INTO Contratos VALUES (1039, '1 año', 76358, 'Importante', 0.79, 'Contrato_1039');
INSERT INTO Contratos VALUES (1040, '6 meses', 90411, 'Importante', 0.53, 'Contrato_1040');
INSERT INTO Contratos VALUES (1041, '6 meses', 85688, 'Suplente', 0.07, 'Contrato_1041');
INSERT INTO Contratos VALUES (1042, '1 año', 17403, 'Importante', 0.15, 'Contrato_1042');
INSERT INTO Contratos VALUES (1043, '1 año', 60351, 'Titular', 0.26, 'Contrato_1043');
INSERT INTO Contratos VALUES (1044, '6 meses', 60653, 'Suplente', 0.42, 'Contrato_1044');
INSERT INTO Contratos VALUES (1045, '1 año', 39320, 'Titular', 0.02, 'Contrato_1045');
INSERT INTO Contratos VALUES (1046, '2 años', 32526, 'Importante', 0.42, 'Contrato_1046');
INSERT INTO Contratos VALUES (1047, '6 meses', 68111, 'Importante', 0.59, 'Contrato_1047');
INSERT INTO Contratos VALUES (1048, '3 años', 72307, 'Suplente', 0.7, 'Contrato_1048');
INSERT INTO Contratos VALUES (1049, '1 año', 75769, 'Titular', 0.45, 'Contrato_1049');
INSERT INTO Contratos VALUES (1050, '6 meses', 94694, 'Importante', 0.24, 'Contrato_1050');
INSERT INTO Contratos VALUES (1051, '3 años', 42701, 'Importante', 0.85, 'Contrato_1051');
INSERT INTO Contratos VALUES (1052, '1 año', 35799, 'Titular', 0.41, 'Contrato_1052');
INSERT INTO Contratos VALUES (1053, '3 años', 40979, 'Suplente', 0.07, 'Contrato_1053');
INSERT INTO Contratos VALUES (1054, '6 meses', 50244, 'Suplente', 0.85, 'Contrato_1054');
INSERT INTO Contratos VALUES (1055, '1 año', 50787, 'Titular', 0.81, 'Contrato_1055');
INSERT INTO Contratos VALUES (1056, '6 meses', 15037, 'Titular', 0.77, 'Contrato_1056');
INSERT INTO Contratos VALUES (1057, '3 años', 81447, 'Importante', 0.23, 'Contrato_1057');
INSERT INTO Contratos VALUES (1058, '2 años', 99089, 'Titular', 0.52, 'Contrato_1058');
INSERT INTO Contratos VALUES (1059, '1 año', 82277, 'Suplente', 0.89, 'Contrato_1059');
INSERT INTO Contratos VALUES (1060, '2 años', 33081, 'Suplente', 0.24, 'Contrato_1060');
INSERT INTO Contratos VALUES (1061, '1 año', 77435, 'Suplente', 0.18, 'Contrato_1061');
INSERT INTO Contratos VALUES (1062, '6 meses', 20361, 'Titular', 0.91, 'Contrato_1062');
INSERT INTO Contratos VALUES (1063, '6 meses', 26757, 'Titular', 0.04, 'Contrato_1063');
INSERT INTO Contratos VALUES (1064, '2 años', 34212, 'Importante', 0.62, 'Contrato_1064');
INSERT INTO Contratos VALUES (1065, '3 años', 24411, 'Importante', 0.89, 'Contrato_1065');
INSERT INTO Contratos VALUES (1066, '6 meses', 99988, 'Titular', 0.16, 'Contrato_1066');
INSERT INTO Contratos VALUES (1067, '1 año', 68815, 'Titular', 0.7, 'Contrato_1067');
INSERT INTO Contratos VALUES (1068, '1 año', 41443, 'Suplente', 0.99, 'Contrato_1068');
INSERT INTO Contratos VALUES (1069, '1 año', 48422, 'Importante', 0.78, 'Contrato_1069');
INSERT INTO Contratos VALUES (1070, '2 años', 37037, 'Titular', 0.7, 'Contrato_1070');
INSERT INTO Contratos VALUES (1071, '3 años', 16763, 'Suplente', 0.07, 'Contrato_1071');
INSERT INTO Contratos VALUES (1072, '6 meses', 73316, 'Importante', 0.7, 'Contrato_1072');
INSERT INTO Contratos VALUES (1073, '1 año', 75212, 'Importante', 0.96, 'Contrato_1073');
INSERT INTO Contratos VALUES (1074, '1 año', 87045, 'Suplente', 0.15, 'Contrato_1074');
INSERT INTO Contratos VALUES (1075, '1 año', 23835, 'Titular', 0.09, 'Contrato_1075');
INSERT INTO Contratos VALUES (1076, '3 años', 26581, 'Importante', 0.88, 'Contrato_1076');
INSERT INTO Contratos VALUES (1077, '1 año', 90031, 'Importante', 0.83, 'Contrato_1077');
INSERT INTO Contratos VALUES (1078, '3 años', 91848, 'Importante', 0.82, 'Contrato_1078');
INSERT INTO Contratos VALUES (1079, '2 años', 11120, 'Titular', 0.09, 'Contrato_1079');
INSERT INTO Contratos VALUES (1080, '6 meses', 85198, 'Titular', 0.99, 'Contrato_1080');
INSERT INTO Contratos VALUES (1081, '2 años', 45304, 'Titular', 0.12, 'Contrato_1081');
INSERT INTO Contratos VALUES (1082, '6 meses', 94573, 'Importante', 0.26, 'Contrato_1082');
INSERT INTO Contratos VALUES (1083, '6 meses', 58639, 'Suplente', 0.25, 'Contrato_1083');
INSERT INTO Contratos VALUES (1084, '6 meses', 93628, 'Importante', 0.72, 'Contrato_1084');
INSERT INTO Contratos VALUES (1085, '3 años', 48571, 'Importante', 0.36, 'Contrato_1085');
INSERT INTO Contratos VALUES (1086, '2 años', 30488, 'Importante', 0.6, 'Contrato_1086');
INSERT INTO Contratos VALUES (1087, '2 años', 46513, 'Importante', 0.12, 'Contrato_1087');
INSERT INTO Contratos VALUES (1088, '3 años', 67920, 'Titular', 0.93, 'Contrato_1088');
INSERT INTO Contratos VALUES (1089, '3 años', 39958, 'Importante', 0.54, 'Contrato_1089');
INSERT INTO Contratos VALUES (1090, '1 año', 64949, 'Titular', 0.03, 'Contrato_1090');
INSERT INTO Contratos VALUES (1091, '6 meses', 32694, 'Suplente', 0.09, 'Contrato_1091');
INSERT INTO Contratos VALUES (1092, '2 años', 76010, 'Suplente', 0.83, 'Contrato_1092');
INSERT INTO Contratos VALUES (1093, '3 años', 93311, 'Importante', 0.07, 'Contrato_1093');
INSERT INTO Contratos VALUES (1094, '2 años', 86303, 'Suplente', 0.41, 'Contrato_1094');
INSERT INTO Contratos VALUES (1095, '2 años', 51529, 'Suplente', 0.09, 'Contrato_1095');
INSERT INTO Contratos VALUES (1096, '2 años', 49250, 'Suplente', 0.77, 'Contrato_1096');
INSERT INTO Contratos VALUES (1097, '1 año', 55285, 'Titular', 0.44, 'Contrato_1097');
INSERT INTO Contratos VALUES (1098, '6 meses', 78863, 'Titular', 0.84, 'Contrato_1098');
INSERT INTO Contratos VALUES (1099, '1 año', 37777, 'Suplente', 0.84, 'Contrato_1099');
INSERT INTO Contratos VALUES (1100, '2 años', 36292, 'Importante', 0.35, 'Contrato_1100');
INSERT INTO Contratos VALUES (1101, '1 año', 89089, 'Suplente', 0.23, 'Contrato_1101');
INSERT INTO Contratos VALUES (1102, '3 años', 35739, 'Titular', 0.89, 'Contrato_1102');
INSERT INTO Contratos VALUES (1103, '2 años', 17532, 'Titular', 0.39, 'Contrato_1103');
INSERT INTO Contratos VALUES (1104, '1 año', 14503, 'Suplente', 0.5, 'Contrato_1104');
INSERT INTO Contratos VALUES (1105, '6 meses', 17241, 'Titular', 0.69, 'Contrato_1105');
INSERT INTO Contratos VALUES (1106, '3 años', 86870, 'Titular', 0.12, 'Contrato_1106');
INSERT INTO Contratos VALUES (1107, '3 años', 23346, 'Titular', 0.13, 'Contrato_1107');
INSERT INTO Contratos VALUES (1108, '2 años', 42446, 'Titular', 0.43, 'Contrato_1108');
INSERT INTO Contratos VALUES (1109, '3 años', 87615, 'Titular', 0.3, 'Contrato_1109');
INSERT INTO Contratos VALUES (1110, '6 meses', 21601, 'Importante', 0.88, 'Contrato_1110');
INSERT INTO Contratos VALUES (1111, '6 meses', 24045, 'Suplente', 0.69, 'Contrato_1111');
INSERT INTO Contratos VALUES (1112, '2 años', 11474, 'Importante', 0.81, 'Contrato_1112');
INSERT INTO Contratos VALUES (1113, '3 años', 43584, 'Suplente', 0.34, 'Contrato_1113');
INSERT INTO Contratos VALUES (1114, '1 año', 23309, 'Suplente', 0.47, 'Contrato_1114');
INSERT INTO Contratos VALUES (1115, '6 meses', 40482, 'Importante', 0.92, 'Contrato_1115');
INSERT INTO Contratos VALUES (1116, '2 años', 58686, 'Titular', 0.09, 'Contrato_1116');
INSERT INTO Contratos VALUES (1117, '6 meses', 88066, 'Suplente', 0.47, 'Contrato_1117');
INSERT INTO Contratos VALUES (1118, '6 meses', 55805, 'Titular', 0.86, 'Contrato_1118');
INSERT INTO Contratos VALUES (1119, '3 años', 56277, 'Importante', 0.44, 'Contrato_1119');
INSERT INTO Contratos VALUES (1120, '1 año', 73149, 'Importante', 0.55, 'Contrato_1120');
INSERT INTO Contratos VALUES (1121, '6 meses', 75805, 'Suplente', 0.92, 'Contrato_1121');
INSERT INTO Contratos VALUES (1122, '2 años', 14176, 'Titular', 0.22, 'Contrato_1122');
INSERT INTO Contratos VALUES (1123, '1 año', 86688, 'Titular', 0.21, 'Contrato_1123');
INSERT INTO Contratos VALUES (1124, '1 año', 76111, 'Suplente', 0.83, 'Contrato_1124');
INSERT INTO Contratos VALUES (1125, '1 año', 59476, 'Suplente', 0.07, 'Contrato_1125');
INSERT INTO Contratos VALUES (1126, '2 años', 87813, 'Suplente', 0.34, 'Contrato_1126');
INSERT INTO Contratos VALUES (1127, '3 años', 86034, 'Suplente', 0.84, 'Contrato_1127');
INSERT INTO Contratos VALUES (1128, '6 meses', 76051, 'Importante', 0.42, 'Contrato_1128');
INSERT INTO Contratos VALUES (1129, '2 años', 49796, 'Suplente', 0.29, 'Contrato_1129');
INSERT INTO Contratos VALUES (1130, '2 años', 23893, 'Suplente', 0.72, 'Contrato_1130');
INSERT INTO Contratos VALUES (1131, '3 años', 38116, 'Titular', 0.27, 'Contrato_1131');
INSERT INTO Contratos VALUES (1132, '1 año', 57316, 'Suplente', 0.13, 'Contrato_1132');
INSERT INTO Contratos VALUES (1133, '6 meses', 42508, 'Importante', 0.24, 'Contrato_1133');
INSERT INTO Contratos VALUES (1134, '6 meses', 31987, 'Titular', 0.19, 'Contrato_1134');
INSERT INTO Contratos VALUES (1135, '6 meses', 73667, 'Importante', 0.5, 'Contrato_1135');
INSERT INTO Contratos VALUES (1136, '3 años', 55691, 'Importante', 0.23, 'Contrato_1136');
INSERT INTO Contratos VALUES (1137, '2 años', 68827, 'Titular', 0.67, 'Contrato_1137');
INSERT INTO Contratos VALUES (1138, '2 años', 13204, 'Titular', 0.58, 'Contrato_1138');
INSERT INTO Contratos VALUES (1139, '1 año', 52991, 'Importante', 0.69, 'Contrato_1139');
INSERT INTO Contratos VALUES (1140, '3 años', 11580, 'Titular', 0.86, 'Contrato_1140');
INSERT INTO Contratos VALUES (1141, '3 años', 39511, 'Importante', 0.6, 'Contrato_1141');
INSERT INTO Contratos VALUES (1142, '1 año', 86532, 'Importante', 0.94, 'Contrato_1142');
INSERT INTO Contratos VALUES (1143, '3 años', 82097, 'Importante', 0.51, 'Contrato_1143');
INSERT INTO Contratos VALUES (1144, '1 año', 95231, 'Suplente', 0.45, 'Contrato_1144');
INSERT INTO Contratos VALUES (1145, '1 año', 71534, 'Importante', 0.48, 'Contrato_1145');
INSERT INTO Contratos VALUES (1146, '6 meses', 63501, 'Suplente', 0.43, 'Contrato_1146');
INSERT INTO Contratos VALUES (1147, '6 meses', 77791, 'Titular', 0.87, 'Contrato_1147');
INSERT INTO Contratos VALUES (1148, '1 año', 88846, 'Suplente', 0.14, 'Contrato_1148');
INSERT INTO Contratos VALUES (1149, '2 años', 26079, 'Suplente', 0.16, 'Contrato_1149');
INSERT INTO Contratos VALUES (1150, '3 años', 89652, 'Importante', 0.27, 'Contrato_1150');
INSERT INTO Contratos VALUES (1151, '3 años', 89416, 'Importante', 0.39, 'Contrato_1151');
INSERT INTO Contratos VALUES (1152, '1 año', 13852, 'Suplente', 0.31, 'Contrato_1152');
INSERT INTO Contratos VALUES (1153, '6 meses', 89294, 'Suplente', 0.3, 'Contrato_1153');
INSERT INTO Contratos VALUES (1154, '6 meses', 54599, 'Importante', 0.58, 'Contrato_1154');
INSERT INTO Contratos VALUES (1155, '2 años', 74727, 'Titular', 0.5, 'Contrato_1155');
INSERT INTO Contratos VALUES (1156, '6 meses', 85658, 'Titular', 0.39, 'Contrato_1156');
INSERT INTO Contratos VALUES (1157, '3 años', 82680, 'Importante', 0.16, 'Contrato_1157');
INSERT INTO Contratos VALUES (1158, '3 años', 99780, 'Suplente', 0.82, 'Contrato_1158');
INSERT INTO Contratos VALUES (1159, '3 años', 62722, 'Titular', 0.8, 'Contrato_1159');
INSERT INTO Contratos VALUES (1160, '2 años', 40333, 'Suplente', 0.27, 'Contrato_1160');
INSERT INTO Contratos VALUES (1161, '1 año', 42705, 'Importante', 0.72, 'Contrato_1161');
INSERT INTO Contratos VALUES (1162, '1 año', 60146, 'Suplente', 0.37, 'Contrato_1162');
INSERT INTO Contratos VALUES (1163, '1 año', 13403, 'Importante', 0.53, 'Contrato_1163');
INSERT INTO Contratos VALUES (1164, '2 años', 34880, 'Titular', 0.53, 'Contrato_1164');
INSERT INTO Contratos VALUES (1165, '6 meses', 52388, 'Titular', 0.6, 'Contrato_1165');
INSERT INTO Contratos VALUES (1166, '2 años', 29627, 'Importante', 0.26, 'Contrato_1166');
INSERT INTO Contratos VALUES (1167, '6 meses', 54255, 'Suplente', 0.46, 'Contrato_1167');
INSERT INTO Contratos VALUES (1168, '3 años', 55726, 'Suplente', 0.98, 'Contrato_1168');
INSERT INTO Contratos VALUES (1169, '3 años', 57261, 'Importante', 0.55, 'Contrato_1169');
INSERT INTO Contratos VALUES (1170, '3 años', 91484, 'Titular', 0.19, 'Contrato_1170');
INSERT INTO Contratos VALUES (1171, '6 meses', 48012, 'Importante', 0.47, 'Contrato_1171');
INSERT INTO Contratos VALUES (1172, '6 meses', 72556, 'Titular', 0.58, 'Contrato_1172');
INSERT INTO Contratos VALUES (1173, '3 años', 24030, 'Importante', 0.17, 'Contrato_1173');
INSERT INTO Contratos VALUES (1174, '6 meses', 16765, 'Importante', 0.69, 'Contrato_1174');
INSERT INTO Contratos VALUES (1175, '1 año', 79554, 'Titular', 0.91, 'Contrato_1175');
INSERT INTO Contratos VALUES (1176, '3 años', 65128, 'Titular', 0.83, 'Contrato_1176');
INSERT INTO Contratos VALUES (1177, '2 años', 32862, 'Titular', 0.37, 'Contrato_1177');
INSERT INTO Contratos VALUES (1178, '6 meses', 92983, 'Titular', 0.81, 'Contrato_1178');
INSERT INTO Contratos VALUES (1179, '1 año', 58922, 'Importante', 0.09, 'Contrato_1179');
INSERT INTO Contratos VALUES (1180, '6 meses', 33499, 'Titular', 0.16, 'Contrato_1180');
INSERT INTO Contratos VALUES (1181, '1 año', 70435, 'Titular', 0.26, 'Contrato_1181');
INSERT INTO Contratos VALUES (1182, '2 años', 99389, 'Importante', 0.4, 'Contrato_1182');
INSERT INTO Contratos VALUES (1183, '6 meses', 66860, 'Suplente', 0.81, 'Contrato_1183');
INSERT INTO Contratos VALUES (1184, '1 año', 22705, 'Titular', 0.84, 'Contrato_1184');
INSERT INTO Contratos VALUES (1185, '2 años', 83655, 'Importante', 0.36, 'Contrato_1185');
INSERT INTO Contratos VALUES (1186, '6 meses', 34693, 'Titular', 0.48, 'Contrato_1186');
INSERT INTO Contratos VALUES (1187, '6 meses', 46283, 'Importante', 0.36, 'Contrato_1187');
INSERT INTO Contratos VALUES (1188, '2 años', 47179, 'Suplente', 1.0, 'Contrato_1188');
INSERT INTO Contratos VALUES (1189, '2 años', 39742, 'Titular', 0.38, 'Contrato_1189');
INSERT INTO Contratos VALUES (1190, '6 meses', 21092, 'Importante', 0.25, 'Contrato_1190');
INSERT INTO Contratos VALUES (1191, '2 años', 55232, 'Suplente', 0.88, 'Contrato_1191');
INSERT INTO Contratos VALUES (1192, '3 años', 49909, 'Suplente', 0.72, 'Contrato_1192');
INSERT INTO Contratos VALUES (1193, '1 año', 78207, 'Suplente', 0.08, 'Contrato_1193');
INSERT INTO Contratos VALUES (1194, '2 años', 84983, 'Suplente', 0.44, 'Contrato_1194');
INSERT INTO Contratos VALUES (1195, '2 años', 56071, 'Suplente', 0.53, 'Contrato_1195');
INSERT INTO Contratos VALUES (1196, '2 años', 47498, 'Importante', 0.37, 'Contrato_1196');
INSERT INTO Contratos VALUES (1197, '6 meses', 44731, 'Importante', 0.31, 'Contrato_1197');
INSERT INTO Contratos VALUES (1198, '3 años', 14724, 'Suplente', 0.73, 'Contrato_1198');
INSERT INTO Contratos VALUES (1199, '1 año', 34853, 'Importante', 0.25, 'Contrato_1199');

COMMIT;

--Transferencias

INSERT INTO Transferencias VALUES (900, 682538, 'Comprado', 'Millonarios', 800, 1, 2000000299);
INSERT INTO Transferencias VALUES (901, 243754, 'Comprado', 'Santa Fe', 801, 1, 2000000300);
INSERT INTO Transferencias VALUES (902, 1599541, 'Comprado', 'Deportivo Cali', 802, 1, 2000000301);
INSERT INTO Transferencias VALUES (903, 1078067, 'Comprado', 'Fortaleza', 803, 1, 2000000302);
INSERT INTO Transferencias VALUES (904, 159398, 'Venta', 'Ind Medellin', 804, 1, 2000000303);
INSERT INTO Transferencias VALUES (905, 1987493, 'Venta', 'Alianza FC', 805, 1, 2000000304);
INSERT INTO Transferencias VALUES (906, 336320, 'Venta', 'Once Caldas', 806, 1, 2000000305);
INSERT INTO Transferencias VALUES (907, 232193, 'Venta', 'Chico', 807, 1, 2000000306);
INSERT INTO Transferencias VALUES (908, 913998, 'Venta', 'America de Cali', 808, 1, 2000000307);
INSERT INTO Transferencias VALUES (909, 276761, 'Comprado', 'Atletico Nacional', 809, 1, 2000000308);
INSERT INTO Transferencias VALUES (910, 1944545, 'Venta', 'Once Caldas', 810, 1, 2000000309);
INSERT INTO Transferencias VALUES (911, 622335, 'Comprado', 'Tolima', 811, 1, 2000000310);
INSERT INTO Transferencias VALUES (912, 954023, 'Comprado', 'Pereira', 812, 1, 2000000311);
INSERT INTO Transferencias VALUES (913, 122556, 'Comprado', 'Llaneros', 813, 1, 2000000312);
INSERT INTO Transferencias VALUES (914, 1597306, 'Venta', 'Chico', 814, 1, 2000000313);
INSERT INTO Transferencias VALUES (915, 840653, 'Venta', 'Pereira', 815, 1, 2000000314);
INSERT INTO Transferencias VALUES (916, 393782, 'Venta', 'Chico', 816, 1, 2000000315);
INSERT INTO Transferencias VALUES (917, 815908, 'Comprado', 'Atletico Nacional', 817, 1, 2000000316);
INSERT INTO Transferencias VALUES (918, 1422540, 'Venta', 'Bucaramanga', 818, 1, 2000000317);
INSERT INTO Transferencias VALUES (919, 189774, 'Venta', 'Junior', 819, 1, 2000000318);
INSERT INTO Transferencias VALUES (920, 1959807, 'Venta', 'Deportivo Cali', 820, 1, 2000000319);
INSERT INTO Transferencias VALUES (921, 243264, 'Venta', 'Aguilas Doradas', 821, 1, 2000000320);
INSERT INTO Transferencias VALUES (922, 1997913, 'Comprado', 'Fortaleza', 822, 1, 2000000321);
INSERT INTO Transferencias VALUES (923, 1775513, 'Venta', 'Deportivo Cali', 823, 1, 2000000322);
INSERT INTO Transferencias VALUES (924, 1089506, 'Venta', 'America de Cali', 824, 1, 2000000323);
INSERT INTO Transferencias VALUES (925, 375702, 'Venta', 'Deportivo Cali', 825, 1, 2000000324);
INSERT INTO Transferencias VALUES (926, 1133064, 'Venta', 'Fortaleza', 826, 1, 2000000325);
INSERT INTO Transferencias VALUES (927, 1512774, 'Comprado', 'Alianza FC', 827, 1, 2000000326);
INSERT INTO Transferencias VALUES (928, 726112, 'Venta', 'Once Caldas', 828, 1, 2000000327);
INSERT INTO Transferencias VALUES (929, 1420819, 'Venta', 'Ind Medellin', 829, 1, 2000000328);
INSERT INTO Transferencias VALUES (930, 1507355, 'Comprado', 'Tolima', 830, 1, 2000000329);
INSERT INTO Transferencias VALUES (931, 1021480, 'Venta', 'Tolima', 831, 1, 2000000330);
INSERT INTO Transferencias VALUES (932, 951464, 'Venta', 'Tolima', 832, 1, 2000000331);
INSERT INTO Transferencias VALUES (933, 438926, 'Venta', 'Pasto', 833, 1, 2000000332);
INSERT INTO Transferencias VALUES (934, 1414322, 'Venta', 'Fortaleza', 834, 1, 2000000333);
INSERT INTO Transferencias VALUES (935, 361703, 'Venta', 'Millonarios', 835, 1, 2000000334);
INSERT INTO Transferencias VALUES (936, 492546, 'Venta', 'Aguilas Doradas', 836, 1, 2000000335);
INSERT INTO Transferencias VALUES (937, 1474877, 'Comprado', 'Pereira', 837, 1, 2000000336);
INSERT INTO Transferencias VALUES (938, 1372048, 'Comprado', 'Millonarios', 838, 1, 2000000337);
INSERT INTO Transferencias VALUES (939, 1818957, 'Venta', 'Pereira', 839, 1, 2000000338);
INSERT INTO Transferencias VALUES (940, 443285, 'Comprado', 'Alianza FC', 840, 1, 2000000339);
INSERT INTO Transferencias VALUES (941, 901976, 'Venta', 'Atletico Nacional', 841, 1, 2000000340);
INSERT INTO Transferencias VALUES (942, 950183, 'Comprado', 'Chico', 842, 1, 2000000341);
INSERT INTO Transferencias VALUES (943, 1441664, 'Venta', 'Union magdalena', 843, 1, 2000000342);
INSERT INTO Transferencias VALUES (944, 986353, 'Venta', 'Chico', 844, 1, 2000000343);
INSERT INTO Transferencias VALUES (945, 532979, 'Venta', 'Once Caldas', 845, 1, 2000000344);
INSERT INTO Transferencias VALUES (946, 396134, 'Venta', 'Deportivo Cali', 846, 1, 2000000345);
INSERT INTO Transferencias VALUES (947, 1552830, 'Comprado', 'Alianza FC', 847, 1, 2000000346);
INSERT INTO Transferencias VALUES (948, 1064350, 'Venta', 'Bucaramanga', 848, 1, 2000000347);
INSERT INTO Transferencias VALUES (949, 137173, 'Venta', 'La Equidad', 849, 1, 2000000348);
INSERT INTO Transferencias VALUES (950, 1331001, 'Comprado', 'Pereira', 850, 1, 2000000349);
INSERT INTO Transferencias VALUES (951, 1628011, 'Venta', 'Pereira', 851, 1, 2000000350);
INSERT INTO Transferencias VALUES (952, 1005046, 'Venta', 'Deportivo Cali', 852, 1, 2000000351);
INSERT INTO Transferencias VALUES (953, 362352, 'Comprado', 'Union magdalena', 853, 1, 2000000352);
INSERT INTO Transferencias VALUES (954, 1147274, 'Venta', 'America de Cali', 854, 1, 2000000353);
INSERT INTO Transferencias VALUES (955, 235286, 'Venta', 'Pasto', 855, 1, 2000000354);
INSERT INTO Transferencias VALUES (956, 1947466, 'Venta', 'Chico', 856, 1, 2000000355);
INSERT INTO Transferencias VALUES (957, 1133319, 'Comprado', 'Bucaramanga', 857, 1, 2000000356);
INSERT INTO Transferencias VALUES (958, 1055607, 'Venta', 'Aguilas Doradas', 858, 1, 2000000357);
INSERT INTO Transferencias VALUES (959, 1827639, 'Venta', 'Chico', 859, 1, 2000000358);
INSERT INTO Transferencias VALUES (960, 238477, 'Venta', 'Millonarios', 860, 1, 2000000359);
INSERT INTO Transferencias VALUES (961, 730749, 'Comprado', 'Deportivo Cali', 861, 1, 2000000360);
INSERT INTO Transferencias VALUES (962, 1461153, 'Venta', 'Llaneros', 862, 1, 2000000361);
INSERT INTO Transferencias VALUES (963, 255665, 'Comprado', 'Deportivo Cali', 863, 1, 2000000362);
INSERT INTO Transferencias VALUES (964, 1638877, 'Venta', 'Atletico Nacional', 864, 1, 2000000363);
INSERT INTO Transferencias VALUES (965, 489780, 'Venta', 'Ind Medellin', 865, 1, 2000000364);
INSERT INTO Transferencias VALUES (966, 1854060, 'Venta', 'Atletico Nacional', 866, 1, 2000000365);
INSERT INTO Transferencias VALUES (967, 1935599, 'Comprado', 'Millonarios', 867, 1, 2000000366);
INSERT INTO Transferencias VALUES (968, 778671, 'Venta', 'Fortaleza', 868, 1, 2000000367);
INSERT INTO Transferencias VALUES (969, 1333056, 'Venta', 'Deportivo Cali', 869, 1, 2000000368);
INSERT INTO Transferencias VALUES (970, 1008062, 'Venta', 'Aguilas Doradas', 870, 1, 2000000369);
INSERT INTO Transferencias VALUES (971, 1791249, 'Comprado', 'Pasto', 871, 1, 2000000370);
INSERT INTO Transferencias VALUES (972, 735682, 'Venta', 'Bucaramanga', 872, 1, 2000000371);
INSERT INTO Transferencias VALUES (973, 1565541, 'Comprado', 'Union magdalena', 873, 1, 2000000372);
INSERT INTO Transferencias VALUES (974, 1662650, 'Venta', 'Ind Medellin', 874, 1, 2000000373);
INSERT INTO Transferencias VALUES (975, 1743219, 'Comprado', 'La Equidad', 875, 1, 2000000374);
INSERT INTO Transferencias VALUES (976, 279416, 'Comprado', 'Fortaleza', 876, 1, 2000000375);
INSERT INTO Transferencias VALUES (977, 1069287, 'Venta', 'Ind Medellin', 877, 1, 2000000376);
INSERT INTO Transferencias VALUES (978, 506190, 'Venta', 'Aguilas Doradas', 878, 1, 2000000377);
INSERT INTO Transferencias VALUES (979, 1916560, 'Venta', 'Fortaleza', 879, 1, 2000000378);
INSERT INTO Transferencias VALUES (980, 1262522, 'Venta', 'Millonarios', 880, 1, 2000000379);
INSERT INTO Transferencias VALUES (981, 1111871, 'Venta', 'Fortaleza', 881, 1, 2000000380);
INSERT INTO Transferencias VALUES (982, 980617, 'Venta', 'America de Cali', 882, 1, 2000000381);
INSERT INTO Transferencias VALUES (983, 1799476, 'Venta', 'Union magdalena', 883, 1, 2000000382);
INSERT INTO Transferencias VALUES (984, 202733, 'Comprado', 'Chico', 884, 1, 2000000383);
INSERT INTO Transferencias VALUES (985, 1583464, 'Comprado', 'Envigado', 885, 1, 2000000384);
INSERT INTO Transferencias VALUES (986, 1237432, 'Comprado', 'Fortaleza', 886, 1, 2000000385);
INSERT INTO Transferencias VALUES (987, 406705, 'Venta', 'Aguilas Doradas', 887, 1, 2000000386);
INSERT INTO Transferencias VALUES (988, 1307375, 'Comprado', 'Deportivo Cali', 888, 1, 2000000387);
INSERT INTO Transferencias VALUES (989, 419227, 'Venta', 'Santa Fe', 889, 1, 2000000388);
INSERT INTO Transferencias VALUES (990, 174265, 'Comprado', 'Chico', 890, 1, 2000000389);
INSERT INTO Transferencias VALUES (991, 497658, 'Venta', 'Pereira', 891, 1, 2000000390);
INSERT INTO Transferencias VALUES (992, 620756, 'Comprado', 'La Equidad', 892, 1, 2000000391);
INSERT INTO Transferencias VALUES (993, 698374, 'Comprado', 'Union magdalena', 893, 1, 2000000392);
INSERT INTO Transferencias VALUES (994, 1760781, 'Venta', 'Santa Fe', 894, 1, 2000000393);
INSERT INTO Transferencias VALUES (995, 1561601, 'Comprado', 'Llaneros', 895, 1, 2000000394);
INSERT INTO Transferencias VALUES (996, 269699, 'Venta', 'Once Caldas', 896, 1, 2000000395);
INSERT INTO Transferencias VALUES (997, 1421476, 'Venta', 'Envigado', 897, 1, 2000000396);
INSERT INTO Transferencias VALUES (998, 1178101, 'Venta', 'Alianza FC', 898, 1, 2000000397);
INSERT INTO Transferencias VALUES (999, 979050, 'Venta', 'Pereira', 899, 1, 2000000398);
INSERT INTO Transferencias VALUES (1000, 1683479, 'Comprado', 'Tolima', 900, 1, 2000000399);


COMMIT;


--Documentaciones
INSERT INTO Documentaciones VALUES (1000, 'Contrato Laboral', TO_DATE('2021-11-18', 'YYYY-MM-DD'), TO_DATE('2024-11-17', 'YYYY-MM-DD'), 'Autoridad_4', 800);
INSERT INTO Documentaciones VALUES (1001, 'Contrato Laboral', TO_DATE('2021-08-26', 'YYYY-MM-DD'), TO_DATE('2024-08-25', 'YYYY-MM-DD'), 'Autoridad_4', 801);
INSERT INTO Documentaciones VALUES (1002, 'Contrato Laboral', TO_DATE('2021-05-28', 'YYYY-MM-DD'), TO_DATE('2024-05-27', 'YYYY-MM-DD'), 'Autoridad_4', 802);
INSERT INTO Documentaciones VALUES (1003, 'Cédula', TO_DATE('2020-07-23', 'YYYY-MM-DD'), TO_DATE('2023-07-23', 'YYYY-MM-DD'), 'Autoridad_3', 803);
INSERT INTO Documentaciones VALUES (1004, 'Pasaporte', TO_DATE('2021-05-09', 'YYYY-MM-DD'), TO_DATE('2024-05-08', 'YYYY-MM-DD'), 'Autoridad_2', 804);
INSERT INTO Documentaciones VALUES (1005, 'Cédula', TO_DATE('2021-10-11', 'YYYY-MM-DD'), TO_DATE('2024-10-10', 'YYYY-MM-DD'), 'Autoridad_2', 805);
INSERT INTO Documentaciones VALUES (1006, 'Cédula', TO_DATE('2022-04-16', 'YYYY-MM-DD'), TO_DATE('2025-04-15', 'YYYY-MM-DD'), 'Autoridad_1', 806);
INSERT INTO Documentaciones VALUES (1007, 'Visa', TO_DATE('2022-04-04', 'YYYY-MM-DD'), TO_DATE('2025-04-03', 'YYYY-MM-DD'), 'Autoridad_5', 807);
INSERT INTO Documentaciones VALUES (1008, 'Pasaporte', TO_DATE('2021-08-30', 'YYYY-MM-DD'), TO_DATE('2024-08-29', 'YYYY-MM-DD'), 'Autoridad_5', 808);
INSERT INTO Documentaciones VALUES (1009, 'Pasaporte', TO_DATE('2021-08-13', 'YYYY-MM-DD'), TO_DATE('2024-08-12', 'YYYY-MM-DD'), 'Autoridad_1', 809);
INSERT INTO Documentaciones VALUES (1010, 'Cédula', TO_DATE('2022-10-10', 'YYYY-MM-DD'), TO_DATE('2025-10-09', 'YYYY-MM-DD'), 'Autoridad_1', 810);
INSERT INTO Documentaciones VALUES (1011, 'Visa', TO_DATE('2021-04-26', 'YYYY-MM-DD'), TO_DATE('2024-04-25', 'YYYY-MM-DD'), 'Autoridad_5', 811);
INSERT INTO Documentaciones VALUES (1012, 'Cédula', TO_DATE('2022-11-25', 'YYYY-MM-DD'), TO_DATE('2025-11-24', 'YYYY-MM-DD'), 'Autoridad_1', 812);
INSERT INTO Documentaciones VALUES (1013, 'Pasaporte', TO_DATE('2022-03-16', 'YYYY-MM-DD'), TO_DATE('2025-03-15', 'YYYY-MM-DD'), 'Autoridad_4', 813);
INSERT INTO Documentaciones VALUES (1014, 'Pasaporte', TO_DATE('2020-07-24', 'YYYY-MM-DD'), TO_DATE('2023-07-24', 'YYYY-MM-DD'), 'Autoridad_5', 814);
INSERT INTO Documentaciones VALUES (1015, 'Pasaporte', TO_DATE('2022-11-05', 'YYYY-MM-DD'), TO_DATE('2025-11-04', 'YYYY-MM-DD'), 'Autoridad_3', 815);
INSERT INTO Documentaciones VALUES (1016, 'Pasaporte', TO_DATE('2020-11-05', 'YYYY-MM-DD'), TO_DATE('2023-11-05', 'YYYY-MM-DD'), 'Autoridad_3', 816);
INSERT INTO Documentaciones VALUES (1017, 'Visa', TO_DATE('2022-01-18', 'YYYY-MM-DD'), TO_DATE('2025-01-17', 'YYYY-MM-DD'), 'Autoridad_4', 817);
INSERT INTO Documentaciones VALUES (1018, 'Contrato Laboral', TO_DATE('2022-08-28', 'YYYY-MM-DD'), TO_DATE('2025-08-27', 'YYYY-MM-DD'), 'Autoridad_5', 818);
INSERT INTO Documentaciones VALUES (1019, 'Visa', TO_DATE('2021-10-28', 'YYYY-MM-DD'), TO_DATE('2024-10-27', 'YYYY-MM-DD'), 'Autoridad_1', 819);
INSERT INTO Documentaciones VALUES (1020, 'Cédula', TO_DATE('2021-09-25', 'YYYY-MM-DD'), TO_DATE('2024-09-24', 'YYYY-MM-DD'), 'Autoridad_5', 820);
INSERT INTO Documentaciones VALUES (1021, 'Visa', TO_DATE('2021-01-19', 'YYYY-MM-DD'), TO_DATE('2024-01-19', 'YYYY-MM-DD'), 'Autoridad_3', 821);
INSERT INTO Documentaciones VALUES (1022, 'Pasaporte', TO_DATE('2021-01-18', 'YYYY-MM-DD'), TO_DATE('2024-01-18', 'YYYY-MM-DD'), 'Autoridad_4', 822);
INSERT INTO Documentaciones VALUES (1023, 'Cédula', TO_DATE('2020-07-05', 'YYYY-MM-DD'), TO_DATE('2023-07-05', 'YYYY-MM-DD'), 'Autoridad_2', 823);
INSERT INTO Documentaciones VALUES (1024, 'Visa', TO_DATE('2020-10-16', 'YYYY-MM-DD'), TO_DATE('2023-10-16', 'YYYY-MM-DD'), 'Autoridad_4', 824);
INSERT INTO Documentaciones VALUES (1025, 'Cédula', TO_DATE('2021-09-24', 'YYYY-MM-DD'), TO_DATE('2024-09-23', 'YYYY-MM-DD'), 'Autoridad_2', 825);
INSERT INTO Documentaciones VALUES (1026, 'Pasaporte', TO_DATE('2022-04-05', 'YYYY-MM-DD'), TO_DATE('2025-04-04', 'YYYY-MM-DD'), 'Autoridad_3', 826);
INSERT INTO Documentaciones VALUES (1027, 'Contrato Laboral', TO_DATE('2021-10-09', 'YYYY-MM-DD'), TO_DATE('2024-10-08', 'YYYY-MM-DD'), 'Autoridad_5', 827);
INSERT INTO Documentaciones VALUES (1028, 'Contrato Laboral', TO_DATE('2021-07-22', 'YYYY-MM-DD'), TO_DATE('2024-07-21', 'YYYY-MM-DD'), 'Autoridad_3', 828);
INSERT INTO Documentaciones VALUES (1029, 'Contrato Laboral', TO_DATE('2022-10-06', 'YYYY-MM-DD'), TO_DATE('2025-10-05', 'YYYY-MM-DD'), 'Autoridad_3', 829);
INSERT INTO Documentaciones VALUES (1030, 'Pasaporte', TO_DATE('2022-02-04', 'YYYY-MM-DD'), TO_DATE('2025-02-03', 'YYYY-MM-DD'), 'Autoridad_2', 830);
INSERT INTO Documentaciones VALUES (1031, 'Pasaporte', TO_DATE('2021-10-07', 'YYYY-MM-DD'), TO_DATE('2024-10-06', 'YYYY-MM-DD'), 'Autoridad_4', 831);
INSERT INTO Documentaciones VALUES (1032, 'Contrato Laboral', TO_DATE('2022-10-14', 'YYYY-MM-DD'), TO_DATE('2025-10-13', 'YYYY-MM-DD'), 'Autoridad_5', 832);
INSERT INTO Documentaciones VALUES (1033, 'Pasaporte', TO_DATE('2020-03-30', 'YYYY-MM-DD'), TO_DATE('2023-03-30', 'YYYY-MM-DD'), 'Autoridad_3', 833);
INSERT INTO Documentaciones VALUES (1034, 'Pasaporte', TO_DATE('2022-12-26', 'YYYY-MM-DD'), TO_DATE('2025-12-25', 'YYYY-MM-DD'), 'Autoridad_1', 834);
INSERT INTO Documentaciones VALUES (1035, 'Cédula', TO_DATE('2020-05-22', 'YYYY-MM-DD'), TO_DATE('2023-05-22', 'YYYY-MM-DD'), 'Autoridad_4', 835);
INSERT INTO Documentaciones VALUES (1036, 'Contrato Laboral', TO_DATE('2021-07-30', 'YYYY-MM-DD'), TO_DATE('2024-07-29', 'YYYY-MM-DD'), 'Autoridad_2', 836);
INSERT INTO Documentaciones VALUES (1037, 'Contrato Laboral', TO_DATE('2020-01-05', 'YYYY-MM-DD'), TO_DATE('2023-01-04', 'YYYY-MM-DD'), 'Autoridad_2', 837);
INSERT INTO Documentaciones VALUES (1038, 'Contrato Laboral', TO_DATE('2020-08-11', 'YYYY-MM-DD'), TO_DATE('2023-08-11', 'YYYY-MM-DD'), 'Autoridad_5', 838);
INSERT INTO Documentaciones VALUES (1039, 'Pasaporte', TO_DATE('2021-11-15', 'YYYY-MM-DD'), TO_DATE('2024-11-14', 'YYYY-MM-DD'), 'Autoridad_4', 839);
INSERT INTO Documentaciones VALUES (1040, 'Cédula', TO_DATE('2021-06-21', 'YYYY-MM-DD'), TO_DATE('2024-06-20', 'YYYY-MM-DD'), 'Autoridad_5', 840);
INSERT INTO Documentaciones VALUES (1041, 'Contrato Laboral', TO_DATE('2021-02-17', 'YYYY-MM-DD'), TO_DATE('2024-02-17', 'YYYY-MM-DD'), 'Autoridad_2', 841);
INSERT INTO Documentaciones VALUES (1042, 'Contrato Laboral', TO_DATE('2021-05-11', 'YYYY-MM-DD'), TO_DATE('2024-05-10', 'YYYY-MM-DD'), 'Autoridad_3', 842);
INSERT INTO Documentaciones VALUES (1043, 'Pasaporte', TO_DATE('2022-03-19', 'YYYY-MM-DD'), TO_DATE('2025-03-18', 'YYYY-MM-DD'), 'Autoridad_3', 843);
INSERT INTO Documentaciones VALUES (1044, 'Pasaporte', TO_DATE('2022-09-26', 'YYYY-MM-DD'), TO_DATE('2025-09-25', 'YYYY-MM-DD'), 'Autoridad_4', 844);
INSERT INTO Documentaciones VALUES (1045, 'Visa', TO_DATE('2022-04-02', 'YYYY-MM-DD'), TO_DATE('2025-04-01', 'YYYY-MM-DD'), 'Autoridad_1', 845);
INSERT INTO Documentaciones VALUES (1046, 'Pasaporte', TO_DATE('2022-02-22', 'YYYY-MM-DD'), TO_DATE('2025-02-21', 'YYYY-MM-DD'), 'Autoridad_3', 846);
INSERT INTO Documentaciones VALUES (1047, 'Pasaporte', TO_DATE('2020-06-29', 'YYYY-MM-DD'), TO_DATE('2023-06-29', 'YYYY-MM-DD'), 'Autoridad_4', 847);
INSERT INTO Documentaciones VALUES (1048, 'Pasaporte', TO_DATE('2020-01-05', 'YYYY-MM-DD'), TO_DATE('2023-01-04', 'YYYY-MM-DD'), 'Autoridad_2', 848);
INSERT INTO Documentaciones VALUES (1049, 'Cédula', TO_DATE('2020-07-28', 'YYYY-MM-DD'), TO_DATE('2023-07-28', 'YYYY-MM-DD'), 'Autoridad_3', 849);
INSERT INTO Documentaciones VALUES (1050, 'Contrato Laboral', TO_DATE('2021-07-28', 'YYYY-MM-DD'), TO_DATE('2024-07-27', 'YYYY-MM-DD'), 'Autoridad_1', 850);
INSERT INTO Documentaciones VALUES (1051, 'Cédula', TO_DATE('2022-09-01', 'YYYY-MM-DD'), TO_DATE('2025-08-31', 'YYYY-MM-DD'), 'Autoridad_5', 851);
INSERT INTO Documentaciones VALUES (1052, 'Contrato Laboral', TO_DATE('2021-01-21', 'YYYY-MM-DD'), TO_DATE('2024-01-21', 'YYYY-MM-DD'), 'Autoridad_5', 852);
INSERT INTO Documentaciones VALUES (1053, 'Pasaporte', TO_DATE('2022-06-26', 'YYYY-MM-DD'), TO_DATE('2025-06-25', 'YYYY-MM-DD'), 'Autoridad_1', 853);
INSERT INTO Documentaciones VALUES (1054, 'Pasaporte', TO_DATE('2022-10-04', 'YYYY-MM-DD'), TO_DATE('2025-10-03', 'YYYY-MM-DD'), 'Autoridad_3', 854);
INSERT INTO Documentaciones VALUES (1055, 'Cédula', TO_DATE('2020-05-17', 'YYYY-MM-DD'), TO_DATE('2023-05-17', 'YYYY-MM-DD'), 'Autoridad_3', 855);
INSERT INTO Documentaciones VALUES (1056, 'Cédula', TO_DATE('2022-09-16', 'YYYY-MM-DD'), TO_DATE('2025-09-15', 'YYYY-MM-DD'), 'Autoridad_2', 856);
INSERT INTO Documentaciones VALUES (1057, 'Visa', TO_DATE('2022-09-02', 'YYYY-MM-DD'), TO_DATE('2025-09-01', 'YYYY-MM-DD'), 'Autoridad_4', 857);
INSERT INTO Documentaciones VALUES (1058, 'Contrato Laboral', TO_DATE('2022-10-25', 'YYYY-MM-DD'), TO_DATE('2025-10-24', 'YYYY-MM-DD'), 'Autoridad_3', 858);
INSERT INTO Documentaciones VALUES (1059, 'Contrato Laboral', TO_DATE('2020-05-19', 'YYYY-MM-DD'), TO_DATE('2023-05-19', 'YYYY-MM-DD'), 'Autoridad_2', 859);
INSERT INTO Documentaciones VALUES (1060, 'Pasaporte', TO_DATE('2020-06-12', 'YYYY-MM-DD'), TO_DATE('2023-06-12', 'YYYY-MM-DD'), 'Autoridad_5', 860);
INSERT INTO Documentaciones VALUES (1061, 'Contrato Laboral', TO_DATE('2021-05-26', 'YYYY-MM-DD'), TO_DATE('2024-05-25', 'YYYY-MM-DD'), 'Autoridad_4', 861);
INSERT INTO Documentaciones VALUES (1062, 'Visa', TO_DATE('2022-01-28', 'YYYY-MM-DD'), TO_DATE('2025-01-27', 'YYYY-MM-DD'), 'Autoridad_2', 862);
INSERT INTO Documentaciones VALUES (1063, 'Cédula', TO_DATE('2020-10-21', 'YYYY-MM-DD'), TO_DATE('2023-10-21', 'YYYY-MM-DD'), 'Autoridad_4', 863);
INSERT INTO Documentaciones VALUES (1064, 'Visa', TO_DATE('2021-09-01', 'YYYY-MM-DD'), TO_DATE('2024-08-31', 'YYYY-MM-DD'), 'Autoridad_2', 864);
INSERT INTO Documentaciones VALUES (1065, 'Visa', TO_DATE('2022-10-28', 'YYYY-MM-DD'), TO_DATE('2025-10-27', 'YYYY-MM-DD'), 'Autoridad_2', 865);
INSERT INTO Documentaciones VALUES (1066, 'Pasaporte', TO_DATE('2021-03-14', 'YYYY-MM-DD'), TO_DATE('2024-03-13', 'YYYY-MM-DD'), 'Autoridad_1', 866);
INSERT INTO Documentaciones VALUES (1067, 'Contrato Laboral', TO_DATE('2020-01-30', 'YYYY-MM-DD'), TO_DATE('2023-01-29', 'YYYY-MM-DD'), 'Autoridad_4', 867);
INSERT INTO Documentaciones VALUES (1068, 'Cédula', TO_DATE('2021-07-26', 'YYYY-MM-DD'), TO_DATE('2024-07-25', 'YYYY-MM-DD'), 'Autoridad_2', 868);
INSERT INTO Documentaciones VALUES (1069, 'Contrato Laboral', TO_DATE('2022-01-08', 'YYYY-MM-DD'), TO_DATE('2025-01-07', 'YYYY-MM-DD'), 'Autoridad_2', 869);
INSERT INTO Documentaciones VALUES (1070, 'Cédula', TO_DATE('2020-03-10', 'YYYY-MM-DD'), TO_DATE('2023-03-10', 'YYYY-MM-DD'), 'Autoridad_1', 870);
INSERT INTO Documentaciones VALUES (1071, 'Cédula', TO_DATE('2021-10-18', 'YYYY-MM-DD'), TO_DATE('2024-10-17', 'YYYY-MM-DD'), 'Autoridad_2', 871);
INSERT INTO Documentaciones VALUES (1072, 'Visa', TO_DATE('2022-08-28', 'YYYY-MM-DD'), TO_DATE('2025-08-27', 'YYYY-MM-DD'), 'Autoridad_1', 872);
INSERT INTO Documentaciones VALUES (1073, 'Cédula', TO_DATE('2021-05-13', 'YYYY-MM-DD'), TO_DATE('2024-05-12', 'YYYY-MM-DD'), 'Autoridad_5', 873);
INSERT INTO Documentaciones VALUES (1074, 'Contrato Laboral', TO_DATE('2022-05-17', 'YYYY-MM-DD'), TO_DATE('2025-05-16', 'YYYY-MM-DD'), 'Autoridad_4', 874);
INSERT INTO Documentaciones VALUES (1075, 'Visa', TO_DATE('2021-01-26', 'YYYY-MM-DD'), TO_DATE('2024-01-26', 'YYYY-MM-DD'), 'Autoridad_2', 875);
INSERT INTO Documentaciones VALUES (1076, 'Visa', TO_DATE('2021-11-02', 'YYYY-MM-DD'), TO_DATE('2024-11-01', 'YYYY-MM-DD'), 'Autoridad_5', 876);
INSERT INTO Documentaciones VALUES (1077, 'Pasaporte', TO_DATE('2020-12-26', 'YYYY-MM-DD'), TO_DATE('2023-12-26', 'YYYY-MM-DD'), 'Autoridad_1', 877);
INSERT INTO Documentaciones VALUES (1078, 'Visa', TO_DATE('2020-12-16', 'YYYY-MM-DD'), TO_DATE('2023-12-16', 'YYYY-MM-DD'), 'Autoridad_2', 878);
INSERT INTO Documentaciones VALUES (1079, 'Cédula', TO_DATE('2022-08-03', 'YYYY-MM-DD'), TO_DATE('2025-08-02', 'YYYY-MM-DD'), 'Autoridad_2', 879);
INSERT INTO Documentaciones VALUES (1080, 'Pasaporte', TO_DATE('2021-09-07', 'YYYY-MM-DD'), TO_DATE('2024-09-06', 'YYYY-MM-DD'), 'Autoridad_4', 880);
INSERT INTO Documentaciones VALUES (1081, 'Cédula', TO_DATE('2022-01-28', 'YYYY-MM-DD'), TO_DATE('2025-01-27', 'YYYY-MM-DD'), 'Autoridad_1', 881);
INSERT INTO Documentaciones VALUES (1082, 'Pasaporte', TO_DATE('2020-04-05', 'YYYY-MM-DD'), TO_DATE('2023-04-05', 'YYYY-MM-DD'), 'Autoridad_2', 882);
INSERT INTO Documentaciones VALUES (1083, 'Visa', TO_DATE('2021-05-31', 'YYYY-MM-DD'), TO_DATE('2024-05-30', 'YYYY-MM-DD'), 'Autoridad_4', 883);
INSERT INTO Documentaciones VALUES (1084, 'Visa', TO_DATE('2020-09-16', 'YYYY-MM-DD'), TO_DATE('2023-09-16', 'YYYY-MM-DD'), 'Autoridad_4', 884);
INSERT INTO Documentaciones VALUES (1085, 'Contrato Laboral', TO_DATE('2022-01-27', 'YYYY-MM-DD'), TO_DATE('2025-01-26', 'YYYY-MM-DD'), 'Autoridad_4', 885);
INSERT INTO Documentaciones VALUES (1086, 'Contrato Laboral', TO_DATE('2021-04-12', 'YYYY-MM-DD'), TO_DATE('2024-04-11', 'YYYY-MM-DD'), 'Autoridad_1', 886);
INSERT INTO Documentaciones VALUES (1087, 'Contrato Laboral', TO_DATE('2020-03-09', 'YYYY-MM-DD'), TO_DATE('2023-03-09', 'YYYY-MM-DD'), 'Autoridad_2', 887);
INSERT INTO Documentaciones VALUES (1088, 'Contrato Laboral', TO_DATE('2020-04-01', 'YYYY-MM-DD'), TO_DATE('2023-04-01', 'YYYY-MM-DD'), 'Autoridad_5', 888);
INSERT INTO Documentaciones VALUES (1089, 'Cédula', TO_DATE('2022-06-26', 'YYYY-MM-DD'), TO_DATE('2025-06-25', 'YYYY-MM-DD'), 'Autoridad_1', 889);
INSERT INTO Documentaciones VALUES (1090, 'Contrato Laboral', TO_DATE('2020-08-26', 'YYYY-MM-DD'), TO_DATE('2023-08-26', 'YYYY-MM-DD'), 'Autoridad_3', 890);
INSERT INTO Documentaciones VALUES (1091, 'Visa', TO_DATE('2022-11-23', 'YYYY-MM-DD'), TO_DATE('2025-11-22', 'YYYY-MM-DD'), 'Autoridad_5', 891);
INSERT INTO Documentaciones VALUES (1092, 'Cédula', TO_DATE('2020-02-22', 'YYYY-MM-DD'), TO_DATE('2023-02-21', 'YYYY-MM-DD'), 'Autoridad_5', 892);
INSERT INTO Documentaciones VALUES (1093, 'Pasaporte', TO_DATE('2021-10-27', 'YYYY-MM-DD'), TO_DATE('2024-10-26', 'YYYY-MM-DD'), 'Autoridad_2', 893);
INSERT INTO Documentaciones VALUES (1094, 'Cédula', TO_DATE('2020-06-15', 'YYYY-MM-DD'), TO_DATE('2023-06-15', 'YYYY-MM-DD'), 'Autoridad_5', 894);
INSERT INTO Documentaciones VALUES (1095, 'Pasaporte', TO_DATE('2020-04-17', 'YYYY-MM-DD'), TO_DATE('2023-04-17', 'YYYY-MM-DD'), 'Autoridad_4', 895);
INSERT INTO Documentaciones VALUES (1096, 'Pasaporte', TO_DATE('2022-07-31', 'YYYY-MM-DD'), TO_DATE('2025-07-30', 'YYYY-MM-DD'), 'Autoridad_3', 896);
INSERT INTO Documentaciones VALUES (1097, 'Pasaporte', TO_DATE('2020-01-15', 'YYYY-MM-DD'), TO_DATE('2023-01-14', 'YYYY-MM-DD'), 'Autoridad_4', 897);
INSERT INTO Documentaciones VALUES (1098, 'Cédula', TO_DATE('2021-07-20', 'YYYY-MM-DD'), TO_DATE('2024-07-19', 'YYYY-MM-DD'), 'Autoridad_4', 898);
INSERT INTO Documentaciones VALUES (1099, 'Contrato Laboral', TO_DATE('2021-01-05', 'YYYY-MM-DD'), TO_DATE('2024-01-05', 'YYYY-MM-DD'), 'Autoridad_1', 899);
INSERT INTO Documentaciones VALUES (1100, 'Contrato Laboral', TO_DATE('2022-02-01', 'YYYY-MM-DD'), TO_DATE('2025-01-31', 'YYYY-MM-DD'), 'Autoridad_3', 900);
INSERT INTO Documentaciones VALUES (1101, 'Contrato Laboral', TO_DATE('2021-11-23', 'YYYY-MM-DD'), TO_DATE('2024-11-22', 'YYYY-MM-DD'), 'Autoridad_4', 901);
INSERT INTO Documentaciones VALUES (1102, 'Cédula', TO_DATE('2021-04-25', 'YYYY-MM-DD'), TO_DATE('2024-04-24', 'YYYY-MM-DD'), 'Autoridad_5', 902);
INSERT INTO Documentaciones VALUES (1103, 'Visa', TO_DATE('2022-03-15', 'YYYY-MM-DD'), TO_DATE('2025-03-14', 'YYYY-MM-DD'), 'Autoridad_2', 903);
INSERT INTO Documentaciones VALUES (1104, 'Pasaporte', TO_DATE('2021-06-06', 'YYYY-MM-DD'), TO_DATE('2024-06-05', 'YYYY-MM-DD'), 'Autoridad_3', 904);
INSERT INTO Documentaciones VALUES (1105, 'Visa', TO_DATE('2020-06-06', 'YYYY-MM-DD'), TO_DATE('2023-06-06', 'YYYY-MM-DD'), 'Autoridad_2', 905);
INSERT INTO Documentaciones VALUES (1106, 'Pasaporte', TO_DATE('2020-12-11', 'YYYY-MM-DD'), TO_DATE('2023-12-11', 'YYYY-MM-DD'), 'Autoridad_3', 906);
INSERT INTO Documentaciones VALUES (1107, 'Cédula', TO_DATE('2021-05-18', 'YYYY-MM-DD'), TO_DATE('2024-05-17', 'YYYY-MM-DD'), 'Autoridad_2', 907);
INSERT INTO Documentaciones VALUES (1108, 'Cédula', TO_DATE('2020-11-30', 'YYYY-MM-DD'), TO_DATE('2023-11-30', 'YYYY-MM-DD'), 'Autoridad_4', 908);
INSERT INTO Documentaciones VALUES (1109, 'Pasaporte', TO_DATE('2021-09-27', 'YYYY-MM-DD'), TO_DATE('2024-09-26', 'YYYY-MM-DD'), 'Autoridad_4', 909);
INSERT INTO Documentaciones VALUES (1110, 'Visa', TO_DATE('2020-07-04', 'YYYY-MM-DD'), TO_DATE('2023-07-04', 'YYYY-MM-DD'), 'Autoridad_1', 910);
INSERT INTO Documentaciones VALUES (1111, 'Pasaporte', TO_DATE('2022-02-02', 'YYYY-MM-DD'), TO_DATE('2025-02-01', 'YYYY-MM-DD'), 'Autoridad_3', 911);
INSERT INTO Documentaciones VALUES (1112, 'Pasaporte', TO_DATE('2022-10-29', 'YYYY-MM-DD'), TO_DATE('2025-10-28', 'YYYY-MM-DD'), 'Autoridad_4', 912);
INSERT INTO Documentaciones VALUES (1113, 'Pasaporte', TO_DATE('2021-12-06', 'YYYY-MM-DD'), TO_DATE('2024-12-05', 'YYYY-MM-DD'), 'Autoridad_2', 913);
INSERT INTO Documentaciones VALUES (1114, 'Contrato Laboral', TO_DATE('2020-02-12', 'YYYY-MM-DD'), TO_DATE('2023-02-11', 'YYYY-MM-DD'), 'Autoridad_1', 914);
INSERT INTO Documentaciones VALUES (1115, 'Pasaporte', TO_DATE('2021-05-05', 'YYYY-MM-DD'), TO_DATE('2024-05-04', 'YYYY-MM-DD'), 'Autoridad_5', 915);
INSERT INTO Documentaciones VALUES (1116, 'Pasaporte', TO_DATE('2021-07-01', 'YYYY-MM-DD'), TO_DATE('2024-06-30', 'YYYY-MM-DD'), 'Autoridad_1', 916);
INSERT INTO Documentaciones VALUES (1117, 'Contrato Laboral', TO_DATE('2021-10-24', 'YYYY-MM-DD'), TO_DATE('2024-10-23', 'YYYY-MM-DD'), 'Autoridad_1', 917);
INSERT INTO Documentaciones VALUES (1118, 'Visa', TO_DATE('2020-10-07', 'YYYY-MM-DD'), TO_DATE('2023-10-07', 'YYYY-MM-DD'), 'Autoridad_4', 918);
INSERT INTO Documentaciones VALUES (1119, 'Cédula', TO_DATE('2021-03-20', 'YYYY-MM-DD'), TO_DATE('2024-03-19', 'YYYY-MM-DD'), 'Autoridad_1', 919);
INSERT INTO Documentaciones VALUES (1120, 'Pasaporte', TO_DATE('2021-02-02', 'YYYY-MM-DD'), TO_DATE('2024-02-02', 'YYYY-MM-DD'), 'Autoridad_3', 920);
INSERT INTO Documentaciones VALUES (1121, 'Contrato Laboral', TO_DATE('2022-01-28', 'YYYY-MM-DD'), TO_DATE('2025-01-27', 'YYYY-MM-DD'), 'Autoridad_4', 921);
INSERT INTO Documentaciones VALUES (1122, 'Cédula', TO_DATE('2022-01-02', 'YYYY-MM-DD'), TO_DATE('2025-01-01', 'YYYY-MM-DD'), 'Autoridad_4', 922);
INSERT INTO Documentaciones VALUES (1123, 'Cédula', TO_DATE('2022-08-22', 'YYYY-MM-DD'), TO_DATE('2025-08-21', 'YYYY-MM-DD'), 'Autoridad_2', 923);
INSERT INTO Documentaciones VALUES (1124, 'Contrato Laboral', TO_DATE('2020-10-17', 'YYYY-MM-DD'), TO_DATE('2023-10-17', 'YYYY-MM-DD'), 'Autoridad_2', 924);
INSERT INTO Documentaciones VALUES (1125, 'Contrato Laboral', TO_DATE('2020-06-14', 'YYYY-MM-DD'), TO_DATE('2023-06-14', 'YYYY-MM-DD'), 'Autoridad_4', 925);
INSERT INTO Documentaciones VALUES (1126, 'Pasaporte', TO_DATE('2022-10-21', 'YYYY-MM-DD'), TO_DATE('2025-10-20', 'YYYY-MM-DD'), 'Autoridad_3', 926);
INSERT INTO Documentaciones VALUES (1127, 'Contrato Laboral', TO_DATE('2021-01-02', 'YYYY-MM-DD'), TO_DATE('2024-01-02', 'YYYY-MM-DD'), 'Autoridad_3', 927);
INSERT INTO Documentaciones VALUES (1128, 'Visa', TO_DATE('2021-05-02', 'YYYY-MM-DD'), TO_DATE('2024-05-01', 'YYYY-MM-DD'), 'Autoridad_4', 928);
INSERT INTO Documentaciones VALUES (1129, 'Cédula', TO_DATE('2020-05-16', 'YYYY-MM-DD'), TO_DATE('2023-05-16', 'YYYY-MM-DD'), 'Autoridad_3', 929);
INSERT INTO Documentaciones VALUES (1130, 'Pasaporte', TO_DATE('2020-02-26', 'YYYY-MM-DD'), TO_DATE('2023-02-25', 'YYYY-MM-DD'), 'Autoridad_1', 930);
INSERT INTO Documentaciones VALUES (1131, 'Visa', TO_DATE('2020-03-19', 'YYYY-MM-DD'), TO_DATE('2023-03-19', 'YYYY-MM-DD'), 'Autoridad_5', 931);
INSERT INTO Documentaciones VALUES (1132, 'Visa', TO_DATE('2021-09-11', 'YYYY-MM-DD'), TO_DATE('2024-09-10', 'YYYY-MM-DD'), 'Autoridad_5', 932);
INSERT INTO Documentaciones VALUES (1133, 'Visa', TO_DATE('2020-06-15', 'YYYY-MM-DD'), TO_DATE('2023-06-15', 'YYYY-MM-DD'), 'Autoridad_1', 933);
INSERT INTO Documentaciones VALUES (1134, 'Pasaporte', TO_DATE('2022-08-05', 'YYYY-MM-DD'), TO_DATE('2025-08-04', 'YYYY-MM-DD'), 'Autoridad_2', 934);
INSERT INTO Documentaciones VALUES (1135, 'Cédula', TO_DATE('2020-04-01', 'YYYY-MM-DD'), TO_DATE('2023-04-01', 'YYYY-MM-DD'), 'Autoridad_4', 935);
INSERT INTO Documentaciones VALUES (1136, 'Contrato Laboral', TO_DATE('2020-06-09', 'YYYY-MM-DD'), TO_DATE('2023-06-09', 'YYYY-MM-DD'), 'Autoridad_4', 936);
INSERT INTO Documentaciones VALUES (1137, 'Contrato Laboral', TO_DATE('2021-06-17', 'YYYY-MM-DD'), TO_DATE('2024-06-16', 'YYYY-MM-DD'), 'Autoridad_2', 937);
INSERT INTO Documentaciones VALUES (1138, 'Cédula', TO_DATE('2020-08-08', 'YYYY-MM-DD'), TO_DATE('2023-08-08', 'YYYY-MM-DD'), 'Autoridad_2', 938);
INSERT INTO Documentaciones VALUES (1139, 'Visa', TO_DATE('2021-01-28', 'YYYY-MM-DD'), TO_DATE('2024-01-28', 'YYYY-MM-DD'), 'Autoridad_4', 939);
INSERT INTO Documentaciones VALUES (1140, 'Pasaporte', TO_DATE('2020-12-21', 'YYYY-MM-DD'), TO_DATE('2023-12-21', 'YYYY-MM-DD'), 'Autoridad_3', 940);
INSERT INTO Documentaciones VALUES (1141, 'Cédula', TO_DATE('2020-05-15', 'YYYY-MM-DD'), TO_DATE('2023-05-15', 'YYYY-MM-DD'), 'Autoridad_4', 941);
INSERT INTO Documentaciones VALUES (1142, 'Pasaporte', TO_DATE('2022-03-09', 'YYYY-MM-DD'), TO_DATE('2025-03-08', 'YYYY-MM-DD'), 'Autoridad_5', 942);
INSERT INTO Documentaciones VALUES (1143, 'Contrato Laboral', TO_DATE('2020-02-21', 'YYYY-MM-DD'), TO_DATE('2023-02-20', 'YYYY-MM-DD'), 'Autoridad_2', 943);
INSERT INTO Documentaciones VALUES (1144, 'Visa', TO_DATE('2022-01-29', 'YYYY-MM-DD'), TO_DATE('2025-01-28', 'YYYY-MM-DD'), 'Autoridad_5', 944);
INSERT INTO Documentaciones VALUES (1145, 'Contrato Laboral', TO_DATE('2021-02-27', 'YYYY-MM-DD'), TO_DATE('2024-02-27', 'YYYY-MM-DD'), 'Autoridad_3', 945);
INSERT INTO Documentaciones VALUES (1146, 'Visa', TO_DATE('2022-05-12', 'YYYY-MM-DD'), TO_DATE('2025-05-11', 'YYYY-MM-DD'), 'Autoridad_2', 946);
INSERT INTO Documentaciones VALUES (1147, 'Visa', TO_DATE('2021-10-20', 'YYYY-MM-DD'), TO_DATE('2024-10-19', 'YYYY-MM-DD'), 'Autoridad_3', 947);
INSERT INTO Documentaciones VALUES (1148, 'Contrato Laboral', TO_DATE('2021-05-16', 'YYYY-MM-DD'), TO_DATE('2024-05-15', 'YYYY-MM-DD'), 'Autoridad_3', 948);
INSERT INTO Documentaciones VALUES (1149, 'Pasaporte', TO_DATE('2021-08-24', 'YYYY-MM-DD'), TO_DATE('2024-08-23', 'YYYY-MM-DD'), 'Autoridad_4', 949);
INSERT INTO Documentaciones VALUES (1150, 'Visa', TO_DATE('2020-12-10', 'YYYY-MM-DD'), TO_DATE('2023-12-10', 'YYYY-MM-DD'), 'Autoridad_1', 950);
INSERT INTO Documentaciones VALUES (1151, 'Cédula', TO_DATE('2020-03-05', 'YYYY-MM-DD'), TO_DATE('2023-03-05', 'YYYY-MM-DD'), 'Autoridad_3', 951);
INSERT INTO Documentaciones VALUES (1152, 'Pasaporte', TO_DATE('2022-04-19', 'YYYY-MM-DD'), TO_DATE('2025-04-18', 'YYYY-MM-DD'), 'Autoridad_4', 952);
INSERT INTO Documentaciones VALUES (1153, 'Contrato Laboral', TO_DATE('2021-12-07', 'YYYY-MM-DD'), TO_DATE('2024-12-06', 'YYYY-MM-DD'), 'Autoridad_4', 953);
INSERT INTO Documentaciones VALUES (1154, 'Cédula', TO_DATE('2022-05-23', 'YYYY-MM-DD'), TO_DATE('2025-05-22', 'YYYY-MM-DD'), 'Autoridad_3', 954);
INSERT INTO Documentaciones VALUES (1155, 'Contrato Laboral', TO_DATE('2020-10-20', 'YYYY-MM-DD'), TO_DATE('2023-10-20', 'YYYY-MM-DD'), 'Autoridad_4', 955);
INSERT INTO Documentaciones VALUES (1156, 'Visa', TO_DATE('2020-07-28', 'YYYY-MM-DD'), TO_DATE('2023-07-28', 'YYYY-MM-DD'), 'Autoridad_2', 956);
INSERT INTO Documentaciones VALUES (1157, 'Cédula', TO_DATE('2021-01-29', 'YYYY-MM-DD'), TO_DATE('2024-01-29', 'YYYY-MM-DD'), 'Autoridad_1', 957);
INSERT INTO Documentaciones VALUES (1158, 'Contrato Laboral', TO_DATE('2022-11-25', 'YYYY-MM-DD'), TO_DATE('2025-11-24', 'YYYY-MM-DD'), 'Autoridad_3', 958);
INSERT INTO Documentaciones VALUES (1159, 'Visa', TO_DATE('2022-05-16', 'YYYY-MM-DD'), TO_DATE('2025-05-15', 'YYYY-MM-DD'), 'Autoridad_1', 959);
INSERT INTO Documentaciones VALUES (1160, 'Contrato Laboral', TO_DATE('2021-05-17', 'YYYY-MM-DD'), TO_DATE('2024-05-16', 'YYYY-MM-DD'), 'Autoridad_1', 960);
INSERT INTO Documentaciones VALUES (1161, 'Contrato Laboral', TO_DATE('2021-11-10', 'YYYY-MM-DD'), TO_DATE('2024-11-09', 'YYYY-MM-DD'), 'Autoridad_3', 961);
INSERT INTO Documentaciones VALUES (1162, 'Visa', TO_DATE('2021-08-31', 'YYYY-MM-DD'), TO_DATE('2024-08-30', 'YYYY-MM-DD'), 'Autoridad_3', 962);
INSERT INTO Documentaciones VALUES (1163, 'Pasaporte', TO_DATE('2020-12-26', 'YYYY-MM-DD'), TO_DATE('2023-12-26', 'YYYY-MM-DD'), 'Autoridad_5', 963);
INSERT INTO Documentaciones VALUES (1164, 'Contrato Laboral', TO_DATE('2021-11-29', 'YYYY-MM-DD'), TO_DATE('2024-11-28', 'YYYY-MM-DD'), 'Autoridad_5', 964);
INSERT INTO Documentaciones VALUES (1165, 'Pasaporte', TO_DATE('2022-08-15', 'YYYY-MM-DD'), TO_DATE('2025-08-14', 'YYYY-MM-DD'), 'Autoridad_5', 965);
INSERT INTO Documentaciones VALUES (1166, 'Visa', TO_DATE('2020-06-19', 'YYYY-MM-DD'), TO_DATE('2023-06-19', 'YYYY-MM-DD'), 'Autoridad_5', 966);
INSERT INTO Documentaciones VALUES (1167, 'Visa', TO_DATE('2021-10-10', 'YYYY-MM-DD'), TO_DATE('2024-10-09', 'YYYY-MM-DD'), 'Autoridad_4', 967);
INSERT INTO Documentaciones VALUES (1168, 'Contrato Laboral', TO_DATE('2020-04-21', 'YYYY-MM-DD'), TO_DATE('2023-04-21', 'YYYY-MM-DD'), 'Autoridad_3', 968);
INSERT INTO Documentaciones VALUES (1169, 'Contrato Laboral', TO_DATE('2022-02-24', 'YYYY-MM-DD'), TO_DATE('2025-02-23', 'YYYY-MM-DD'), 'Autoridad_4', 969);
INSERT INTO Documentaciones VALUES (1170, 'Pasaporte', TO_DATE('2020-05-01', 'YYYY-MM-DD'), TO_DATE('2023-05-01', 'YYYY-MM-DD'), 'Autoridad_1', 970);
INSERT INTO Documentaciones VALUES (1171, 'Cédula', TO_DATE('2020-06-09', 'YYYY-MM-DD'), TO_DATE('2023-06-09', 'YYYY-MM-DD'), 'Autoridad_1', 971);
INSERT INTO Documentaciones VALUES (1172, 'Cédula', TO_DATE('2021-02-19', 'YYYY-MM-DD'), TO_DATE('2024-02-19', 'YYYY-MM-DD'), 'Autoridad_4', 972);
INSERT INTO Documentaciones VALUES (1173, 'Visa', TO_DATE('2022-11-18', 'YYYY-MM-DD'), TO_DATE('2025-11-17', 'YYYY-MM-DD'), 'Autoridad_3', 973);
INSERT INTO Documentaciones VALUES (1174, 'Pasaporte', TO_DATE('2022-01-04', 'YYYY-MM-DD'), TO_DATE('2025-01-03', 'YYYY-MM-DD'), 'Autoridad_1', 974);
INSERT INTO Documentaciones VALUES (1175, 'Contrato Laboral', TO_DATE('2021-03-29', 'YYYY-MM-DD'), TO_DATE('2024-03-28', 'YYYY-MM-DD'), 'Autoridad_3', 975);
INSERT INTO Documentaciones VALUES (1176, 'Cédula', TO_DATE('2020-05-21', 'YYYY-MM-DD'), TO_DATE('2023-05-21', 'YYYY-MM-DD'), 'Autoridad_3', 976);
INSERT INTO Documentaciones VALUES (1177, 'Cédula', TO_DATE('2021-06-21', 'YYYY-MM-DD'), TO_DATE('2024-06-20', 'YYYY-MM-DD'), 'Autoridad_4', 977);
INSERT INTO Documentaciones VALUES (1178, 'Pasaporte', TO_DATE('2022-12-15', 'YYYY-MM-DD'), TO_DATE('2025-12-14', 'YYYY-MM-DD'), 'Autoridad_5', 978);
INSERT INTO Documentaciones VALUES (1179, 'Contrato Laboral', TO_DATE('2022-03-06', 'YYYY-MM-DD'), TO_DATE('2025-03-05', 'YYYY-MM-DD'), 'Autoridad_3', 979);
INSERT INTO Documentaciones VALUES (1180, 'Visa', TO_DATE('2021-02-15', 'YYYY-MM-DD'), TO_DATE('2024-02-15', 'YYYY-MM-DD'), 'Autoridad_2', 980);
INSERT INTO Documentaciones VALUES (1181, 'Visa', TO_DATE('2022-02-25', 'YYYY-MM-DD'), TO_DATE('2025-02-24', 'YYYY-MM-DD'), 'Autoridad_4', 981);
INSERT INTO Documentaciones VALUES (1182, 'Contrato Laboral', TO_DATE('2020-06-22', 'YYYY-MM-DD'), TO_DATE('2023-06-22', 'YYYY-MM-DD'), 'Autoridad_2', 982);
INSERT INTO Documentaciones VALUES (1183, 'Pasaporte', TO_DATE('2021-07-22', 'YYYY-MM-DD'), TO_DATE('2024-07-21', 'YYYY-MM-DD'), 'Autoridad_2', 983);
INSERT INTO Documentaciones VALUES (1184, 'Contrato Laboral', TO_DATE('2020-11-26', 'YYYY-MM-DD'), TO_DATE('2023-11-26', 'YYYY-MM-DD'), 'Autoridad_5', 984);
INSERT INTO Documentaciones VALUES (1185, 'Pasaporte', TO_DATE('2020-10-24', 'YYYY-MM-DD'), TO_DATE('2023-10-24', 'YYYY-MM-DD'), 'Autoridad_3', 985);
INSERT INTO Documentaciones VALUES (1186, 'Pasaporte', TO_DATE('2021-01-20', 'YYYY-MM-DD'), TO_DATE('2024-01-20', 'YYYY-MM-DD'), 'Autoridad_4', 986);
INSERT INTO Documentaciones VALUES (1187, 'Visa', TO_DATE('2021-07-18', 'YYYY-MM-DD'), TO_DATE('2024-07-17', 'YYYY-MM-DD'), 'Autoridad_5', 987);
INSERT INTO Documentaciones VALUES (1188, 'Visa', TO_DATE('2021-11-18', 'YYYY-MM-DD'), TO_DATE('2024-11-17', 'YYYY-MM-DD'), 'Autoridad_5', 988);
INSERT INTO Documentaciones VALUES (1189, 'Contrato Laboral', TO_DATE('2022-10-01', 'YYYY-MM-DD'), TO_DATE('2025-09-30', 'YYYY-MM-DD'), 'Autoridad_5', 989);
INSERT INTO Documentaciones VALUES (1190, 'Contrato Laboral', TO_DATE('2022-07-28', 'YYYY-MM-DD'), TO_DATE('2025-07-27', 'YYYY-MM-DD'), 'Autoridad_2', 990);
INSERT INTO Documentaciones VALUES (1191, 'Cédula', TO_DATE('2021-08-22', 'YYYY-MM-DD'), TO_DATE('2024-08-21', 'YYYY-MM-DD'), 'Autoridad_4', 991);
INSERT INTO Documentaciones VALUES (1192, 'Cédula', TO_DATE('2021-10-14', 'YYYY-MM-DD'), TO_DATE('2024-10-13', 'YYYY-MM-DD'), 'Autoridad_5', 992);
INSERT INTO Documentaciones VALUES (1193, 'Pasaporte', TO_DATE('2021-03-04', 'YYYY-MM-DD'), TO_DATE('2024-03-03', 'YYYY-MM-DD'), 'Autoridad_2', 993);
INSERT INTO Documentaciones VALUES (1194, 'Pasaporte', TO_DATE('2022-03-31', 'YYYY-MM-DD'), TO_DATE('2025-03-30', 'YYYY-MM-DD'), 'Autoridad_5', 994);
INSERT INTO Documentaciones VALUES (1195, 'Pasaporte', TO_DATE('2021-07-31', 'YYYY-MM-DD'), TO_DATE('2024-07-30', 'YYYY-MM-DD'), 'Autoridad_1', 995);
INSERT INTO Documentaciones VALUES (1196, 'Visa', TO_DATE('2020-03-16', 'YYYY-MM-DD'), TO_DATE('2023-03-16', 'YYYY-MM-DD'), 'Autoridad_4', 996);
INSERT INTO Documentaciones VALUES (1197, 'Cédula', TO_DATE('2020-06-12', 'YYYY-MM-DD'), TO_DATE('2023-06-12', 'YYYY-MM-DD'), 'Autoridad_2', 997);
INSERT INTO Documentaciones VALUES (1198, 'Contrato Laboral', TO_DATE('2022-10-07', 'YYYY-MM-DD'), TO_DATE('2025-10-06', 'YYYY-MM-DD'), 'Autoridad_2', 998);
INSERT INTO Documentaciones VALUES (1199, 'Pasaporte', TO_DATE('2020-12-06', 'YYYY-MM-DD'), TO_DATE('2023-12-06', 'YYYY-MM-DD'), 'Autoridad_1', 999);
INSERT INTO Documentaciones VALUES (1200, 'Visa', TO_DATE('2022-11-21', 'YYYY-MM-DD'), TO_DATE('2025-11-20', 'YYYY-MM-DD'), 'Autoridad_3', 1000);
INSERT INTO Documentaciones VALUES (1201, 'Contrato Laboral', TO_DATE('2021-10-15', 'YYYY-MM-DD'), TO_DATE('2024-10-14', 'YYYY-MM-DD'), 'Autoridad_1', 1001);
INSERT INTO Documentaciones VALUES (1202, 'Pasaporte', TO_DATE('2020-10-05', 'YYYY-MM-DD'), TO_DATE('2023-10-05', 'YYYY-MM-DD'), 'Autoridad_3', 1002);
INSERT INTO Documentaciones VALUES (1203, 'Pasaporte', TO_DATE('2021-03-14', 'YYYY-MM-DD'), TO_DATE('2024-03-13', 'YYYY-MM-DD'), 'Autoridad_3', 1003);
INSERT INTO Documentaciones VALUES (1204, 'Contrato Laboral', TO_DATE('2022-06-26', 'YYYY-MM-DD'), TO_DATE('2025-06-25', 'YYYY-MM-DD'), 'Autoridad_5', 1004);
INSERT INTO Documentaciones VALUES (1205, 'Cédula', TO_DATE('2022-09-23', 'YYYY-MM-DD'), TO_DATE('2025-09-22', 'YYYY-MM-DD'), 'Autoridad_2', 1005);
INSERT INTO Documentaciones VALUES (1206, 'Contrato Laboral', TO_DATE('2021-03-07', 'YYYY-MM-DD'), TO_DATE('2024-03-06', 'YYYY-MM-DD'), 'Autoridad_5', 1006);
INSERT INTO Documentaciones VALUES (1207, 'Visa', TO_DATE('2021-06-11', 'YYYY-MM-DD'), TO_DATE('2024-06-10', 'YYYY-MM-DD'), 'Autoridad_1', 1007);
INSERT INTO Documentaciones VALUES (1208, 'Pasaporte', TO_DATE('2022-10-20', 'YYYY-MM-DD'), TO_DATE('2025-10-19', 'YYYY-MM-DD'), 'Autoridad_2', 1008);
INSERT INTO Documentaciones VALUES (1209, 'Visa', TO_DATE('2021-11-21', 'YYYY-MM-DD'), TO_DATE('2024-11-20', 'YYYY-MM-DD'), 'Autoridad_3', 1009);
INSERT INTO Documentaciones VALUES (1210, 'Cédula', TO_DATE('2021-12-03', 'YYYY-MM-DD'), TO_DATE('2024-12-02', 'YYYY-MM-DD'), 'Autoridad_3', 1010);
INSERT INTO Documentaciones VALUES (1211, 'Contrato Laboral', TO_DATE('2022-07-28', 'YYYY-MM-DD'), TO_DATE('2025-07-27', 'YYYY-MM-DD'), 'Autoridad_3', 1011);
INSERT INTO Documentaciones VALUES (1212, 'Contrato Laboral', TO_DATE('2022-05-03', 'YYYY-MM-DD'), TO_DATE('2025-05-02', 'YYYY-MM-DD'), 'Autoridad_5', 1012);
INSERT INTO Documentaciones VALUES (1213, 'Pasaporte', TO_DATE('2020-04-18', 'YYYY-MM-DD'), TO_DATE('2023-04-18', 'YYYY-MM-DD'), 'Autoridad_3', 1013);
INSERT INTO Documentaciones VALUES (1214, 'Pasaporte', TO_DATE('2021-04-09', 'YYYY-MM-DD'), TO_DATE('2024-04-08', 'YYYY-MM-DD'), 'Autoridad_5', 1014);
INSERT INTO Documentaciones VALUES (1215, 'Visa', TO_DATE('2020-08-19', 'YYYY-MM-DD'), TO_DATE('2023-08-19', 'YYYY-MM-DD'), 'Autoridad_4', 1015);
INSERT INTO Documentaciones VALUES (1216, 'Cédula', TO_DATE('2022-10-21', 'YYYY-MM-DD'), TO_DATE('2025-10-20', 'YYYY-MM-DD'), 'Autoridad_2', 1016);
INSERT INTO Documentaciones VALUES (1217, 'Pasaporte', TO_DATE('2022-06-13', 'YYYY-MM-DD'), TO_DATE('2025-06-12', 'YYYY-MM-DD'), 'Autoridad_2', 1017);
INSERT INTO Documentaciones VALUES (1218, 'Pasaporte', TO_DATE('2020-04-24', 'YYYY-MM-DD'), TO_DATE('2023-04-24', 'YYYY-MM-DD'), 'Autoridad_3', 1018);
INSERT INTO Documentaciones VALUES (1219, 'Visa', TO_DATE('2022-03-31', 'YYYY-MM-DD'), TO_DATE('2025-03-30', 'YYYY-MM-DD'), 'Autoridad_5', 1019);
INSERT INTO Documentaciones VALUES (1220, 'Visa', TO_DATE('2021-06-15', 'YYYY-MM-DD'), TO_DATE('2024-06-14', 'YYYY-MM-DD'), 'Autoridad_4', 1020);
INSERT INTO Documentaciones VALUES (1221, 'Cédula', TO_DATE('2021-04-28', 'YYYY-MM-DD'), TO_DATE('2024-04-27', 'YYYY-MM-DD'), 'Autoridad_1', 1021);
INSERT INTO Documentaciones VALUES (1222, 'Pasaporte', TO_DATE('2021-12-08', 'YYYY-MM-DD'), TO_DATE('2024-12-07', 'YYYY-MM-DD'), 'Autoridad_3', 1022);
INSERT INTO Documentaciones VALUES (1223, 'Pasaporte', TO_DATE('2020-06-05', 'YYYY-MM-DD'), TO_DATE('2023-06-05', 'YYYY-MM-DD'), 'Autoridad_2', 1023);
INSERT INTO Documentaciones VALUES (1224, 'Pasaporte', TO_DATE('2020-09-25', 'YYYY-MM-DD'), TO_DATE('2023-09-25', 'YYYY-MM-DD'), 'Autoridad_5', 1024);
INSERT INTO Documentaciones VALUES (1225, 'Cédula', TO_DATE('2021-05-07', 'YYYY-MM-DD'), TO_DATE('2024-05-06', 'YYYY-MM-DD'), 'Autoridad_3', 1025);
INSERT INTO Documentaciones VALUES (1226, 'Visa', TO_DATE('2021-04-19', 'YYYY-MM-DD'), TO_DATE('2024-04-18', 'YYYY-MM-DD'), 'Autoridad_4', 1026);
INSERT INTO Documentaciones VALUES (1227, 'Contrato Laboral', TO_DATE('2020-06-15', 'YYYY-MM-DD'), TO_DATE('2023-06-15', 'YYYY-MM-DD'), 'Autoridad_1', 1027);
INSERT INTO Documentaciones VALUES (1228, 'Pasaporte', TO_DATE('2022-03-16', 'YYYY-MM-DD'), TO_DATE('2025-03-15', 'YYYY-MM-DD'), 'Autoridad_1', 1028);
INSERT INTO Documentaciones VALUES (1229, 'Contrato Laboral', TO_DATE('2021-12-24', 'YYYY-MM-DD'), TO_DATE('2024-12-23', 'YYYY-MM-DD'), 'Autoridad_4', 1029);
INSERT INTO Documentaciones VALUES (1230, 'Contrato Laboral', TO_DATE('2021-05-14', 'YYYY-MM-DD'), TO_DATE('2024-05-13', 'YYYY-MM-DD'), 'Autoridad_1', 1030);
INSERT INTO Documentaciones VALUES (1231, 'Cédula', TO_DATE('2021-07-07', 'YYYY-MM-DD'), TO_DATE('2024-07-06', 'YYYY-MM-DD'), 'Autoridad_3', 1031);
INSERT INTO Documentaciones VALUES (1232, 'Visa', TO_DATE('2022-02-04', 'YYYY-MM-DD'), TO_DATE('2025-02-03', 'YYYY-MM-DD'), 'Autoridad_2', 1032);
INSERT INTO Documentaciones VALUES (1233, 'Cédula', TO_DATE('2021-07-06', 'YYYY-MM-DD'), TO_DATE('2024-07-05', 'YYYY-MM-DD'), 'Autoridad_2', 1033);
INSERT INTO Documentaciones VALUES (1234, 'Contrato Laboral', TO_DATE('2021-08-25', 'YYYY-MM-DD'), TO_DATE('2024-08-24', 'YYYY-MM-DD'), 'Autoridad_4', 1034);
INSERT INTO Documentaciones VALUES (1235, 'Contrato Laboral', TO_DATE('2020-08-08', 'YYYY-MM-DD'), TO_DATE('2023-08-08', 'YYYY-MM-DD'), 'Autoridad_4', 1035);
INSERT INTO Documentaciones VALUES (1236, 'Contrato Laboral', TO_DATE('2022-10-10', 'YYYY-MM-DD'), TO_DATE('2025-10-09', 'YYYY-MM-DD'), 'Autoridad_1', 1036);
INSERT INTO Documentaciones VALUES (1237, 'Contrato Laboral', TO_DATE('2021-04-25', 'YYYY-MM-DD'), TO_DATE('2024-04-24', 'YYYY-MM-DD'), 'Autoridad_5', 1037);
INSERT INTO Documentaciones VALUES (1238, 'Visa', TO_DATE('2021-12-25', 'YYYY-MM-DD'), TO_DATE('2024-12-24', 'YYYY-MM-DD'), 'Autoridad_5', 1038);
INSERT INTO Documentaciones VALUES (1239, 'Contrato Laboral', TO_DATE('2021-05-04', 'YYYY-MM-DD'), TO_DATE('2024-05-03', 'YYYY-MM-DD'), 'Autoridad_4', 1039);
INSERT INTO Documentaciones VALUES (1240, 'Cédula', TO_DATE('2020-02-19', 'YYYY-MM-DD'), TO_DATE('2023-02-18', 'YYYY-MM-DD'), 'Autoridad_2', 1040);
INSERT INTO Documentaciones VALUES (1241, 'Contrato Laboral', TO_DATE('2022-04-29', 'YYYY-MM-DD'), TO_DATE('2025-04-28', 'YYYY-MM-DD'), 'Autoridad_3', 1041);
INSERT INTO Documentaciones VALUES (1242, 'Pasaporte', TO_DATE('2021-05-23', 'YYYY-MM-DD'), TO_DATE('2024-05-22', 'YYYY-MM-DD'), 'Autoridad_1', 1042);
INSERT INTO Documentaciones VALUES (1243, 'Visa', TO_DATE('2021-12-17', 'YYYY-MM-DD'), TO_DATE('2024-12-16', 'YYYY-MM-DD'), 'Autoridad_2', 1043);
INSERT INTO Documentaciones VALUES (1244, 'Cédula', TO_DATE('2021-07-02', 'YYYY-MM-DD'), TO_DATE('2024-07-01', 'YYYY-MM-DD'), 'Autoridad_4', 1044);
INSERT INTO Documentaciones VALUES (1245, 'Cédula', TO_DATE('2020-05-11', 'YYYY-MM-DD'), TO_DATE('2023-05-11', 'YYYY-MM-DD'), 'Autoridad_4', 1045);
INSERT INTO Documentaciones VALUES (1246, 'Contrato Laboral', TO_DATE('2022-08-05', 'YYYY-MM-DD'), TO_DATE('2025-08-04', 'YYYY-MM-DD'), 'Autoridad_5', 1046);
INSERT INTO Documentaciones VALUES (1247, 'Pasaporte', TO_DATE('2020-02-12', 'YYYY-MM-DD'), TO_DATE('2023-02-11', 'YYYY-MM-DD'), 'Autoridad_5', 1047);
INSERT INTO Documentaciones VALUES (1248, 'Pasaporte', TO_DATE('2022-06-01', 'YYYY-MM-DD'), TO_DATE('2025-05-31', 'YYYY-MM-DD'), 'Autoridad_2', 1048);
INSERT INTO Documentaciones VALUES (1249, 'Cédula', TO_DATE('2021-09-18', 'YYYY-MM-DD'), TO_DATE('2024-09-17', 'YYYY-MM-DD'), 'Autoridad_1', 1049);
INSERT INTO Documentaciones VALUES (1250, 'Visa', TO_DATE('2021-03-13', 'YYYY-MM-DD'), TO_DATE('2024-03-12', 'YYYY-MM-DD'), 'Autoridad_5', 1050);
INSERT INTO Documentaciones VALUES (1251, 'Contrato Laboral', TO_DATE('2022-09-28', 'YYYY-MM-DD'), TO_DATE('2025-09-27', 'YYYY-MM-DD'), 'Autoridad_2', 1051);
INSERT INTO Documentaciones VALUES (1252, 'Pasaporte', TO_DATE('2022-11-28', 'YYYY-MM-DD'), TO_DATE('2025-11-27', 'YYYY-MM-DD'), 'Autoridad_5', 1052);
INSERT INTO Documentaciones VALUES (1253, 'Cédula', TO_DATE('2021-08-03', 'YYYY-MM-DD'), TO_DATE('2024-08-02', 'YYYY-MM-DD'), 'Autoridad_3', 1053);
INSERT INTO Documentaciones VALUES (1254, 'Pasaporte', TO_DATE('2022-11-09', 'YYYY-MM-DD'), TO_DATE('2025-11-08', 'YYYY-MM-DD'), 'Autoridad_4', 1054);
INSERT INTO Documentaciones VALUES (1255, 'Contrato Laboral', TO_DATE('2022-04-21', 'YYYY-MM-DD'), TO_DATE('2025-04-20', 'YYYY-MM-DD'), 'Autoridad_2', 1055);
INSERT INTO Documentaciones VALUES (1256, 'Pasaporte', TO_DATE('2021-02-28', 'YYYY-MM-DD'), TO_DATE('2024-02-28', 'YYYY-MM-DD'), 'Autoridad_4', 1056);
INSERT INTO Documentaciones VALUES (1257, 'Visa', TO_DATE('2020-03-23', 'YYYY-MM-DD'), TO_DATE('2023-03-23', 'YYYY-MM-DD'), 'Autoridad_5', 1057);
INSERT INTO Documentaciones VALUES (1258, 'Contrato Laboral', TO_DATE('2020-01-10', 'YYYY-MM-DD'), TO_DATE('2023-01-09', 'YYYY-MM-DD'), 'Autoridad_1', 1058);
INSERT INTO Documentaciones VALUES (1259, 'Pasaporte', TO_DATE('2022-04-07', 'YYYY-MM-DD'), TO_DATE('2025-04-06', 'YYYY-MM-DD'), 'Autoridad_4', 1059);
INSERT INTO Documentaciones VALUES (1260, 'Pasaporte', TO_DATE('2022-11-02', 'YYYY-MM-DD'), TO_DATE('2025-11-01', 'YYYY-MM-DD'), 'Autoridad_3', 1060);
INSERT INTO Documentaciones VALUES (1261, 'Contrato Laboral', TO_DATE('2022-06-30', 'YYYY-MM-DD'), TO_DATE('2025-06-29', 'YYYY-MM-DD'), 'Autoridad_5', 1061);
INSERT INTO Documentaciones VALUES (1262, 'Contrato Laboral', TO_DATE('2020-11-29', 'YYYY-MM-DD'), TO_DATE('2023-11-29', 'YYYY-MM-DD'), 'Autoridad_2', 1062);
INSERT INTO Documentaciones VALUES (1263, 'Pasaporte', TO_DATE('2022-02-13', 'YYYY-MM-DD'), TO_DATE('2025-02-12', 'YYYY-MM-DD'), 'Autoridad_4', 1063);
INSERT INTO Documentaciones VALUES (1264, 'Cédula', TO_DATE('2020-01-15', 'YYYY-MM-DD'), TO_DATE('2023-01-14', 'YYYY-MM-DD'), 'Autoridad_4', 1064);
INSERT INTO Documentaciones VALUES (1265, 'Cédula', TO_DATE('2022-11-23', 'YYYY-MM-DD'), TO_DATE('2025-11-22', 'YYYY-MM-DD'), 'Autoridad_1', 1065);
INSERT INTO Documentaciones VALUES (1266, 'Contrato Laboral', TO_DATE('2022-06-01', 'YYYY-MM-DD'), TO_DATE('2025-05-31', 'YYYY-MM-DD'), 'Autoridad_3', 1066);
INSERT INTO Documentaciones VALUES (1267, 'Contrato Laboral', TO_DATE('2020-10-14', 'YYYY-MM-DD'), TO_DATE('2023-10-14', 'YYYY-MM-DD'), 'Autoridad_1', 1067);
INSERT INTO Documentaciones VALUES (1268, 'Visa', TO_DATE('2020-11-21', 'YYYY-MM-DD'), TO_DATE('2023-11-21', 'YYYY-MM-DD'), 'Autoridad_3', 1068);
INSERT INTO Documentaciones VALUES (1269, 'Pasaporte', TO_DATE('2020-10-02', 'YYYY-MM-DD'), TO_DATE('2023-10-02', 'YYYY-MM-DD'), 'Autoridad_5', 1069);
INSERT INTO Documentaciones VALUES (1270, 'Contrato Laboral', TO_DATE('2022-10-18', 'YYYY-MM-DD'), TO_DATE('2025-10-17', 'YYYY-MM-DD'), 'Autoridad_1', 1070);
INSERT INTO Documentaciones VALUES (1271, 'Visa', TO_DATE('2021-02-07', 'YYYY-MM-DD'), TO_DATE('2024-02-07', 'YYYY-MM-DD'), 'Autoridad_4', 1071);
INSERT INTO Documentaciones VALUES (1272, 'Pasaporte', TO_DATE('2021-07-30', 'YYYY-MM-DD'), TO_DATE('2024-07-29', 'YYYY-MM-DD'), 'Autoridad_1', 1072);
INSERT INTO Documentaciones VALUES (1273, 'Cédula', TO_DATE('2022-12-20', 'YYYY-MM-DD'), TO_DATE('2025-12-19', 'YYYY-MM-DD'), 'Autoridad_1', 1073);
INSERT INTO Documentaciones VALUES (1274, 'Cédula', TO_DATE('2021-10-19', 'YYYY-MM-DD'), TO_DATE('2024-10-18', 'YYYY-MM-DD'), 'Autoridad_3', 1074);
INSERT INTO Documentaciones VALUES (1275, 'Pasaporte', TO_DATE('2020-05-06', 'YYYY-MM-DD'), TO_DATE('2023-05-06', 'YYYY-MM-DD'), 'Autoridad_2', 1075);
INSERT INTO Documentaciones VALUES (1276, 'Visa', TO_DATE('2022-08-03', 'YYYY-MM-DD'), TO_DATE('2025-08-02', 'YYYY-MM-DD'), 'Autoridad_5', 1076);
INSERT INTO Documentaciones VALUES (1277, 'Pasaporte', TO_DATE('2020-08-31', 'YYYY-MM-DD'), TO_DATE('2023-08-31', 'YYYY-MM-DD'), 'Autoridad_2', 1077);
INSERT INTO Documentaciones VALUES (1278, 'Pasaporte', TO_DATE('2022-06-24', 'YYYY-MM-DD'), TO_DATE('2025-06-23', 'YYYY-MM-DD'), 'Autoridad_1', 1078);
INSERT INTO Documentaciones VALUES (1279, 'Pasaporte', TO_DATE('2021-11-17', 'YYYY-MM-DD'), TO_DATE('2024-11-16', 'YYYY-MM-DD'), 'Autoridad_2', 1079);
INSERT INTO Documentaciones VALUES (1280, 'Pasaporte', TO_DATE('2020-02-14', 'YYYY-MM-DD'), TO_DATE('2023-02-13', 'YYYY-MM-DD'), 'Autoridad_5', 1080);
INSERT INTO Documentaciones VALUES (1281, 'Visa', TO_DATE('2021-12-31', 'YYYY-MM-DD'), TO_DATE('2024-12-30', 'YYYY-MM-DD'), 'Autoridad_5', 1081);
INSERT INTO Documentaciones VALUES (1282, 'Visa', TO_DATE('2022-07-03', 'YYYY-MM-DD'), TO_DATE('2025-07-02', 'YYYY-MM-DD'), 'Autoridad_3', 1082);
INSERT INTO Documentaciones VALUES (1283, 'Cédula', TO_DATE('2021-11-03', 'YYYY-MM-DD'), TO_DATE('2024-11-02', 'YYYY-MM-DD'), 'Autoridad_5', 1083);
INSERT INTO Documentaciones VALUES (1284, 'Visa', TO_DATE('2020-06-21', 'YYYY-MM-DD'), TO_DATE('2023-06-21', 'YYYY-MM-DD'), 'Autoridad_1', 1084);
INSERT INTO Documentaciones VALUES (1285, 'Cédula', TO_DATE('2020-02-23', 'YYYY-MM-DD'), TO_DATE('2023-02-22', 'YYYY-MM-DD'), 'Autoridad_2', 1085);
INSERT INTO Documentaciones VALUES (1286, 'Pasaporte', TO_DATE('2021-01-17', 'YYYY-MM-DD'), TO_DATE('2024-01-17', 'YYYY-MM-DD'), 'Autoridad_2', 1086);
INSERT INTO Documentaciones VALUES (1287, 'Cédula', TO_DATE('2020-04-23', 'YYYY-MM-DD'), TO_DATE('2023-04-23', 'YYYY-MM-DD'), 'Autoridad_3', 1087);
INSERT INTO Documentaciones VALUES (1288, 'Cédula', TO_DATE('2020-09-20', 'YYYY-MM-DD'), TO_DATE('2023-09-20', 'YYYY-MM-DD'), 'Autoridad_3', 1088);
INSERT INTO Documentaciones VALUES (1289, 'Pasaporte', TO_DATE('2022-11-15', 'YYYY-MM-DD'), TO_DATE('2025-11-14', 'YYYY-MM-DD'), 'Autoridad_3', 1089);
INSERT INTO Documentaciones VALUES (1290, 'Visa', TO_DATE('2020-05-25', 'YYYY-MM-DD'), TO_DATE('2023-05-25', 'YYYY-MM-DD'), 'Autoridad_1', 1090);
INSERT INTO Documentaciones VALUES (1291, 'Contrato Laboral', TO_DATE('2020-02-21', 'YYYY-MM-DD'), TO_DATE('2023-02-20', 'YYYY-MM-DD'), 'Autoridad_5', 1091);
INSERT INTO Documentaciones VALUES (1292, 'Pasaporte', TO_DATE('2020-08-26', 'YYYY-MM-DD'), TO_DATE('2023-08-26', 'YYYY-MM-DD'), 'Autoridad_3', 1092);
INSERT INTO Documentaciones VALUES (1293, 'Cédula', TO_DATE('2021-06-05', 'YYYY-MM-DD'), TO_DATE('2024-06-04', 'YYYY-MM-DD'), 'Autoridad_5', 1093);
INSERT INTO Documentaciones VALUES (1294, 'Visa', TO_DATE('2022-12-07', 'YYYY-MM-DD'), TO_DATE('2025-12-06', 'YYYY-MM-DD'), 'Autoridad_3', 1094);
INSERT INTO Documentaciones VALUES (1295, 'Pasaporte', TO_DATE('2021-06-08', 'YYYY-MM-DD'), TO_DATE('2024-06-07', 'YYYY-MM-DD'), 'Autoridad_3', 1095);
INSERT INTO Documentaciones VALUES (1296, 'Visa', TO_DATE('2021-10-10', 'YYYY-MM-DD'), TO_DATE('2024-10-09', 'YYYY-MM-DD'), 'Autoridad_5', 1096);
INSERT INTO Documentaciones VALUES (1297, 'Cédula', TO_DATE('2021-04-04', 'YYYY-MM-DD'), TO_DATE('2024-04-03', 'YYYY-MM-DD'), 'Autoridad_3', 1097);
INSERT INTO Documentaciones VALUES (1298, 'Contrato Laboral', TO_DATE('2020-10-28', 'YYYY-MM-DD'), TO_DATE('2023-10-28', 'YYYY-MM-DD'), 'Autoridad_4', 1098);
INSERT INTO Documentaciones VALUES (1299, 'Pasaporte', TO_DATE('2020-11-28', 'YYYY-MM-DD'), TO_DATE('2023-11-28', 'YYYY-MM-DD'), 'Autoridad_1', 1099);
INSERT INTO Documentaciones VALUES (1300, 'Contrato Laboral', TO_DATE('2022-11-20', 'YYYY-MM-DD'), TO_DATE('2025-11-19', 'YYYY-MM-DD'), 'Autoridad_2', 1100);
INSERT INTO Documentaciones VALUES (1301, 'Visa', TO_DATE('2022-06-09', 'YYYY-MM-DD'), TO_DATE('2025-06-08', 'YYYY-MM-DD'), 'Autoridad_4', 1101);
INSERT INTO Documentaciones VALUES (1302, 'Pasaporte', TO_DATE('2022-04-04', 'YYYY-MM-DD'), TO_DATE('2025-04-03', 'YYYY-MM-DD'), 'Autoridad_1', 1102);
INSERT INTO Documentaciones VALUES (1303, 'Cédula', TO_DATE('2020-08-15', 'YYYY-MM-DD'), TO_DATE('2023-08-15', 'YYYY-MM-DD'), 'Autoridad_3', 1103);
INSERT INTO Documentaciones VALUES (1304, 'Pasaporte', TO_DATE('2022-01-03', 'YYYY-MM-DD'), TO_DATE('2025-01-02', 'YYYY-MM-DD'), 'Autoridad_3', 1104);
INSERT INTO Documentaciones VALUES (1305, 'Contrato Laboral', TO_DATE('2022-06-13', 'YYYY-MM-DD'), TO_DATE('2025-06-12', 'YYYY-MM-DD'), 'Autoridad_2', 1105);
INSERT INTO Documentaciones VALUES (1306, 'Cédula', TO_DATE('2020-03-28', 'YYYY-MM-DD'), TO_DATE('2023-03-28', 'YYYY-MM-DD'), 'Autoridad_5', 1106);
INSERT INTO Documentaciones VALUES (1307, 'Visa', TO_DATE('2020-04-30', 'YYYY-MM-DD'), TO_DATE('2023-04-30', 'YYYY-MM-DD'), 'Autoridad_2', 1107);
INSERT INTO Documentaciones VALUES (1308, 'Cédula', TO_DATE('2022-01-07', 'YYYY-MM-DD'), TO_DATE('2025-01-06', 'YYYY-MM-DD'), 'Autoridad_1', 1108);
INSERT INTO Documentaciones VALUES (1309, 'Cédula', TO_DATE('2020-09-07', 'YYYY-MM-DD'), TO_DATE('2023-09-07', 'YYYY-MM-DD'), 'Autoridad_3', 1109);
INSERT INTO Documentaciones VALUES (1310, 'Cédula', TO_DATE('2021-12-22', 'YYYY-MM-DD'), TO_DATE('2024-12-21', 'YYYY-MM-DD'), 'Autoridad_5', 1110);
INSERT INTO Documentaciones VALUES (1311, 'Cédula', TO_DATE('2021-11-07', 'YYYY-MM-DD'), TO_DATE('2024-11-06', 'YYYY-MM-DD'), 'Autoridad_1', 1111);
INSERT INTO Documentaciones VALUES (1312, 'Contrato Laboral', TO_DATE('2021-10-30', 'YYYY-MM-DD'), TO_DATE('2024-10-29', 'YYYY-MM-DD'), 'Autoridad_3', 1112);
INSERT INTO Documentaciones VALUES (1313, 'Visa', TO_DATE('2021-10-25', 'YYYY-MM-DD'), TO_DATE('2024-10-24', 'YYYY-MM-DD'), 'Autoridad_3', 1113);
INSERT INTO Documentaciones VALUES (1314, 'Contrato Laboral', TO_DATE('2022-03-19', 'YYYY-MM-DD'), TO_DATE('2025-03-18', 'YYYY-MM-DD'), 'Autoridad_1', 1114);
INSERT INTO Documentaciones VALUES (1315, 'Cédula', TO_DATE('2022-10-05', 'YYYY-MM-DD'), TO_DATE('2025-10-04', 'YYYY-MM-DD'), 'Autoridad_3', 1115);
INSERT INTO Documentaciones VALUES (1316, 'Visa', TO_DATE('2020-10-30', 'YYYY-MM-DD'), TO_DATE('2023-10-30', 'YYYY-MM-DD'), 'Autoridad_1', 1116);
INSERT INTO Documentaciones VALUES (1317, 'Contrato Laboral', TO_DATE('2020-12-18', 'YYYY-MM-DD'), TO_DATE('2023-12-18', 'YYYY-MM-DD'), 'Autoridad_2', 1117);
INSERT INTO Documentaciones VALUES (1318, 'Contrato Laboral', TO_DATE('2020-11-10', 'YYYY-MM-DD'), TO_DATE('2023-11-10', 'YYYY-MM-DD'), 'Autoridad_2', 1118);
INSERT INTO Documentaciones VALUES (1319, 'Pasaporte', TO_DATE('2020-01-10', 'YYYY-MM-DD'), TO_DATE('2023-01-09', 'YYYY-MM-DD'), 'Autoridad_2', 1119);
INSERT INTO Documentaciones VALUES (1320, 'Cédula', TO_DATE('2022-11-01', 'YYYY-MM-DD'), TO_DATE('2025-10-31', 'YYYY-MM-DD'), 'Autoridad_1', 1120);
INSERT INTO Documentaciones VALUES (1321, 'Visa', TO_DATE('2020-10-16', 'YYYY-MM-DD'), TO_DATE('2023-10-16', 'YYYY-MM-DD'), 'Autoridad_5', 1121);
INSERT INTO Documentaciones VALUES (1322, 'Pasaporte', TO_DATE('2021-04-09', 'YYYY-MM-DD'), TO_DATE('2024-04-08', 'YYYY-MM-DD'), 'Autoridad_1', 1122);
INSERT INTO Documentaciones VALUES (1323, 'Contrato Laboral', TO_DATE('2020-02-19', 'YYYY-MM-DD'), TO_DATE('2023-02-18', 'YYYY-MM-DD'), 'Autoridad_3', 1123);
INSERT INTO Documentaciones VALUES (1324, 'Pasaporte', TO_DATE('2020-03-18', 'YYYY-MM-DD'), TO_DATE('2023-03-18', 'YYYY-MM-DD'), 'Autoridad_3', 1124);
INSERT INTO Documentaciones VALUES (1325, 'Visa', TO_DATE('2021-05-31', 'YYYY-MM-DD'), TO_DATE('2024-05-30', 'YYYY-MM-DD'), 'Autoridad_3', 1125);
INSERT INTO Documentaciones VALUES (1326, 'Contrato Laboral', TO_DATE('2020-12-04', 'YYYY-MM-DD'), TO_DATE('2023-12-04', 'YYYY-MM-DD'), 'Autoridad_1', 1126);
INSERT INTO Documentaciones VALUES (1327, 'Contrato Laboral', TO_DATE('2021-12-31', 'YYYY-MM-DD'), TO_DATE('2024-12-30', 'YYYY-MM-DD'), 'Autoridad_2', 1127);
INSERT INTO Documentaciones VALUES (1328, 'Pasaporte', TO_DATE('2020-08-13', 'YYYY-MM-DD'), TO_DATE('2023-08-13', 'YYYY-MM-DD'), 'Autoridad_1', 1128);
INSERT INTO Documentaciones VALUES (1329, 'Contrato Laboral', TO_DATE('2022-08-06', 'YYYY-MM-DD'), TO_DATE('2025-08-05', 'YYYY-MM-DD'), 'Autoridad_5', 1129);
INSERT INTO Documentaciones VALUES (1330, 'Visa', TO_DATE('2020-10-08', 'YYYY-MM-DD'), TO_DATE('2023-10-08', 'YYYY-MM-DD'), 'Autoridad_4', 1130);
INSERT INTO Documentaciones VALUES (1331, 'Pasaporte', TO_DATE('2021-07-01', 'YYYY-MM-DD'), TO_DATE('2024-06-30', 'YYYY-MM-DD'), 'Autoridad_5', 1131);
INSERT INTO Documentaciones VALUES (1332, 'Pasaporte', TO_DATE('2021-11-29', 'YYYY-MM-DD'), TO_DATE('2024-11-28', 'YYYY-MM-DD'), 'Autoridad_5', 1132);
INSERT INTO Documentaciones VALUES (1333, 'Cédula', TO_DATE('2022-06-16', 'YYYY-MM-DD'), TO_DATE('2025-06-15', 'YYYY-MM-DD'), 'Autoridad_2', 1133);
INSERT INTO Documentaciones VALUES (1334, 'Contrato Laboral', TO_DATE('2020-01-23', 'YYYY-MM-DD'), TO_DATE('2023-01-22', 'YYYY-MM-DD'), 'Autoridad_2', 1134);
INSERT INTO Documentaciones VALUES (1335, 'Cédula', TO_DATE('2021-04-27', 'YYYY-MM-DD'), TO_DATE('2024-04-26', 'YYYY-MM-DD'), 'Autoridad_5', 1135);
INSERT INTO Documentaciones VALUES (1336, 'Contrato Laboral', TO_DATE('2022-12-11', 'YYYY-MM-DD'), TO_DATE('2025-12-10', 'YYYY-MM-DD'), 'Autoridad_5', 1136);
INSERT INTO Documentaciones VALUES (1337, 'Contrato Laboral', TO_DATE('2021-05-08', 'YYYY-MM-DD'), TO_DATE('2024-05-07', 'YYYY-MM-DD'), 'Autoridad_2', 1137);
INSERT INTO Documentaciones VALUES (1338, 'Cédula', TO_DATE('2022-12-29', 'YYYY-MM-DD'), TO_DATE('2025-12-28', 'YYYY-MM-DD'), 'Autoridad_3', 1138);
INSERT INTO Documentaciones VALUES (1339, 'Contrato Laboral', TO_DATE('2021-06-04', 'YYYY-MM-DD'), TO_DATE('2024-06-03', 'YYYY-MM-DD'), 'Autoridad_2', 1139);
INSERT INTO Documentaciones VALUES (1340, 'Visa', TO_DATE('2020-10-25', 'YYYY-MM-DD'), TO_DATE('2023-10-25', 'YYYY-MM-DD'), 'Autoridad_1', 1140);
INSERT INTO Documentaciones VALUES (1341, 'Cédula', TO_DATE('2020-09-26', 'YYYY-MM-DD'), TO_DATE('2023-09-26', 'YYYY-MM-DD'), 'Autoridad_3', 1141);
INSERT INTO Documentaciones VALUES (1342, 'Pasaporte', TO_DATE('2020-01-02', 'YYYY-MM-DD'), TO_DATE('2023-01-01', 'YYYY-MM-DD'), 'Autoridad_2', 1142);
INSERT INTO Documentaciones VALUES (1343, 'Cédula', TO_DATE('2020-12-09', 'YYYY-MM-DD'), TO_DATE('2023-12-09', 'YYYY-MM-DD'), 'Autoridad_1', 1143);
INSERT INTO Documentaciones VALUES (1344, 'Visa', TO_DATE('2020-12-19', 'YYYY-MM-DD'), TO_DATE('2023-12-19', 'YYYY-MM-DD'), 'Autoridad_1', 1144);
INSERT INTO Documentaciones VALUES (1345, 'Visa', TO_DATE('2021-03-15', 'YYYY-MM-DD'), TO_DATE('2024-03-14', 'YYYY-MM-DD'), 'Autoridad_5', 1145);
INSERT INTO Documentaciones VALUES (1346, 'Pasaporte', TO_DATE('2021-06-13', 'YYYY-MM-DD'), TO_DATE('2024-06-12', 'YYYY-MM-DD'), 'Autoridad_5', 1146);
INSERT INTO Documentaciones VALUES (1347, 'Contrato Laboral', TO_DATE('2020-10-14', 'YYYY-MM-DD'), TO_DATE('2023-10-14', 'YYYY-MM-DD'), 'Autoridad_1', 1147);
INSERT INTO Documentaciones VALUES (1348, 'Visa', TO_DATE('2020-02-15', 'YYYY-MM-DD'), TO_DATE('2023-02-14', 'YYYY-MM-DD'), 'Autoridad_5', 1148);
INSERT INTO Documentaciones VALUES (1349, 'Visa', TO_DATE('2020-08-30', 'YYYY-MM-DD'), TO_DATE('2023-08-30', 'YYYY-MM-DD'), 'Autoridad_2', 1149);
INSERT INTO Documentaciones VALUES (1350, 'Visa', TO_DATE('2021-09-24', 'YYYY-MM-DD'), TO_DATE('2024-09-23', 'YYYY-MM-DD'), 'Autoridad_4', 1150);
INSERT INTO Documentaciones VALUES (1351, 'Visa', TO_DATE('2020-11-14', 'YYYY-MM-DD'), TO_DATE('2023-11-14', 'YYYY-MM-DD'), 'Autoridad_5', 1151);
INSERT INTO Documentaciones VALUES (1352, 'Pasaporte', TO_DATE('2021-10-03', 'YYYY-MM-DD'), TO_DATE('2024-10-02', 'YYYY-MM-DD'), 'Autoridad_5', 1152);
INSERT INTO Documentaciones VALUES (1353, 'Cédula', TO_DATE('2022-05-28', 'YYYY-MM-DD'), TO_DATE('2025-05-27', 'YYYY-MM-DD'), 'Autoridad_4', 1153);
INSERT INTO Documentaciones VALUES (1354, 'Cédula', TO_DATE('2020-06-27', 'YYYY-MM-DD'), TO_DATE('2023-06-27', 'YYYY-MM-DD'), 'Autoridad_1', 1154);
INSERT INTO Documentaciones VALUES (1355, 'Contrato Laboral', TO_DATE('2022-09-17', 'YYYY-MM-DD'), TO_DATE('2025-09-16', 'YYYY-MM-DD'), 'Autoridad_4', 1155);
INSERT INTO Documentaciones VALUES (1356, 'Cédula', TO_DATE('2021-07-04', 'YYYY-MM-DD'), TO_DATE('2024-07-03', 'YYYY-MM-DD'), 'Autoridad_2', 1156);
INSERT INTO Documentaciones VALUES (1357, 'Pasaporte', TO_DATE('2021-03-17', 'YYYY-MM-DD'), TO_DATE('2024-03-16', 'YYYY-MM-DD'), 'Autoridad_1', 1157);
INSERT INTO Documentaciones VALUES (1358, 'Cédula', TO_DATE('2020-07-24', 'YYYY-MM-DD'), TO_DATE('2023-07-24', 'YYYY-MM-DD'), 'Autoridad_1', 1158);
INSERT INTO Documentaciones VALUES (1359, 'Visa', TO_DATE('2021-01-26', 'YYYY-MM-DD'), TO_DATE('2024-01-26', 'YYYY-MM-DD'), 'Autoridad_4', 1159);
INSERT INTO Documentaciones VALUES (1360, 'Pasaporte', TO_DATE('2021-11-17', 'YYYY-MM-DD'), TO_DATE('2024-11-16', 'YYYY-MM-DD'), 'Autoridad_2', 1160);
INSERT INTO Documentaciones VALUES (1361, 'Contrato Laboral', TO_DATE('2021-07-16', 'YYYY-MM-DD'), TO_DATE('2024-07-15', 'YYYY-MM-DD'), 'Autoridad_5', 1161);
INSERT INTO Documentaciones VALUES (1362, 'Pasaporte', TO_DATE('2022-09-23', 'YYYY-MM-DD'), TO_DATE('2025-09-22', 'YYYY-MM-DD'), 'Autoridad_3', 1162);
INSERT INTO Documentaciones VALUES (1363, 'Cédula', TO_DATE('2021-01-06', 'YYYY-MM-DD'), TO_DATE('2024-01-06', 'YYYY-MM-DD'), 'Autoridad_3', 1163);
INSERT INTO Documentaciones VALUES (1364, 'Pasaporte', TO_DATE('2021-10-05', 'YYYY-MM-DD'), TO_DATE('2024-10-04', 'YYYY-MM-DD'), 'Autoridad_4', 1164);
INSERT INTO Documentaciones VALUES (1365, 'Contrato Laboral', TO_DATE('2022-04-18', 'YYYY-MM-DD'), TO_DATE('2025-04-17', 'YYYY-MM-DD'), 'Autoridad_2', 1165);
INSERT INTO Documentaciones VALUES (1366, 'Visa', TO_DATE('2021-07-22', 'YYYY-MM-DD'), TO_DATE('2024-07-21', 'YYYY-MM-DD'), 'Autoridad_5', 1166);
INSERT INTO Documentaciones VALUES (1367, 'Pasaporte', TO_DATE('2021-09-15', 'YYYY-MM-DD'), TO_DATE('2024-09-14', 'YYYY-MM-DD'), 'Autoridad_2', 1167);
INSERT INTO Documentaciones VALUES (1368, 'Contrato Laboral', TO_DATE('2020-11-14', 'YYYY-MM-DD'), TO_DATE('2023-11-14', 'YYYY-MM-DD'), 'Autoridad_4', 1168);
INSERT INTO Documentaciones VALUES (1369, 'Visa', TO_DATE('2022-12-04', 'YYYY-MM-DD'), TO_DATE('2025-12-03', 'YYYY-MM-DD'), 'Autoridad_4', 1169);
INSERT INTO Documentaciones VALUES (1370, 'Cédula', TO_DATE('2020-04-25', 'YYYY-MM-DD'), TO_DATE('2023-04-25', 'YYYY-MM-DD'), 'Autoridad_3', 1170);
INSERT INTO Documentaciones VALUES (1371, 'Contrato Laboral', TO_DATE('2022-03-04', 'YYYY-MM-DD'), TO_DATE('2025-03-03', 'YYYY-MM-DD'), 'Autoridad_4', 1171);
INSERT INTO Documentaciones VALUES (1372, 'Visa', TO_DATE('2021-10-27', 'YYYY-MM-DD'), TO_DATE('2024-10-26', 'YYYY-MM-DD'), 'Autoridad_4', 1172);
INSERT INTO Documentaciones VALUES (1373, 'Pasaporte', TO_DATE('2021-10-29', 'YYYY-MM-DD'), TO_DATE('2024-10-28', 'YYYY-MM-DD'), 'Autoridad_2', 1173);
INSERT INTO Documentaciones VALUES (1374, 'Visa', TO_DATE('2020-08-27', 'YYYY-MM-DD'), TO_DATE('2023-08-27', 'YYYY-MM-DD'), 'Autoridad_3', 1174);
INSERT INTO Documentaciones VALUES (1375, 'Visa', TO_DATE('2022-08-28', 'YYYY-MM-DD'), TO_DATE('2025-08-27', 'YYYY-MM-DD'), 'Autoridad_3', 1175);
INSERT INTO Documentaciones VALUES (1376, 'Pasaporte', TO_DATE('2022-04-14', 'YYYY-MM-DD'), TO_DATE('2025-04-13', 'YYYY-MM-DD'), 'Autoridad_1', 1176);
INSERT INTO Documentaciones VALUES (1377, 'Visa', TO_DATE('2020-09-10', 'YYYY-MM-DD'), TO_DATE('2023-09-10', 'YYYY-MM-DD'), 'Autoridad_3', 1177);
INSERT INTO Documentaciones VALUES (1378, 'Pasaporte', TO_DATE('2022-10-28', 'YYYY-MM-DD'), TO_DATE('2025-10-27', 'YYYY-MM-DD'), 'Autoridad_3', 1178);
INSERT INTO Documentaciones VALUES (1379, 'Pasaporte', TO_DATE('2022-10-17', 'YYYY-MM-DD'), TO_DATE('2025-10-16', 'YYYY-MM-DD'), 'Autoridad_3', 1179);
INSERT INTO Documentaciones VALUES (1380, 'Contrato Laboral', TO_DATE('2021-05-16', 'YYYY-MM-DD'), TO_DATE('2024-05-15', 'YYYY-MM-DD'), 'Autoridad_2', 1180);
INSERT INTO Documentaciones VALUES (1381, 'Visa', TO_DATE('2020-12-21', 'YYYY-MM-DD'), TO_DATE('2023-12-21', 'YYYY-MM-DD'), 'Autoridad_4', 1181);
INSERT INTO Documentaciones VALUES (1382, 'Visa', TO_DATE('2020-10-01', 'YYYY-MM-DD'), TO_DATE('2023-10-01', 'YYYY-MM-DD'), 'Autoridad_4', 1182);
INSERT INTO Documentaciones VALUES (1383, 'Contrato Laboral', TO_DATE('2022-11-16', 'YYYY-MM-DD'), TO_DATE('2025-11-15', 'YYYY-MM-DD'), 'Autoridad_1', 1183);
INSERT INTO Documentaciones VALUES (1384, 'Visa', TO_DATE('2021-11-02', 'YYYY-MM-DD'), TO_DATE('2024-11-01', 'YYYY-MM-DD'), 'Autoridad_1', 1184);
INSERT INTO Documentaciones VALUES (1385, 'Pasaporte', TO_DATE('2022-06-12', 'YYYY-MM-DD'), TO_DATE('2025-06-11', 'YYYY-MM-DD'), 'Autoridad_2', 1185);
INSERT INTO Documentaciones VALUES (1386, 'Cédula', TO_DATE('2020-06-29', 'YYYY-MM-DD'), TO_DATE('2023-06-29', 'YYYY-MM-DD'), 'Autoridad_5', 1186);
INSERT INTO Documentaciones VALUES (1387, 'Visa', TO_DATE('2022-04-30', 'YYYY-MM-DD'), TO_DATE('2025-04-29', 'YYYY-MM-DD'), 'Autoridad_1', 1187);
INSERT INTO Documentaciones VALUES (1388, 'Pasaporte', TO_DATE('2022-04-03', 'YYYY-MM-DD'), TO_DATE('2025-04-02', 'YYYY-MM-DD'), 'Autoridad_4', 1188);
INSERT INTO Documentaciones VALUES (1389, 'Contrato Laboral', TO_DATE('2020-02-20', 'YYYY-MM-DD'), TO_DATE('2023-02-19', 'YYYY-MM-DD'), 'Autoridad_3', 1189);
INSERT INTO Documentaciones VALUES (1390, 'Visa', TO_DATE('2022-09-28', 'YYYY-MM-DD'), TO_DATE('2025-09-27', 'YYYY-MM-DD'), 'Autoridad_5', 1190);
INSERT INTO Documentaciones VALUES (1391, 'Visa', TO_DATE('2022-06-20', 'YYYY-MM-DD'), TO_DATE('2025-06-19', 'YYYY-MM-DD'), 'Autoridad_5', 1191);
INSERT INTO Documentaciones VALUES (1392, 'Visa', TO_DATE('2022-07-19', 'YYYY-MM-DD'), TO_DATE('2025-07-18', 'YYYY-MM-DD'), 'Autoridad_3', 1192);
INSERT INTO Documentaciones VALUES (1393, 'Visa', TO_DATE('2020-02-05', 'YYYY-MM-DD'), TO_DATE('2023-02-04', 'YYYY-MM-DD'), 'Autoridad_1', 1193);
INSERT INTO Documentaciones VALUES (1394, 'Visa', TO_DATE('2022-07-13', 'YYYY-MM-DD'), TO_DATE('2025-07-12', 'YYYY-MM-DD'), 'Autoridad_1', 1194);
INSERT INTO Documentaciones VALUES (1395, 'Visa', TO_DATE('2020-12-31', 'YYYY-MM-DD'), TO_DATE('2023-12-31', 'YYYY-MM-DD'), 'Autoridad_2', 1195);
INSERT INTO Documentaciones VALUES (1396, 'Cédula', TO_DATE('2022-08-18', 'YYYY-MM-DD'), TO_DATE('2025-08-17', 'YYYY-MM-DD'), 'Autoridad_4', 1196);
INSERT INTO Documentaciones VALUES (1397, 'Contrato Laboral', TO_DATE('2020-12-23', 'YYYY-MM-DD'), TO_DATE('2023-12-23', 'YYYY-MM-DD'), 'Autoridad_4', 1197);
INSERT INTO Documentaciones VALUES (1398, 'Pasaporte', TO_DATE('2022-12-25', 'YYYY-MM-DD'), TO_DATE('2025-12-24', 'YYYY-MM-DD'), 'Autoridad_4', 1198);
INSERT INTO Documentaciones VALUES (1399, 'Contrato Laboral', TO_DATE('2020-12-20', 'YYYY-MM-DD'), TO_DATE('2023-12-20', 'YYYY-MM-DD'), 'Autoridad_4', 1199);

COMMIT;

--Gerentes
INSERT INTO Gerentes VALUES (901000000, 'Roberto Gomez', 1021930123, 10, 'Millonarios');
INSERT INTO Gerentes VALUES (2000020001, 'Roberto Castro', 3316534717, 5, 'Atletico Nacional');
INSERT INTO Gerentes VALUES (2000020002, 'Pedro Jiménez', 3294804610, 24, 'Deportivo Cali');
INSERT INTO Gerentes VALUES (2000020003, 'Carlos Castro', 3586517846, 19, 'America de Cali');
INSERT INTO Gerentes VALUES (2000020004, 'Carlos Sánchez', 3252261052, 24, 'Junior');
INSERT INTO Gerentes VALUES (2000020005, 'Santiago Castro', 3410903010, 6, 'Santa Fe');
INSERT INTO Gerentes VALUES (2000020006, 'Pedro Ortiz', 3207734857, 26, 'Once Caldas');
INSERT INTO Gerentes VALUES (2000020007, 'Santiago Rojas', 3788643515, 22, 'Ind Medellin');
INSERT INTO Gerentes VALUES (2000020008, 'Ricardo González', 3008730107, 13, 'Tolima');
INSERT INTO Gerentes VALUES (2000020009, 'Juan Rivera', 3127770669, 16, 'La Equidad');
INSERT INTO Gerentes VALUES (2000020010, 'Manuel Morales', 3915963269, 24, 'Pereira');
INSERT INTO Gerentes VALUES (2000020011, 'Luis Torres', 3651708773, 10, 'Bucaramanga');
INSERT INTO Gerentes VALUES (2000020012, 'José Rodríguez', 3928087197, 5, 'Pasto');
INSERT INTO Gerentes VALUES (2000020013, 'Diego Rojas', 3742802087, 10, 'Envigado');
INSERT INTO Gerentes VALUES (2000020014, 'Jorge García', 3858975801, 6, 'Union magdalena');
INSERT INTO Gerentes VALUES (2000020015, 'Marcos Sánchez', 3209626837, 5, 'Chico');
INSERT INTO Gerentes VALUES (2000020016, 'Pedro Suárez', 3882090519, 10, 'Alianza FC');
INSERT INTO Gerentes VALUES (2000020017, 'Alejandro Castillo', 3784105749, 27, 'Fortaleza');
INSERT INTO Gerentes VALUES (2000020018, 'Andrés Pérez', 3656211726, 26, 'Llaneros');
INSERT INTO Gerentes VALUES (2000020019, 'Santiago Pérez', 3559276559, 19, 'Aguilas Doradas');
INSERT INTO Gerentes VALUES (2000040001, 'Andres Llinás', 3316534712, 5, 'Atletico Nacional');
INSERT INTO Gerentes VALUES (2000040002, 'Carlos Torres', 3001122334, 8, 'Millonarios');
INSERT INTO Gerentes VALUES (2000040003, 'Laura Gómez', 3109876543, 6, 'America de Cali');
INSERT INTO Gerentes VALUES (2000040004, 'Pedro Ramírez', 3123456789, 4, 'Deportivo Cali');
INSERT INTO Gerentes VALUES (2000040005, 'Mariana Salazar', 3009988776, 10, 'Junior');
INSERT INTO Gerentes VALUES (2000040006, 'Felipe Ríos', 3154567890, 7, 'Santa Fe');
INSERT INTO Gerentes VALUES (2000040007, 'Natalia Herrera', 3132233445, 5, 'Once Caldas');
INSERT INTO Gerentes VALUES (2000040008, 'Jorge Pérez', 3117788990, 3, 'Tolima');
INSERT INTO Gerentes VALUES (2000040009, 'Valentina Cruz', 3141122334, 6, 'La Equidad');
INSERT INTO Gerentes VALUES (2000040010, 'Santiago Vargas', 3162233445, 9, 'Bucaramanga');
INSERT INTO Gerentes VALUES (2000040011, 'Andrea Martínez', 3198877665, 4, 'Alianza FC');
INSERT INTO Gerentes VALUES (2000040012, 'Oscar Castaño', 3103344556, 2, 'Aguilas Doradas');
INSERT INTO Gerentes VALUES (2000040013, 'Camila Franco', 3129988775, 7, 'Envigado');
INSERT INTO Gerentes VALUES (2000040014, 'Héctor Morales', 3185566778, 6, 'Pereira');
INSERT INTO Gerentes VALUES (2000040015, 'Daniela Rincón', 3114455667, 8, 'Chico');
INSERT INTO Gerentes VALUES (2000040016, 'Juan Castillo', 3172233441, 3, 'Llaneros');
INSERT INTO Gerentes VALUES (2000040017, 'Paula Medina', 3195566778, 5, 'Fortaleza');
INSERT INTO Gerentes VALUES (2000040018, 'Sebastián León', 3166677889, 6, 'Union magdalena');
INSERT INTO Gerentes VALUES (2000040019, 'Carolina Mejía', 3139998887, 4, 'Ind Medellin');
INSERT INTO Gerentes VALUES (2000040020, 'Andrés Gómez', 3101234567, 2, 'Pasto');

COMMIT;

--Correos por gerente
INSERT INTO CorreosPorGerentes VALUES (901000000, 'roberto.gomez@millonarios.com');
INSERT INTO CorreosPorGerentes VALUES (2000020001, 'roberto.castro@empresa.com');
INSERT INTO CorreosPorGerentes VALUES (2000020002, 'pedro.jiménez@empresa.com');
INSERT INTO CorreosPorGerentes VALUES (2000020003, 'carlos.castro@empresa.com');
INSERT INTO CorreosPorGerentes VALUES (2000020004, 'carlos.sánchez@empresa.com');
INSERT INTO CorreosPorGerentes VALUES (2000020005, 'santiago.castro@empresa.com');
INSERT INTO CorreosPorGerentes VALUES (2000020006, 'pedro.ortiz@empresa.com');
INSERT INTO CorreosPorGerentes VALUES (2000020007, 'santiago.rojas@empresa.com');
INSERT INTO CorreosPorGerentes VALUES (2000020008, 'ricardo.gonzález@empresa.com');
INSERT INTO CorreosPorGerentes VALUES (2000020009, 'juan.rivera@empresa.com');
INSERT INTO CorreosPorGerentes VALUES (2000020010, 'manuel.morales@empresa.com');
INSERT INTO CorreosPorGerentes VALUES (2000020011, 'luis.torres@empresa.com');
INSERT INTO CorreosPorGerentes VALUES (2000020012, 'josé.rodríguez@empresa.com');
INSERT INTO CorreosPorGerentes VALUES (2000020013, 'diego.rojas@empresa.com');
INSERT INTO CorreosPorGerentes VALUES (2000020014, 'jorge.garcía@empresa.com');
INSERT INTO CorreosPorGerentes VALUES (2000020015, 'marcos.sánchez@empresa.com');
INSERT INTO CorreosPorGerentes VALUES (2000020016, 'pedro.suárez@empresa.com');
INSERT INTO CorreosPorGerentes VALUES (2000020017, 'alejandro.castillo@empresa.com');
INSERT INTO CorreosPorGerentes VALUES (2000020018, 'andrés.pérez@empresa.com');
INSERT INTO CorreosPorGerentes VALUES (2000020019, 'santiago.pérez@empresa.com');

COMMIT;

--Financieros
INSERT INTO Financieros VALUES (901000000, 10);
INSERT INTO Financieros VALUES (2000020001, 13);
INSERT INTO Financieros VALUES (2000020002, 5);
INSERT INTO Financieros VALUES (2000020003, 15);
INSERT INTO Financieros VALUES (2000020004, 17);
INSERT INTO Financieros VALUES (2000020005, 5);
INSERT INTO Financieros VALUES (2000020006, 1);
INSERT INTO Financieros VALUES (2000020007, 16);
INSERT INTO Financieros VALUES (2000020008, 10);
INSERT INTO Financieros VALUES (2000020009, 19);
INSERT INTO Financieros VALUES (2000020010, 8);
INSERT INTO Financieros VALUES (2000020011, 3);
INSERT INTO Financieros VALUES (2000020012, 14);
INSERT INTO Financieros VALUES (2000020013, 19);
INSERT INTO Financieros VALUES (2000020014, 13);
INSERT INTO Financieros VALUES (2000020015, 12);
INSERT INTO Financieros VALUES (2000020016, 18);
INSERT INTO Financieros VALUES (2000020017, 20);
INSERT INTO Financieros VALUES (2000020018, 20);
INSERT INTO Financieros VALUES (2000020019, 12);

COMMIT;

-- Deportivos
INSERT INTO Deportivos VALUES (2000040020, 45, 'Equilibrado');
INSERT INTO Deportivos VALUES (2000040001, 69, 'Ofensivo');
INSERT INTO Deportivos VALUES (2000040002, 16, 'Ofensivo');
INSERT INTO Deportivos VALUES (2000040003, 21, 'Equilibrado');
INSERT INTO Deportivos VALUES (2000040004, 86, 'Equilibrado');
INSERT INTO Deportivos VALUES (2000040005, 3, 'Ofensivo');
INSERT INTO Deportivos VALUES (2000040006, 22, 'Equilibrado');
INSERT INTO Deportivos VALUES (2000040007, 54, 'Ofensivo');
INSERT INTO Deportivos VALUES (2000040008, 92, 'Equilibrado');
INSERT INTO Deportivos VALUES (2000040009, 74, 'Defensivo');
INSERT INTO Deportivos VALUES (2000040010, 17, 'Equilibrado');
INSERT INTO Deportivos VALUES (2000040011, 13, 'Ofensivo');
INSERT INTO Deportivos VALUES (2000040012, 21, 'Defensivo');
INSERT INTO Deportivos VALUES (2000040013, 3, 'Equilibrado');
INSERT INTO Deportivos VALUES (2000040014, 36, 'Defensivo');
INSERT INTO Deportivos VALUES (2000040015, 26, 'Defensivo');
INSERT INTO Deportivos VALUES (2000040016, 25, 'Equilibrado');
INSERT INTO Deportivos VALUES (2000040017, 3, 'Defensivo');
INSERT INTO Deportivos VALUES (2000040018, 65, 'Equilibrado');
INSERT INTO Deportivos VALUES (2000040019, 37, 'Equilibrado');

COMMIT;